order_id,order_date,region,city,product_name,category,quantity,unit_price,total_revenue,customer_id,sales_channel
UK-2026-102262,2026-04-07,North,Gurugram,Bluetooth Speaker Mini,Electronics,2,1490,2980,CUST-44169,Website
UK-2026-104284,2026-06-03,South,Kochi,Gym Gloves,Sports,4,482,1928,CUST-48680,Marketplace
UK-2026-102000,2026-03-09,South,Kochi,Denim Jacket,Fashion,1,2271,2271,CUST-20352,App
UK-2026-101564,2026-03-21,South,Bengaluru,Ultrabook Air 14,Electronics,1,30092,30092,CUST-14430,App
UK-2026-102928,2026-04-17,Central,Indore,Wireless Earbuds Pro,Electronics,1,3037,3037,CUST-87995,Website
UK-2026-104441,2026-06-28,North,Chandigarh,Bluetooth Speaker Mini,Electronics,1,1460,1460,CUST-34985,Marketplace
UK-2026-100424,2026-01-25,South,Kochi,Running Sneakers,Fashion,1,2835,2835,CUST-80020,App
UK-2026-104897,2026-06-21,North,Delhi,Formal Shirt,Fashion,2,1103,2206,CUST-14663,App
UK-2026-103623,2026-05-20,South,Hyderabad,Cricket Bat English Willow,Sports,1,8846,8846,CUST-93354,Marketplace
UK-2026-104303,2026-06-24,East,Bhubaneswar,Cotton Bedsheet Set,Home & Kitchen,3,1422,4266,CUST-54687,App
UK-2026-100799,2026-02-16,South,Kochi,Makeup Brush Set,Beauty,3,1355,4065,CUST-28003,Website
UK-2026-104266,2026-06-07,Central,Nagpur,Mirrorless Camera Lite,Electronics,1,28982,28982,CUST-89198,App
UK-2026-103481,2026-05-29,South,Kochi,Denim Jacket,Fashion,1,2155,2155,CUST-27471,App
UK-2026-101574,2026-03-26,Central,Bhopal,Badminton Racket Set,Sports,1,2523,2523,CUST-43991,App
UK-2026-100268,2026-01-27,South,Hyderabad,Bluetooth Speaker Mini,Electronics,2,1467,2934,CUST-64377,App
UK-2026-101493,2026-03-16,North,Delhi,Smart Watch X2,Electronics,2,4475,8950,CUST-68954,Marketplace
UK-2026-102493,2026-04-06,East,Bhubaneswar,Mirrorless Camera Lite,Electronics,2,27832,55664,CUST-34592,Website
UK-2026-100271,2026-01-28,South,Kochi,Gym Gloves,Sports,1,475,475,CUST-46229,App
UK-2026-103925,2026-05-02,Central,Bhopal,Robot Vacuum R7,Home & Kitchen,3,19648,58944,CUST-94298,App
UK-2026-104374,2026-06-22,East,Patna,Robot Vacuum R7,Home & Kitchen,3,19929,59787,CUST-15485,Marketplace
UK-2026-104747,2026-06-13,West,Mumbai,Noise-Cancelling Headphones,Electronics,1,8604,8604,CUST-40128,App
UK-2026-104323,2026-06-21,East,Kolkata,Slim Fit Jeans   ,Fashion,1,1619,1619,CUST-48709,App
UK-2026-104783,2026-06-02,East,Patna,Beard Grooming Kit,Beauty,1,1039,1039,CUST-95592,App
UK-2026-103807,2026-05-22,North,Chandigarh,Noise-Cancelling Headphones,Electronics,1,8655,8655,CUST-29874,Website
UK-2026-100064,2026-01-02,West,Pune,Noise-Cancelling Headphones,Electronics,1,8964,8964,CUST-51120,Marketplace
UK-2026-104333,2026-06-19,North,Gurugram,Vitamin C Serum,Beauty,1,674,674,CUST-85914,App
UK-2026-101127,2026-02-19,Central,Nagpur,Face Wash Combo,Beauty,3,439,1317,CUST-52618,App
UK-2026-101606,2026-03-06,South,Kochi,Ultrabook Air 14,Electronics,2,28735,57470,CUST-76313,App
UK-2026-100491,2026-01-03,South,Kochi,Dinner Set 24pc,Home & Kitchen,1,2621,2621,CUST-41965,App
UK-2026-102376,2026-04-10,North,Delhi,Denim Jacket,Fashion,1,2307,2307,CUST-28329,App
UK-2026-101423,2026-02-21,South,Chennai,Noise-Cancelling Headphones,Electronics,1,8956,8956,CUST-61936,Website
UK-2026-100761,2026-02-14,East,Bhubaneswar,Mixer Grinder 750W,Home & Kitchen,4,3329,13316,CUST-89707,App
UK-2026-102036,2026-03-31,South,Chennai,Electric Kettle 1.5L,Home & Kitchen,1,1098,1098,CUST-83901,Website
UK-2026-101202,2026-02-07,West,Pune,Badminton Racket Set,Sports,1,2528,2528,CUST-27321,App
UK-2026-102270,2026-04-19,East,Guwahati,Power Bank 20000mAh,Electronics,1,1831,1831,CUST-10778,Marketplace
UK-2026-104685,2026-06-21,South,Bengaluru,Formal Shirt,Fashion,1,1086,1086,CUST-67546,App
UK-2026-102488,2026-04-13,East,Patna,Robot Vacuum R7,Home & Kitchen,2,18639,37278,CUST-96695,Website
UK-2026-100330,2026-01-19,Central,Nagpur,Adjustable Dumbbells 15kg,Sports,1,4811,4811,CUST-71125,Marketplace
UK-2026-101570,2026-03-08,East,Guwahati,Adjustable Dumbbells 15kg,Sports,2,5127,10254,CUST-59961,Website
UK-2026-104538,25-06-26,South,Hyderabad,Badminton Racket Set,Sports,2,2476,4952,CUST-29874,Marketplace
UK-2026-101709,2026-03-15,East,Patna,Formal Shirt,Fashion,1,1126,"₹1,126",CUST-95851,App
UK-2026-103574,2026-05-24,West,Surat,Electric Kettle 1.5L,Home & Kitchen,2,1091,2182,CUST-68374,App
UK-2026-101282,2026-02-26,South,Kochi,Sunscreen SPF50,Beauty,2,536,"₹1,072",CUST-70613,App
UK-2026-101179,04/02/2026,North,Chandigarh,Makeup Brush Set,Beauty,1,1261,1261,CUST-95983,App
UK-2026-102671,2026-04-25,East,Bhubaneswar,Eau de Parfum 100ml,Beauty,1,1987,1987,CUST-11024,App
UK-2026-103868,2026-05-03,East,Patna,Cycling Helmet,Sports,1,1656,1656,CUST-99328,Marketplace
UK-2026-101751,2026-03-03,South,Bengaluru,Mixer Grinder 750W,Home & Kitchen,1,3444,3444,CUST-58367,App
UK-2026-101525,2026-03-19,Central,Indore,Bluetooth Speaker Mini,Electronics,,1446,1446,CUST-25943,Marketplace
UK-2026-104384,2026-06-27,West,Ahmedabad,Leather Wallet,Fashion,1,917,917,CUST-48431,Marketplace
UK-2026-102018,01-03-26,North,Noida,Badminton Racket Set,Sports,2,2613,5226,CUST-97461,App
UK-2026-102953,2026-04-20,North,Delhi,Silk Saree,Fashion,1,3431,3431,CUST-99326,Website
UK-2026-101287,2026-02-28,West,Surat,Ethnic Dupatta,Fashion,1,477,477,CUST-59961,App
UK-2026-102255,2026-04-07,North,Chandigarh,Ultrabook Air 14,Electronics,2,30236,60472,CUST-29197,Marketplace
UK-2026-103383,2026-05-27,North,Chandigarh,Cotton Kurta Set,Fashion,1,1313,1313,CUST-88889,Website
UK-2026-101948,2026-03-25,West,Surat,Robot Vacuum R7,Home & Kitchen,3,19650,58950,CUST-60115,App
UK-2026-101913,2026-03-09,South,Kochi,Mirrorless Camera Lite,Electronics,2,28934,57868,CUST-29917,Marketplace
UK-2026-101063,07-02-26,West,Pune,Formal Shirt,Fashion,2,1049,2098,CUST-73133,Website
UK-2026-102631,2026-04-04,East,Bhubaneswar,Beard Grooming Kit,Beauty,1,955,955,CUST-83294,App
UK-2026-102778,2026-04-14,South,Hyderabad,Badminton Racket Set,Sports,4,2433,9732,CUST-92255,App
UK-2026-104175,2026-06-22,Central,Raipur,43-inch Smart TV,Electronics,1,26942,26942,CUST-13806,Website
UK-2026-100829,2026-02-22,North,Chandigarh,Cricket Bat English Willow,Sports,1,8940,8940,CUST-74129,App
UK-2026-100429,2026-01-08,West,Ahmedabad,Sunscreen SPF50,Beauty,1,544,544,CUST-73252,App
UK-2026-101248,2026-02-10,North,Gurugram,Noise-Cancelling Headphones,Electronics,1,8666,8666,CUST-11369,Website
UK-2026-103004,2026-04-10,North,Chandigarh,Power Bank 20000mAh,Electronics,1,1836,1836,CUST-88349,Website
UK-2026-102216,2026-03-04,South,Bengaluru,Ultrabook Air 14,Electronics,1,29241,29241,CUST-14663,App
UK-2026-104391,2026-06-24,Central,Bhopal,Leather Wallet,Fashion,1,936,936,CUST-59329,App
UK-2026-100195,2026-01-08,North,gurugram,Slim Fit Jeans,Fashion,1,1648,1648,CUST-99147,Marketplace
UK-2026-100903,2026-02-10,North,Noida,Denim Jacket,Fashion,1,2173,2173,CUST-79290,Website
UK-2026-104516,2026-06-09,South,Hyderabad,Eau de Parfum 100ml,Beauty,1,2056,"₹2,056",CUST-41522,App
UK-2026-102753,2026-04-01,,Gurugram,Smart Watch X2,Electronics,2,4610,9220,CUST-60910,Marketplace
UK-2026-101061,2026-02-23,South,Chennai,Ultrabook Air 14,Electronics,1,29728,29728,CUST-82908,Marketplace
UK-2026-103314,2026-05-25,Central,Indore,Modern Wall Clock,Home & Kitchen,1,784,784,CUST-43156,App
UK-2026-102684,2026-04-22,East,Bhubaneswar,Power Bank 20000mAh,Electronics,2,1851,3702,CUST-39550,Website
UK-2026-102471,2026-04-11,South,Bengaluru,Denim Jacket,Fashion,2,2099,4198,CUST-77941,Website
UK-2026-104141,2026-06-03,North,Noida,Beard Grooming Kit,Beauty,1,1018,1018,CUST-51672,App
UK-2026-102547,2026-04-05,East,Bhubaneswar,Makeup Brush Set,Beauty,2,1364,2728,CUST-64882,Website
UK-2026-101659,2026-03-11,South,Kochi,Yoga Mat Pro,Sports,1,1230,1230,CUST-99670,App
UK-2026-103751,2026-05-27,South,Kochi,Vitamin C Serum,Beauty,2,693,1386,CUST-92024,Website
UK-2026-100202,2026-01-12,North,Chandigarh,Cotton Kurta Set,Fashion,1,1294,1294,CUST-69284,App
UK-2026-104865,2026-06-09,East,Kolkata,Sunscreen SPF50,Beauty,2,540,1080,CUST-18170,App
UK-2026-103502,2026-05-08,Central,Nagpur,Smart Watch X2,Electronics,3,4586,13758,CUST-60690,Marketplace
UK-2026-103887,2026-05-13,West,Ahmedabad,Modern Wall Clock,Home & Kitchen,2,782,1564,CUST-21592,Marketplace
UK-2026-100737,2026-02-12,North,Noida,Denim Jacket,Fashion,1,2306,2306,CUST-34962,Website
UK-2026-102668,2026-04-12,North,Gurugram,Ethnic Dupatta,Fashion,1,500,500,CUST-76770,Website
UK-2026-102974,2026-04-17,West,Ahmedabad,Power Bank 20000mAh,Electronics,1,1857,1857,CUST-12188,Marketplace
UK-2026-102848,2026-04-15,South,Kochi,Ultrabook Air 14,Electronics,1,28582,28582,CUST-69827,App
UK-2026-103992,2026-05-28,North,Delhi,Denim Jacket,Fashion,2,2266,4532,CUST-45888,Website
UK-2026-101476,2026-03-08,West,Ahmedabad,Mirrorless Camera Lite,Electronics,1,28817,28817,CUST-69827,Website
UK-2026-101300,2026-02-27,West,Pune,noise-cancelling headphones,Electronics,2,8969,17938,CUST-54495,Marketplace
UK-2026-102600,2026-04-19,South,Hyderabad,Cycling Helmet,Sports,1,1558,1558,CUST-67410,App
UK-2026-102854,2026-04-20,West,Surat,Matte Lipstick Set,Beauty,,859,859,CUST-68829,App
UK-2026-104785,2026-06-11,South,Chennai,Yoga Mat Pro,Sports,1,1228,1228,CUST-14966,App
UK-2026-101081,2026-02-26,West,Surat,Foldable Treadmill T2,Sports,1,26218,26218,CUST-95181,App
UK-2026-100814,2026-02-13,Central,Raipur,RUNNING SNEAKERS,Fashion,1,2830,2830,CUST-24095,App
UK-2026-103515,2026-05-23,East,Patna,Eau de Parfum 100ml,Beauty,1,1925,1925,CUST-83285,App
UK-2026-101161,2026-02-02,North,  Chandigarh,43-inch Smart TV,Electronics,2,25653,51306,CUST-33262,Marketplace
UK-2026-101986,2026-03-14,West,Mumbai,Wireless Earbuds Pro,Electronics,1,2993,2993,CUST-63488,App
UK-2026-100777,2026-02-28,South,Bengaluru,Slim Fit Jeans,Fashion,1,1595,1595,CUST-89533,Website
UK-2026-104309,2026-06-30,North,Delhi,Bluetooth Speaker Mini,Electronics,1,1473,1473,CUST-92119,App
UK-2026-102490,2026-04-27,South,Hyderabad,Matte Lipstick Set,Beauty,2,921,1842,CUST-19349,Website
UK-2026-103077,2026-04-22,South,Hyderabad,Gym Gloves,Sports,3,498,1494,CUST-13755,Website
UK-2026-103651,2026-05-08,South,Hyderabad,Dinner Set 24pc   ,Home & Kitchen,1,2416,2416,CUST-78421,Website
UK-2026-103876,2026-05-09,North,Chandigarh,Mixer Grinder 750W,Home & Kitchen,1,3430,3430,CUST-62642,App
UK-2026-103560,2026-05-22,East,Kolkata,Vitamin C Serum,Beauty,1,710,710,CUST-71543,Website
UK-2026-100571,2026-01-26,South,Hyderabad,RUNNING SNEAKERS,Fashion,1,2820,2820,CUST-99369,App
UK-2026-104820,2026-06-29,North,GGN,Wireless Earbuds Pro,Electronics,2,2982,5964,CUST-70006,App
UK-2026-101474,2026-03-07,West,Mumbai,Noise-Cancelling Headphones,Electronics,1,9050,9050,CUST-30655,Website
UK-2026-102336,2026-04-24,West,Pune,Badminton Racket Set,Sports,1,2620,2620,CUST-65781,Marketplace
UK-2026-104287,2026-06-30,North,Gurugram,Foldable Treadmill T2,Sports,4,24060,96240,CUST-46396,App
UK-2026-101189,19-02-26,Central,Nagpur,Ionic Hair Dryer,Beauty,1,1992,1992,CUST-82908,Website
UK-2026-101425,2026-02-10,North,New Delhi,Modern Wall Clock,Home & Kitchen,1,783,783,CUST-40770,App
UK-2026-103795,2026-05-29,South,Kochi,Air Fryer 5L,Home & Kitchen,1,5542,5542,CUST-76137,App
UK-2026-104290,2026-06-15,South,Chennai,Noise-Cancelling Headphones,Electronics,2,9382,18764,CUST-42701,App
UK-2026-104490,2026-06-06,East,Guwahati,Wireless Earbuds Pro,Electronics,1,3068,3068,CUST-67505,Marketplace
UK-2026-102966,2026-04-26,Central,Indore,Beard Grooming Kit,Beauty,0,1008,1008,CUST-27471,Website
UK-2026-102159,2026-03-27,Central,Raipur,Smart Watch X2,Electronics,1,4479,4479,CUST-39987,Marketplace
UK-2026-103918,2026-05-17,North,Gurugram,Non-Stick Cookware Set,Home & Kitchen,1,2854,2854,CUST-92045,Marketplace
UK-2026-104991,2026-06-20,South,Kochi,Modern Wall Clock,Home & Kitchen,1,833,833,CUST-92298,Website
UK-2026-100409,2026-01-14,West,Mumbai,43-inch Smart TV,Electronics,2,25804,51608,CUST-80759,Website
UK-2026-104654,2026-06-10,South,Bengaluru,Non-Stick Cookware Set,Home & Kitchen,1,2910,2910,CUST-99143,App
UK-2026-102964,2026-04-20,Central,Indore,Silk Saree,Fashion,1,3594,3594,CUST-65202,Website
UK-2026-102091,2026-03-13,East,Patna,43-inch Smart TV,Electronics,4,26770,107080,CUST-59737,App
UK-2026-104582,2026-06-24,West,Pune,Sunscreen SPF50,Beauty,2,545,1090,CUST-62630,App
UK-2026-104809,12/06/2026,South,Kochi,Wireless Earbuds Pro,Electronics,2,3056,6112,CUST-50908,Marketplace
UK-2026-102258,2026-04-02,North,Delhi,  Formal Shirt,Fashion,1,1151,1151,CUST-68420,App
UK-2026-104127,2026-06-12,West,Surat,Silk Saree,Fashion,1,3571,3571,CUST-39306,App
UK-2026-104359,2026-06-23,West,Ahmedabad,Modern Wall Clock,Home & Kitchen,1,811,811,CUST-84403,App
UK-2026-102347,2026-04-29,Central,Nagpur,Beard Grooming Kit,Beauty,1,1036,1036,CUST-88408,Website
UK-2026-101392,2026-02-06,East,Bhubaneswar,Denim Jacket,Fashion,1,2256,2256,CUST-71915,App
UK-2026-102020,2026-03-20,North,Delhi,Electric Kettle 1.5L,Home & Kitchen,1,1053,1053,CUST-12820,App
UK-2026-100354,2026-01-17,North,Noida,Mixer Grinder 750W,Home & Kitchen,1,3177,3177,CUST-40211,App
UK-2026-100252,2026-01-07,West,Surat,Makeup Brush Set,Beauty,2,1239,,CUST-85096,Marketplace
UK-2026-104622,2026-06-20,West,Surat,Beard Grooming Kit,Beauty,1,999,999,CUST-60690,App
UK-2026-103898,2026-05-11,West,Surat,Dinner Set 24pc,Home & Kitchen,2,2596,5192,CUST-30655,App
UK-2026-102810,2026-04-17,South,Chennai,Ultrabook Air 14,Electronics,2,29320,58640,CUST-36308,Marketplace
UK-2026-103721,2026-05-20,West,Mumbai,Wireless Earbuds Pro,Electronics,1,2938,2938,CUST-34293,App
UK-2026-103462,2026-05-21,West,Pune,Ethnic Dupatta,Fashion,1,497,,CUST-29549,App
UK-2026-100147,2026-01-02,North,Delhi,Ultrabook Air 14,Electronics,2,28918,57836,CUST-58650,Website
UK-2026-101469,2026-03-05,East,Guwahati,Silk Saree,Fashion,1,3340,3340,CUST-96659,App
UK-2026-100976,01/02/2026,West,Ahmedabad,Formal Shirt,Fashion,1,1051,1051,CUST-43457,App
UK-2026-100246,2026-01-18,Central,Indore,Sunscreen SPF50,Beauty,1,540,540,CUST-68658,App
UK-2026-100288,2026-01-15,East,Guwahati,Mixer Grinder 750W,Home & Kitchen,1,3288,3288,CUST-18939,App
UK-2026-104875,2026-06-08,North,Noida,Bluetooth Speaker Mini,Electronics,1,1437,1437,CUST-61588,App
UK-2026-100382,2026-01-13,East,Bhubaneswar,Noise-Cancelling Headphones,Electronics,2,9116,18232,CUST-56747,App
UK-2026-101255,2026-02-27,West,Pune,Badminton Racket Set,Sports,1,2387,2387,CUST-81747,Website
UK-2026-101089,2026-02-02,North,Noida,Electric Kettle 1.5L,Home & Kitchen,1,1054,1054,CUST-79771,App
UK-2026-102431,2026-04-24,Central,Nagpur,Football Size 5,Sports,1,938,938,CUST-38667,Website
UK-2026-100676,2026-01-01,Central,Indore,Running Sneakers,Fashion,1,2873,2873,CUST-92677,App
UK-2026-100257,2026-01-31,North,Delhi,Ultrabook Air 14,Electronics,1,30932,30932,CUST-65752,Website
UK-2026-102657,2026-04-11,South,Hyderabad,Eau de Parfum 100ml,Beauty,1,1902,1902,CUST-76055,Website
UK-2026-100421,2026-01-11,West,Surat,Cricket Bat English Willow,Sports,1,9140,9140,CUST-74336,App
UK-2026-104136,2026-06-17,North,Noida,Robot Vacuum R7,Home & Kitchen,1,18443,18443,CUST-12706,Marketplace
UK-2026-104742,2026-06-04,West,Ahmedabad,Bluetooth Speaker Mini,Electronics,2,1542,3084,CUST-33303,Website
UK-2026-102647,2026-04-25,Central,Nagpur,Air Fryer 5L,Home & Kitchen,1,5338,5338,CUST-41471,Website
UK-2026-104615,2026-06-14,West,Pune,Badminton Racket Set,Sports,1,2477,2477,CUST-67486,Marketplace
UK-2026-102934,2026-04-12,Central,Nagpur,Running Sneakers,Fashion,2,2802,5604,CUST-98158,App
UK-2026-104319,2026-06-26,West,Surat,  Mixer Grinder 750W,Home & Kitchen,1,3231,3231,CUST-95592,App
UK-2026-101760,"Mar 26, 2026",East,Bhubaneswar,Cotton Kurta Set,Fashion,1,1348,1348,CUST-58799,Website
UK-2026-101038,2026-02-19,East,Bhubaneswar,Cotton Bedsheet Set,Home & Kitchen,2,1467,2934,CUST-64545,Website
UK-2026-102460,2026-04-23,West,Ahmedabad,Non-Stick Cookware Set,Home & Kitchen,2,2956,5912,CUST-15726,Website
UK-2026-101682,2026-03-03,Central,Raipur,Bluetooth Speaker Mini,Electronics,3,1554,4662,CUST-80346,App
UK-2026-100897,2026-02-19,West,Pune,43-inch Smart TV,Electronics,4,26387,,CUST-59499,Website
UK-2026-103492,2026-05-16,North,Gurugram,Adjustable Dumbbells 15kg,Sports,1,5050,5050,CUST-76055,Marketplace
UK-2026-100548,2026-01-26,North,Gurugram,Gym Gloves,Sports,1,488,488 INR,CUST-75121,App
UK-2026-103618,2026-05-28,North,Delhi,Football Size 5,Sports,1,883,883,CUST-47723,Marketplace
UK-2026-103677,2026-05-25,West,Ahmedabad,Ethnic Dupatta,Fashion,2,508,1016,CUST-35109,App
UK-2026-100762,2026-02-13,West,Ahmedabad,Face Wash Combo,Beauty,2,459,918,CUST-53225,App
UK-2026-102345,2026-04-21,West,Mumbai,Modern Wall Clock,Home & Kitchen,1,790,790,CUST-38975,App
UK-2026-104546,2026-06-10,North,Noida,Cotton Bedsheet Set,Home & Kitchen,1,1377,1377,CUST-96209,Website
UK-2026-104908,2026-06-08,East,Kolkata,Non-Stick Cookware Set,Home & Kitchen,1,2909,2909,CUST-80046,App
UK-2026-104732,2026-06-19,North,Gurugram,Mixer Grinder 750W,Home & Kitchen,1,3140,3140,CUST-75278,Marketplace
UK-2026-104903,2026-06-26,Central,Bhopal,Formal Shirt,Fashion,2,1072,2144,CUST-69366,Marketplace
UK-2026-102509,2026-04-28,West,Ahmedabad,Eau de Parfum 100ml,Beauty,2,2012,4024,CUST-21583,App
UK-2026-103132,2026-05-16,West,Mumbai,43-inch Smart TV,Electronics,4,26412,105648,CUST-22295,Website
UK-2026-102244,2026-04-18,East,Patna,Cotton Bedsheet Set,Home & Kitchen,1,1437,1437,CUST-70639,App
UK-2026-103653,2026-05-15,North,Noida,Formal Shirt,Fashion,1,1100,1100,CUST-60787,Website
UK-2026-103445,2026-05-08,West,Mumbai,Robot Vacuum R7,Home & Kitchen,1,19718,19718,CUST-75269,Website
UK-2026-103435,2026-05-16,South,Kochi,Vitamin C Serum,Beauty,1,703,703,CUST-13868,App
UK-2026-102145,2026-03-15,South,Hyderabad,Formal Shirt,Fashion,2,1073,2146,CUST-39971,App
UK-2026-104245,2026-06-25,West,Ahmedabad,Cotton Kurta Set,Fashion,1,1333,1333,CUST-57117,App
UK-2026-101529,2026-03-29,West,Surat,Formal Shirt,Fashion,1,1125,1125,CUST-95001,App
UK-2026-103276,2026-05-22,West,Ahmedabad,Gym Gloves,Sports,1,474,474,CUST-80184,App
UK-2026-101733,2026-03-17,Central,Bhopal,Leather Wallet,Fashion,1,904,904,CUST-47967,App
UK-2026-103030,2026-04-07,West,Ahmedabad,Badminton Racket Set,Sports,1,2410,2410,CUST-64882,App
UK-2026-100335,14/01/2026,East,Kolkata,Ultrabook Air 14,Electronics,1,28777,28777,CUST-51770,Website
UK-2026-104526,2026-06-08,Central,Bhopal,Formal Shirt,Fashion,2,1144,2288,CUST-75045,App
UK-2026-100905,2026-02-05,South,Kochi,Robot Vacuum R7,Home & Kitchen,2,19444,38888,CUST-49725,App
UK-2026-102890,2026-04-17,North,Delhi,Electric Kettle 1.5L,Home & Kitchen,1,1072,1072,CUST-84149,Website
UK-2026-101461,2026-03-19,South,Kochi,43-inch Smart TV,Electronics,3,26711,80133,CUST-86917,App
UK-2026-102789,2026-04-18,West,Pune,Mirrorless Camera Lite,Electronics,1,27915,27915,CUST-43973,App
UK-2026-104928,2026-06-03,North,Gurugram,Denim Jacket,Fashion,1,2118,2118,CUST-14282,Website
UK-2026-100211,2026-01-28,East,Patna,Slim Fit Jeans,Fashion,,1624,3248,CUST-93007,Website
UK-2026-100015,2026-01-31,North,Noida,Formal Shirt,Fashion,1,1121,1121,CUST-51770,Website
UK-2026-103483,2026-05-20,East,Kolkata,Smart Watch X2,Electronics,1,4716,4716,CUST-91884,Website
UK-2026-101231,2026-02-02,East,Guwahati,Leather Wallet,Fashion,1,860,860,CUST-17534,Website
UK-2026-100740,2026-02-11,North,Delhi,Slim Fit Jeans,Fashion,1,1585,1585,CUST-85333,App
UK-2026-101660,2026-03-18,South,Bengaluru,Noise-Cancelling Headphones,Electronics,2,9345,18690,CUST-44584,App
UK-2026-100009,2026-01-16,South,Hyderabad,Noise-Cancelling Headphones,Electronics,1,9340,9340,CUST-55160,Marketplace
UK-2026-101947,2026-03-11,Central,Nagpur,Electric Kettle 1.5L,Home & Kitchen,1,1134,1134,CUST-30396,App
UK-2026-101859,2026-03-08,Central,Nagpur,Noise-Cancelling Headphones,Electronics,1,9420,9420,CUST-45452,Website
UK-2026-102316,2026-04-01,East,Patna,Dinner Set 24pc,Home & Kitchen,,2452,2452,CUST-30056,App
UK-2026-101195,2026-02-04,West,Pune,Modern Wall Clock,Home & Kitchen,2,803,1606,CUST-67660,Website
UK-2026-100808,2026-02-16,East,Kolkata,Cotton Kurta Set,Fashion,1,1241,1241,CUST-42317,App
UK-2026-103906,05/05/2026,South,Hyderabad,Mixer Grinder 750W,Home & Kitchen,2,3231,6462,CUST-30925,Marketplace
UK-2026-100371,2026-01-20,South,Hyderabad,Silk Saree,Fashion,2,3570,7140,CUST-22747,App
UK-2026-100605,2026-01-19,South,Kochi,Football Size 5,Sports,1,911,911.00,CUST-51120,App
UK-2026-100152,2026-01-02,Central,Raipur,Adjustable Dumbbells 15kg,Sports,1,5106,5106,CUST-77496,App
UK-2026-102030,2026-03-11,East,Patna,Leather Wallet,Fashion,1,926,926,CUST-92024,App
UK-2026-101921,2026-03-06,West,Ahmedabad,Bluetooth Speaker Mini,Electronics,1,1514,1514,CUST-17436,Marketplace
UK-2026-103539,2026-05-13,West,Mumbai,Silk Saree,Fashion,1,3628,3628,CUST-13806,App
UK-2026-104119,2026-06-15,Central,Nagpur,Sunscreen SPF50,Beauty,1,563,563,CUST-91240,Marketplace
UK-2026-102674,2026-04-20,Central,Bhopal,Power Bank 20000mAh,Electronics,2,1858,3716,CUST-62642,App
UK-2026-102043,2026-03-08,South,Chennai,43-inch Smart TV,Electronics,1,25050,25050,CUST-82485,Website
UK-2026-101854,2026-03-19,North,Noida,Dinner Set 24pc,Home & Kitchen,1,2465,2465,CUST-85399,App
UK-2026-102904,2026-04-09,West,Mumbai,Running Sneakers,Fashion,1,2675,2675,CUST-90350,Website
UK-2026-101109,2026-02-20,Central,Raipur,Denim Jacket,Fashion,1,2242,2242,CUST-95626,App
UK-2026-104148,2026-06-06,West,Mumbai,Eau de Parfum 100ml,Beauty,1,2024,2024,CUST-71396,App
UK-2026-101273,2026-02-16,West,Mumbai,Robot Vacuum R7,Home & Kitchen,1,18739,18739,CUST-50569,App
UK-2026-100628,2026-01-12,North,Gurugram,43-inch Smart TV,Electronics,1,24835,24835,CUST-10381,App
UK-2026-103124,2026-05-14,South,Chennai,Ionic Hair Dryer,Beauty,1,1880,1880,CUST-98441,App
UK-2026-103158,2026-05-30,North,Noida,Power Bank 20000mAh,Electronics,4,1819,7276,CUST-35109,Marketplace
UK-2026-103024,2026-04-29,North,Delhi,Adjustable Dumbbells 15kg,Sports,1,5055,5055,CUST-81060,Marketplace
UK-2026-101421,2026-02-20,Central,Raipur,Noise-Cancelling Headphones,Electronics,1,9056,9056,CUST-62250,Website
UK-2026-100148,18-01-26,North,Noida,Leather Wallet,Fashion,1,925,925,CUST-76678,Website
UK-2026-104091,2026-06-24,West,Ahmedabad,Noise-Cancelling Headphones,Electronics,1,9215,9215,CUST-77619,App
UK-2026-101799,2026-03-30,West,Mumbai,Cricket Bat English Willow,Sports,1,8741,8741,CUST-51208,App
UK-2026-102268,2026-04-03,West,Surat,Gym Gloves,Sports,4,478,1912,CUST-19135,App
UK-2026-104138,2026-06-01,South,Chennai,Cotton Kurta Set,Fashion,2,1318,2636,CUST-42040,Website
UK-2026-103629,2026-05-13,West,Surat,Noise-Cancelling Headphones,Electronics,1,8807,8807,CUST-14910,App
UK-2026-101149,2026-02-13,South,Kochi,Smart Watch X2,Electronics,1,4481,4481,CUST-56045,Website
UK-2026-103244,2026-05-31,South,Madras,Ionic Hair Dryer,Beauty,1,1885,1885,CUST-92315,Website
UK-2026-102675,2026-04-20,,Delhi,Robot Vacuum R7,Home & Kitchen,4,18907,75628,CUST-57571,App
UK-2026-103176,2026-05-13,East,Patna,Football Size 5,Sports,2,863,1726,CUST-67634,App
UK-2026-104477,2026-06-07,East,Kolkata,Ultrabook Air 14,Electronics,1,29952,29952,CUST-54013,App
UK-2026-104748,2026-06-19,South,Bengaluru,Ethnic Dupatta,Fashion,1,494,494,CUST-49298,Marketplace
UK-2026-102118,2026-03-23,South,Kochi,Mirrorless Camera Lite,Electronics,1,30385,30385,CUST-95250,App
UK-2026-103146,2026-05-17,South,Hyderabad,Noise-Cancelling Headphones,Electronics,,9096,9096,CUST-94567,App
UK-2026-102970,2026-04-10,South,Kochi,Silk Saree,Fashion,1,3421,3421,CUST-59768,Website
UK-2026-102761,2026-04-04,West,Mumbai,Yoga Mat Pro,Sports,1,1258,1258,CUST-76137,App
UK-2026-104726,2026-06-25,Central,Nagpur,Dinner Set 24pc,Home & Kitchen,1,2478,2478,CUST-71648,Website
UK-2026-103319,2026-05-13,East,Patna,Smart Watch X2,Electronics,1,4717,4717,CUST-39287,Marketplace
UK-2026-100910,2026-02-27,South,Chennai,Leather Wallet,Fashion,1,928,928,CUST-75822,Website
UK-2026-100427,2026-01-06,South,Hyderabad,Denim Jacket,Fashion,1,2134,2134,CUST-58906,Marketplace
UK-2026-101191,2026-02-16,North,Gurugram,Power Bank 20000mAh,Electronics,1,1847,1847,CUST-40872,Website
UK-2026-104102,2026-06-15,East,Patna,Yoga Mat Pro,Sports,2,1196,2392,CUST-29604,App
UK-2026-104163,2026-06-16,North,Delhi,Gym Gloves,Sports,1,504,504,CUST-79137,Website
UK-2026-100228,2026-01-01,East,Patna,Matte Lipstick Set,Beauty,1,926,926,CUST-62792,App
UK-2026-100865,2026-02-19,Central,Bhopal,43-inch Smart TV,Electronics,1,25846,25846,CUST-15434,App
UK-2026-100337,2026-01-19,East,Patna,Face Wash Combo,Beauty,1,432,432,CUST-32982,Website
UK-2026-102625,2026-04-28,West,Ahmedabad,Robot Vacuum R7,Home & Kitchen,1,18686,18686,CUST-10778,App
UK-2026-101181,2026-02-07,East,Guwahati,Eau de Parfum 100ml,Beauty,1,1926,1926,CUST-89533,App
UK-2026-103577,29/05/2026,West,Pune,Beard Grooming Kit,Beauty,2,965,1930,CUST-23533,Website
UK-2026-102651,2026-04-06,East,Bhubaneswar,Football Size 5,Sports,1,865,865,CUST-19916,App
UK-2026-102358,2026-04-17,Central,Bhopal,Matte Lipstick Set,Beauty,1,934,934,CUST-64720,App
UK-2026-103504,2026-05-25,North,Delhi,Foldable Treadmill T2,Sports,1,24817,24817,CUST-23574,App
UK-2026-104994,2026-06-22,Central,Nagpur,Cotton Bedsheet Set,Home & Kitchen,2,1383,2766,CUST-60496,App
UK-2026-103098,2026-05-30,North,Gurugram,Ultrabook Air 14,Electronics,1,29749,29749,CUST-56683,App
UK-2026-101147,2026-02-09,West,Ahmedabad,Power Bank 20000mAh,Electronics,1,1827,1827,CUST-80648,App
UK-2026-101737,2026-03-03,Central,Indore,Electric Kettle 1.5L,Home & Kitchen,1,1100,1100,CUST-87235,Website
UK-2026-101702,25/03/2026,West,Surat,Mirrorless Camera Lite,Electronics,1,30139,30139,CUST-25104,Marketplace
UK-2026-101956,2026-03-18,West,Pune,Wireless Earbuds Pro,Electronics,1,2984,2984,CUST-19153,Website
UK-2026-100653,2026-01-28,East,Kolkata,Slim Fit Jeans,Fashion,1,1601,1601,CUST-51770,Website
UK-2026-104161,2026-06-12,South,Hyderabad,Foldable Treadmill T2,Sports,1,26100,26100,CUST-86977,Website
UK-2026-102008,2026-03-30,South,Kochi,Cotton Bedsheet Set,Home & Kitchen,1,1459,1459,CUST-18867,Website
UK-2026-103561,2026-05-10,North,Gurugram,Ethnic Dupatta,Fashion,2,514,1028,CUST-31035,App
UK-2026-100416,2026-01-07,West,Mumbai,Non-Stick Cookware Set,Home & Kitchen,2,2796,5592,CUST-83200,Website
UK-2026-102322,13/04/2026,North,Delhi,Mirrorless Camera Lite,Electronics,2,29322,58644,CUST-20378,App
UK-2026-101723,2026-03-13,South,Bengaluru,Noise-Cancelling Headphones,Electronics,1,8989,8989,CUST-81787,Marketplace
UK-2026-101418,2026-02-21,South,Bengaluru,Gym Gloves,Sports,1,514,514,CUST-62642,Website
UK-2026-102744,2026-04-01,East,Bhubaneswar,43-inch Smart TV,Electronics,1,25784,25784,CUST-32847,Marketplace
UK-2026-103911,2026-05-28,East,Kolkata,Running Sneakers,Fashion,1,2924,2924,CUST-90627,Website
UK-2026-101718,2026-03-02,Central,Raipur,Matte Lipstick Set,Beauty,1,865,865,CUST-48009,Website
UK-2026-101447,2026-02-10,Central,Bhopal,Non-Stick Cookware Set,Home & Kitchen,1,2926,2926,CUST-73620,Website
UK-2026-101347,2026-02-04,South,Chennai,Gym Gloves,Sports,2,477,954,CUST-98204,App
UK-2026-102182,2026-03-07,Central,Nagpur,Formal Shirt,Fashion,1,1054,1054,CUST-53513,App
UK-2026-100718,2026-01-07,South,Bengaluru,Running Sneakers,Fashion,3,2722,"₹8,166",CUST-89605,App
UK-2026-102315,2026-04-04,West,Mumbai,Modern Wall Clock,Home & Kitchen,1,793,793,CUST-17436,App
UK-2026-100527,2026-01-09,East,Patna,Vitamin C Serum,Beauty,1,675,675,CUST-31726,Website
UK-2026-104792,2026-06-18,South,Hyderabad,Air Fryer 5L,Home & Kitchen,2,5714,11428,CUST-27471,App
UK-2026-104543,2026-06-29,North,Chandigarh,Slim Fit Jeans,Fashion,1,1632,1632,CUST-89796,App
UK-2026-100927,2026-02-26,North,Delhi,Noise-Cancelling Headphones,Electronics,2,8643,17286,CUST-47117,Website
UK-2026-103536,2026-05-13,West,Mumbai,Smart Watch X2,Electronics,3,4518,13554,CUST-12876,App
UK-2026-103596,2026-05-20,North,Gurugram,Cotton Bedsheet Set,Home & Kitchen,1,1435,1435,CUST-46037,App
UK-2026-100415,2026-01-06,North,Delhi,Formal Shirt,Fashion,4,1074,4296,CUST-96973,Website
UK-2026-103816,2026-05-23,South,Chennai,Denim Jacket,Fashion,1,2212,2212,CUST-24805,App
UK-2026-102147,2026-03-17,West,Pune,Noise-Cancelling Headphones,Electronics,1,8901,8901,CUST-46387,Website
UK-2026-101449,2026-02-06,North,Gurugram,Yoga Mat Pro,Sports,1,1177,1177,CUST-52767,Website
UK-2026-102940,2026-04-20,North,Gurugram,Denim Jacket,Fashion,2,2226,4452,CUST-15986,App
UK-2026-104462,2026-06-02,South,Chennai,Bluetooth Speaker Mini,Electronics,1,1571,1571,CUST-28819,App
UK-2026-101467,2026-03-09,North,Chandigarh,Matte Lipstick Set,Beauty,1,880,880,CUST-21994,App
UK-2026-101964,2026-03-11,North,Chandigarh,Denim Jacket,Fashion,1,2131,2131,CUST-83591,App
UK-2026-100133,2026-01-15,Central,Indore,vitamin c serum,Beauty,1,729,729,CUST-57181,Website
UK-2026-102219,2026-03-11,West,Surat,Wireless Earbuds Pro,Electronics,1,2974,2974,CUST-22434,App
UK-2026-101390,2026-02-18,East,Kolkata,Wireless Earbuds Pro,Electronics,1,3122,3122,CUST-47832,App
UK-2026-103085,2026-04-27,Central,Indore,Foldable Treadmill T2,Sports,3,25159,75477,CUST-67020,Website
UK-2026-103847,2026-05-07,North,Delhi,Electric Kettle 1.5L,Home & Kitchen,4,1075,4300,CUST-95295,Marketplace
UK-2026-100585,2026-01-21,Central,Bhopal,Ethnic Dupatta,Fashion,1,524,524,CUST-79166,App
UK-2026-104951,2026-06-30,South,Chennai,Leather Wallet,Fashion,1,878,878,CUST-85848,Website
UK-2026-103269,2026-05-10,South,Chennai,Bluetooth Speaker Mini,Electronics,1,1540,1540,CUST-85735,Marketplace
UK-2026-102075,2026-03-06,South,Chennai,Dinner Set 24pc,Home & Kitchen,1,2590,2590,CUST-95765,Website
UK-2026-101342,2026-02-08,East,Guwahati,Electric Kettle 1.5L,Home & Kitchen,2,1085,2170,CUST-53969,App
UK-2026-100166,2026-01-05,North,Delhi,Noise-Cancelling Headphones,Electronics,1,9329,9329,CUST-79841,App
UK-2026-100735,2026-02-11,East,Guwahati,Beard Grooming Kit,Beauty,4,979,3916,CUST-48323,App
UK-2026-101642,2026-03-04,West,Mumbai,Football Size 5,Sports,2,922,1844,CUST-30474,Website
UK-2026-104687,2026-06-28,East,Bhubaneswar,Non-Stick Cookware Set,Home & Kitchen,1,2883,2883,CUST-18536,App
UK-2026-100076,2026-01-19,West,Ahmedabad,Formal Shirt,Fashion,1,1131,1131,CUST-65202,Website
UK-2026-100597,2026-01-01,North,Chandigarh,Electric Kettle 1.5L,Home & Kitchen,2,1047,2094,CUST-88361,Website
UK-2026-102035,2026-03-07,North,Gurugram,43-inch Smart TV,Electronics,2,25631,51262,CUST-18884,Website
UK-2026-100854,2026-02-19,West,Surat,Slim Fit Jeans,Fashion,2,1584,3168,CUST-36231,App
UK-2026-101691,2026-03-16,South,Bengaluru,Cotton Kurta Set,Fashion,2,1325,2650,CUST-16730,Marketplace
UK-2026-103934,2026-05-03,South,Bengaluru,Dinner Set 24pc,Home & Kitchen,1,2581,2581,CUST-27349,Website
UK-2026-100028,2026-01-01,Central,Indore,Foldable Treadmill T2,Sports,1,24233,24233,CUST-45668,Website
UK-2026-104015,2026-05-26,North,Delhi,Cotton Bedsheet Set,Home & Kitchen,1,1350,1350,CUST-37649,App
UK-2026-104525,2026-06-25,South,Chennai,Non-Stick Cookware Set,Home & Kitchen,1,2959,2959,CUST-79002,App
UK-2026-101775,2026-03-29,North,Delhi,Mirrorless Camera Lite,Electronics,1,28891,28891,CUST-11465,Marketplace
UK-2026-103212,2026-05-15,South,Hyderabad,Mirrorless Camera Lite,Electronics,2,29651,59302,CUST-77235,App
UK-2026-102038,2026-03-24,North,Chandigarh,Silk Saree,Fashion,1,3440,3440,CUST-27349,App
UK-2026-104466,2026-06-29,North,Noida,Leather Wallet,Fashion,1,880,880,CUST-85399,Website
UK-2026-100320,2026-01-29,Central,Raipur,Electric Kettle 1.5L,Home & Kitchen,1,1054,1054,CUST-20444,App
UK-2026-104277,2026-06-08,South,Kochi,Mirrorless Camera Lite,Electronics,3,29177,87531,CUST-99223,Marketplace
UK-2026-101062,2026-02-18,South,Bengaluru,Power Bank 20000mAh,Electronics,1,1821,1821,CUST-45452,Website
UK-2026-104464,2026-06-11,West,Ahmedabad,Power Bank 20000mAh,Electronics,1,1721,1721,CUST-64720,Marketplace
UK-2026-103774,2026-05-05,East,Patna,Cycling Helmet,Sports,1,1643,1643,CUST-95624,Website
UK-2026-104329,2026-06-25,North,Chandigarh,Power Bank 20000mAh,Electronics,1,1870,1870,CUST-30364,Marketplace
UK-2026-100451,2026-01-27,Central,Bhopal,Cotton Bedsheet Set,Home & Kitchen,3,1336,4008,CUST-25715,App
UK-2026-103170,2026-05-10,North,Delhi,Cycling Helmet,Sports,1,1584,1584,CUST-18332,App
UK-2026-104124,2026-06-14,North,Gurugram,Leather Wallet,Fashion,1,902,902,CUST-81060,App
UK-2026-104529,2026-06-06,West,Surat,Bluetooth Speaker Mini,Electronics,1,1464,1464,CUST-42356,Website
UK-2026-104131,2026-06-07,South,Hyderabad,Non-Stick Cookware Set,Home & Kitchen,1,2846,2846,CUST-50320,Website
UK-2026-102703,2026-04-19,South,Bengaluru,Running Sneakers,Fashion,1,2748,2748,CUST-50022,Website
UK-2026-104353,2026-06-05,North,Noida,Running Sneakers,Fashion,1,2861,2861,CUST-22110,Marketplace
UK-2026-101531,2026-03-13,West,Ahmedabad,Yoga Mat Pro,Sports,2,1208,2416,CUST-58557,Website
UK-2026-100519,2026-01-21,West,Pune,Dinner Set 24pc,Home & Kitchen,1,2551,2551,CUST-17703,Website
UK-2026-102003,2026-03-02,South,Chennai,Non-Stick Cookware Set,Home & Kitchen,1,2911,2911,CUST-61089,App
UK-2026-101711,10/03/2026,West,Mumbai,Silk Saree,Fashion,1,3555,3555,CUST-72043,App
UK-2026-101358,2026-02-02,South,Bengaluru,Slim Fit Jeans,Fashion,1,1520,1520,CUST-73389,Website
UK-2026-102860,2026-04-01,South,Hyderabad,Cotton Bedsheet Set,Home & Kitchen,3,1412,4236,CUST-60115,App
UK-2026-100644,2026-01-05,Central,Indore,Smart Watch X2,Electronics,1,4552,4552,CUST-66865,App
UK-2026-100284,2026-01-27,East,Bhubaneswar,Noise-Cancelling Headphones,Electronics,2,9014,18028,CUST-78893,Marketplace
UK-2026-101027,2026-02-14,North,Chandigarh,Gym Gloves,Sports,1,519,519,CUST-30940,App
UK-2026-101090,2026-02-23,West,Bombay,Mirrorless Camera Lite,Electronics,1,28223,28223,CUST-14159,Marketplace
UK-2026-101010,2026-02-10,North,Noida,Mirrorless Camera Lite,Electronics,1,30089,30089,CUST-28059,App
UK-2026-101887,2026-03-12,East,Bhubaneswar,Slim Fit Jeans,Fashion,1,1523,1523,CUST-13101,Website
UK-2026-103212,2026-05-15,South,Hyderabad,Mirrorless Camera Lite,Electronics,2,29651,59302,CUST-77235,App
UK-2026-104652,2026-06-28,East,Patna,Electric Kettle 1.5L,Home & Kitchen,1,1088,1088,CUST-66508,App
UK-2026-102746,2026-04-16,West,Pune,Dinner Set 24pc,Home & Kitchen,1,2463,2463,CUST-44588,Website
UK-2026-100841,2026-02-11,South,Bengaluru,Ultrabook Air 14,Electronics,1,29072,29072,CUST-28909,Website
UK-2026-102896,2026-04-12,South,Bengaluru,Cycling Helmet,Sports,1,1632,1632,CUST-12237,App
UK-2026-103247,2026-05-28,East,Bhubaneswar,Mirrorless Camera Lite,Electronics,1,28348,28348,CUST-46277,Website
UK-2026-103102,2026-05-18,Central,Nagpur,Noise-Cancelling Headphones,Electronics,1,9316,9316,CUST-77865,Website
UK-2026-102543,2026-04-30,North,Chandigarh,Foldable Treadmill T2,Sports,1,24711,24711,CUST-18170,App
UK-2026-104810,2026-06-24,West,Pune,Electric Kettle 1.5L,Home & Kitchen,1,1149,1149,CUST-38975,Website
UK-2026-100300,2026-01-16,West,Ahmedabad,Cotton Kurta Set,Fashion,1,1327,1327,CUST-40220,Website
UK-2026-100810,2026-02-22,West,Pune,Silk Saree,Fashion,2,3469,6938,CUST-81985,Website
UK-2026-103266,2026-05-10,East,Guwahati,Electric Kettle 1.5L,Home & Kitchen,,1135,1135,CUST-76157,App
UK-2026-101203,2026-02-24,North,Chandigarh,Yoga Mat Pro,Sports,1,1224,"1,224.00",CUST-19127,Website
UK-2026-103530,2026-05-15,West,Surat,Cotton Kurta Set,Fashion,3,1238,3714,CUST-49306,App
UK-2026-102173,2026-03-11,South,Chennai,Yoga Mat Pro,Sports,1,1227,1227,CUST-64303,Marketplace
UK-2026-102943,2026-04-23,North,Gurugram,Robot Vacuum R7,Home & Kitchen,4,19494,77976,CUST-32199,Website
UK-2026-104248,2026-06-10,South,Bengaluru,Silk Saree,Fashion,1,3364,3364,CUST-13888,Website
UK-2026-101136,2026-02-17,Central,Raipur,Mixer Grinder 750W,Home & Kitchen,0,3434,3434,CUST-39536,Website
UK-2026-101121,2026-02-25,North,Delhi,Denim Jacket,Fashion,1,2178,2178,CUST-45392,Website
UK-2026-102765,2026-04-04,South,Hyderabad,Smart Watch X2,Electronics,1,4305,4305,CUST-84149,App
UK-2026-102707,2026-04-23,East,Bhubaneswar,Ethnic Dupatta,Fashion,1,491,491,CUST-39819,Website
UK-2026-103363,2026-05-30,East,Patna,Mirrorless Camera Lite,Electronics,1,28738,28738,CUST-13058,App
UK-2026-102620,2026-04-03,North,Chandigarh,Robot Vacuum R7,Home & Kitchen,,19099,38198,CUST-68005,App
UK-2026-104889,2026-06-27,South,Hyderabad,Matte Lipstick Set,Beauty,2,900,1800,CUST-90627,App
UK-2026-102988,2026-04-06,South,Hyderabad,43-inch Smart TV,Electronics,2,26482,52964,CUST-30655,Website
UK-2026-103879,2026-05-07,East,Patna,Sunscreen SPF50,Beauty,1,570,570,CUST-59021,Website
UK-2026-102264,2026-04-28,West,Surat,Cycling Helmet,Sports,1,1650,1650,CUST-65875,App
UK-2026-102233,2026-03-09,East,Guwahati,Sunscreen SPF50,Beauty,1,528,528,CUST-80834,Website
UK-2026-103938,2026-05-29,Central,Indore,Badminton Racket Set,Sports,1,2488,2488,CUST-11295,Website
UK-2026-101758,2026-03-05,Central,Raipur,Face Wash Combo,Beauty,1,461,461,CUST-60795,App
UK-2026-102539,2026-04-16,South,Kochi,Ultrabook Air 14,Electronics,1,30940,30940,CUST-78395,Website
UK-2026-101872,"Mar 21, 2026",South,Chennai,Bluetooth Speaker Mini,Electronics,1,1468,1468,CUST-25065,Website
UK-2026-102039,2026-03-09,East,Bhubaneswar,Bluetooth Speaker Mini,Electronics,1,1454,1454,CUST-78733,Website
UK-2026-101699,2026-03-03,North,Delhi,Electric Kettle 1.5L,Home & Kitchen,1,1070,1070,CUST-32249,Website
UK-2026-104305,2026-06-11,West,Surat,Non-Stick Cookware Set,Home & Kitchen,1,2780,2780,CUST-48185,Marketplace
UK-2026-101024,2026-02-21,East,Guwahati,Power Bank 20000mAh,Electronics,1,1711,1711,CUST-13632,Marketplace
UK-2026-104770,2026-06-30,East,Kolkata,Adjustable Dumbbells 15kg,Sports,2,5098,10196,CUST-91200,App
UK-2026-101224,2026-02-28,North,Chandigarh,Mirrorless Camera Lite,Electronics,1,28626,28626,CUST-92255,Marketplace
UK-2026-100254,2026-01-22,Central,Bhopal,Cycling Helmet,Sports,1,1553,1553,CUST-59411,Marketplace
UK-2026-101676,2026-03-15,South,Hyderabad,Ultrabook Air 14,Electronics,2,31303,62606,CUST-88289,Website
UK-2026-101736,2026-03-01,South,Bengaluru,Sunscreen SPF50,Beauty,1,534,534,CUST-39795,App
UK-2026-100839,2026-02-06,South,Bengaluru,Slim Fit Jeans,Fashion,1,1551,1551,CUST-76222,Marketplace
UK-2026-104500,2026-06-16,South,Hyderabad,Cotton Kurta Set,Fashion,1,1237,1237,CUST-24133,Website
UK-2026-103601,2026-05-29,South,Kochi,  Bluetooth Speaker Mini,Electronics,1,1469,1469,CUST-80474,Marketplace
UK-2026-104081,2026-06-26,West,Surat,Noise-Cancelling Headphones,Electronics,1,8832,8832,CUST-30940,Website
UK-2026-102359,2026-04-13,North,New Delhi,Gym Gloves,Sports,1,511,511,CUST-42190,App
UK-2026-103904,2026-05-07,North,Noida,Air Fryer 5L,Home & Kitchen,1,5364,5364,CUST-19217,Marketplace
UK-2026-103327,2026-05-20,South,Hyderabad,43-inch Smart TV,Electronics,1,26484,26484,CUST-33388,App
UK-2026-102801,2026-04-05,Central,Indore,Slim Fit Jeans,Fashion,1,1672,1672,CUST-38594,Website
UK-2026-103111,2026-05-03,Central,Indore,Slim Fit Jeans,Fashion,1,1632,1632,CUST-58364,Marketplace
UK-2026-102213,2026-03-16,South,Chennai,Air Fryer 5L,Home & Kitchen,1,5552,5552,CUST-62598,Website
UK-2026-100099,2026-01-27,Central,Nagpur,Cricket Bat English Willow,Sports,2,9427,18854,CUST-75739,Website
UK-2026-100185,2026-01-14,Central,Raipur,Robot Vacuum R7,Home & Kitchen,1,18248,18248,CUST-79451,App
UK-2026-100534,2026-01-03,South,Chennai,Football Size 5,Sports,1,915,915,CUST-18201,App
UK-2026-103193,2026-05-28,North,  Delhi,Ionic Hair Dryer,Beauty,1,1938,1938,CUST-53083,Website
UK-2026-103761,2026-05-02,North,Delhi,43-inch Smart TV,Electronics,2,27158,54316,CUST-42190,App
UK-2026-103588,2026-05-22,West,Surat,Noise-Cancelling Headphones,Electronics,1,9010,9010,CUST-35109,App
UK-2026-104802,2026-06-11,South,Bengaluru,Air Fryer 5L,Home & Kitchen,1,5689,5689,CUST-17907,App
UK-2026-103444,2026-05-29,South,Chennai,Slim Fit Jeans,Fashion,2,1664,3328,CUST-29588,App
UK-2026-100501,2026-01-20,West,Pune,Noise-Cancelling Headphones,Electronics,1,8591,8591,CUST-95443,Marketplace
UK-2026-100438,2026-01-05,North,Delhi,Slim Fit Jeans,Fashion,1,1646,1646,CUST-94082,App
UK-2026-102722,2026-04-03,West,Pune,Ethnic Dupatta,Fashion,1,483,483,CUST-79938,App
UK-2026-103897,2026-05-25,East,Patna,Mirrorless Camera Lite,Electronics,1,29296,29296,CUST-74927,Marketplace
UK-2026-100389,2026-01-06,North,Noida,Dinner Set 24pc,Home & Kitchen,1,2381,2381,CUST-92917,App
UK-2026-104214,2026-06-06,North,Chandigarh,Leather Wallet,Fashion,2,918,1836,CUST-25969,App
UK-2026-103147,2026-05-18,North,Gurugram,Power Bank 20000mAh,Electronics,1,1788,1788,CUST-65202,Marketplace
UK-2026-101351,2026-02-24,North,Chandigarh,Non-Stick Cookware Set,Home & Kitchen,1,2851,2851,CUST-31290,Website
UK-2026-103181,2026-05-01,North,Delhi,Wireless Earbuds Pro,Electronics,1,3059,3059,CUST-84397,Marketplace
UK-2026-103070,2026-04-12,South,Chennai,Sunscreen SPF50,Beauty,1,545,545,CUST-80423,Website
UK-2026-102135,2026-03-23,West,Pune,Vitamin C Serum,Beauty,1,705,705,CUST-68261,App
UK-2026-102045,2026-03-21,South,Chennai,Ultrabook Air 14,Electronics,1,31455,31455,CUST-44169,App
UK-2026-100833,2026-02-20,East,Bhubaneswar,Non-Stick Cookware Set,Home & Kitchen,1,2952,2952,CUST-39819,App
UK-2026-103295,"May 30, 2026",North,Delhi,Matte Lipstick Set,Beauty,1,890,890,CUST-33166,Marketplace
UK-2026-102401,2026-04-19,North,Delhi,Beard Grooming Kit,Beauty,1,1034,1034,CUST-80020,App
UK-2026-103223,2026-05-30,North,Chandigarh,Denim Jacket,Fashion,1,2210,2210,CUST-94284,App
UK-2026-101753,2026-03-30,North,Gurugram,Formal Shirt,Fashion,1,1084,1084,CUST-39536,App
UK-2026-102617,2026-04-28,South,Bengaluru,Mixer Grinder 750W,Home & Kitchen,1,3186,3186,CUST-78529,Website
UK-2026-100779,2026-02-22,West,Pune,Denim Jacket,Fashion,1,2205,2205,CUST-95568,Website
UK-2026-104197,2026-06-22,North,Gurugram,Cycling Helmet,Sports,1,1565,1565,CUST-53616,App
UK-2026-101483,2026-03-16,East,Kolkata,Gym Gloves,Sports,1,477,477,CUST-84727,App
UK-2026-101400,2026-02-16,Central,Indore,43-inch Smart TV,Electronics,2,25575,51150,CUST-57117,Marketplace
UK-2026-100019,2026-01-11,North,Chandigarh,Yoga Mat Pro,Sports,1,1208,1208,CUST-90742,Website
UK-2026-101443,2026-02-14,East,Calcutta,Electric Kettle 1.5L,Home & Kitchen,1,1066,1066,CUST-77660,Marketplace
UK-2026-103304,2026-05-17,North,Delhi,Wireless Earbuds Pro,Electronics,2,2879,5758,CUST-41826,App
UK-2026-104581,2026-06-24,East,Guwahati,Cotton Kurta Set,Fashion,1,1252,1252,CUST-11112,Website
UK-2026-102084,2026-03-04,Central,bhopal,Slim Fit Jeans,Fashion,1,1549,1549,CUST-84985,Website
UK-2026-103224,03-05-26,West,Ahmedabad,Dinner Set 24pc,Home & Kitchen,1,2516,2516,CUST-69633,App
UK-2026-103811,2026-05-02,Central,Bhopal,Formal Shirt,Fashion,3,1126,3378,CUST-28701,Website
UK-2026-103961,2026-05-24,East,Guwahati,Eau de Parfum 100ml,Beauty,-2,2060,2060,CUST-75367,App
UK-2026-100876,2026-02-16,South,Hyderabad,Cotton Bedsheet Set,Home & Kitchen,-2,1333,1333,CUST-47799,App
UK-2026-100729,2026-02-07,South,Bengaluru,Power Bank 20000mAh,Electronics,1,1785,1785,CUST-87323,App
UK-2026-100861,"Feb 26, 2026",West,Ahmedabad,Foldable Treadmill T2,Sports,3,26031,78093,CUST-78893,App
UK-2026-102119,2026-03-20,North,Chandigarh,Slim Fit Jeans,Fashion,1,1650,1650,CUST-74562,Website
UK-2026-104416,2026-06-16,North,Chandigarh,Modern Wall Clock,Home & Kitchen,1,801,801,CUST-25104,Website
UK-2026-104604,2026-06-02,South,Kochi,Leather Wallet,Fashion,2,934,1868,CUST-70064,App
UK-2026-102555,2026-04-09,West,Ahmedabad,Cotton Kurta Set,Fashion,1,1243,1243,CUST-38667,Website
UK-2026-101554,2026-03-13,East,Guwahati,Ultrabook Air 14,Electronics,1,28714,28714,CUST-27725,App
UK-2026-102060,2026-03-26,South,Kochi,Leather Wallet,Fashion,1,915,₹915,CUST-95240,Website
UK-2026-102941,2026-04-29,North,Noida,Beard Grooming Kit,Beauty,1,973,973,CUST-91382,Website
UK-2026-101742,2026-03-11,South,Bengaluru,Power Bank 20000mAh   ,Electronics,1,1745,1745,CUST-68954,Marketplace
UK-2026-104617,2026-06-14,South,Kochi,Noise-Cancelling Headphones,Electronics,1,9030,9030,CUST-90557,Marketplace
UK-2026-101100,2026-02-09,North,Delhi,Cotton Kurta Set,Fashion,2,1331,2662,CUST-92917,App
UK-2026-103750,2026-05-26,West,Ahmedabad,Mixer Grinder 750W,Home & Kitchen,1,3231,3231,CUST-25065,Website
UK-2026-104128,2026-06-23,North,Chandigarh,Non-Stick Cookware Set,Home & Kitchen,2,2877,5754,CUST-82669,Marketplace
UK-2026-101699,2026-03-03,North,Delhi,Electric Kettle 1.5L,Home & Kitchen,1,1070,1070,CUST-32249,Website
UK-2026-103439,2026-05-13,East,Kolkata,Wireless Earbuds Pro,Electronics,2,3116,6232,CUST-87872,App
UK-2026-100411,2026-01-16,West,Ahmedabad,Silk Saree,Fashion,,3510,3510,CUST-74952,Website
UK-2026-103166,2026-05-28,North,Noida,Electric Kettle 1.5L,Home & Kitchen,3,1154,3462,CUST-52878,Website
UK-2026-102380,2026-04-26,East,Bhubaneswar,Cricket Bat English Willow,Sports,1,8849,8849,CUST-91115,App
UK-2026-104381,2026-06-19,West,Surat,Electric Kettle 1.5L,Home & Kitchen,2,1081,2162,CUST-94470,App
UK-2026-102532,2026-04-06,North,Delhi,Cycling Helmet,Sports,1,1631,1631,CUST-61925,App
UK-2026-103122,2026-05-29,North,Noida,Wireless Earbuds Pro,Electronics,0,3075,3075,CUST-85548,Website
UK-2026-102206,2026-03-13,Central,Nagpur,Formal Shirt,Fashion,3,1090,3270,CUST-75367,Marketplace
UK-2026-102252,2026-04-28,North,Chandigarh,Cricket Bat English Willow,Sports,1,8616,8616,CUST-44028,Website
UK-2026-101717,2026-03-10,South,Kochi,Smart Watch X2,Electronics,1,4476,4476,CUST-76092,App
UK-2026-103788,2026-05-30,South,Hyderabad,Smart Watch X2,Electronics,1,4651,4651,CUST-98655,App
UK-2026-104832,2026-06-28,Central,Bhopal,Power Bank 20000mAh,Electronics,2,1817,3634,CUST-84168,App
UK-2026-104274,2026-06-16,East,Bhubaneswar,Silk Saree,Fashion,1,3582,3582,CUST-71939,App
UK-2026-104349,2026-06-20,West,Pune,Silk Saree,Fashion,1,3494,3494,CUST-12679,Website
UK-2026-104894,2026-06-08,East,Bhubaneswar,Ultrabook Air 14,Electronics,1,28786,28786,CUST-57174,App
UK-2026-101399,2026-02-13,West,Pune,Modern Wall Clock,Home & Kitchen,1,777,777,CUST-54148,App
UK-2026-100967,2026-02-07,West,Ahmedabad,Noise-Cancelling Headphones,Electronics,3,8831,26493,CUST-78379,App
UK-2026-100509,2026-01-12,South,Chennai,Cotton Bedsheet Set,Home & Kitchen,1,1383,1383,CUST-45452,App
UK-2026-101134,2026-02-05,West,Mumbai,Slim Fit Jeans,Fashion,1,1523,1523,CUST-93407,App
UK-2026-103833,2026-05-15,West,Ahmedabad,Noise-Cancelling Headphones,Electronics,1,9108,9108,CUST-91644,App
UK-2026-104221,2026-06-24,South,Hyderabad,Power Bank 20000mAh,Electronics,1,1872,1872,CUST-57174,App
UK-2026-104522,2026-06-03,South,Hyderabad,Bluetooth Speaker Mini,Electronics,4,1456,5824,CUST-87575,Website
UK-2026-101800,2026-03-22,South,Chennai,Air Fryer 5L,Home & Kitchen,1,5474,5474,CUST-79451,Website
UK-2026-103535,2026-05-19,Central,Nagpur,Gym Gloves,Sports,1,491,491,CUST-37359,Website
UK-2026-104472,2026-06-06,South,Kochi,Dinner Set 24pc,Home & Kitchen,1,2475,2475,CUST-69326,App
UK-2026-100329,2026-01-15,North,Noida,Beard Grooming Kit,Beauty,2,1010,2020,CUST-67634,Website
UK-2026-100318,2026-01-22,West,Mumbai,Ethnic Dupatta,Fashion,1,515,515,CUST-91157,App
UK-2026-100361,2026-01-20,West,Surat,Gym Gloves,Sports,1,509,509,CUST-47832,Website
UK-2026-102064,2026-03-16,Central,Nagpur,Power Bank 20000mAh,Electronics,2,1839,3678,CUST-38919,App
UK-2026-100158,2026-01-11,West,Pune,Smart Watch X2,Electronics,1,4296,4296,CUST-43520,Website
UK-2026-102417,05-04-26,South,Bengaluru,Ethnic Dupatta,Fashion,3,476,1428,CUST-76437,App
UK-2026-104544,2026-06-17,East,Bhubaneswar,Running Sneakers,Fashion,1,2786,2786,CUST-21680,Marketplace
UK-2026-104531,2026-06-05,North,Chandigarh,Beard Grooming Kit,Beauty,1,1038,1038,CUST-79669,App
UK-2026-100596,2026-01-17,North,Gurugram,Leather Wallet,Fashion,3,905,2715,CUST-54523,App
UK-2026-102052,2026-03-15,West,Mumbai,Cotton Bedsheet Set,Home & Kitchen,1,1395,1395,CUST-34592,App
UK-2026-101954,2026-03-30,West,Mumbai,Silk Saree,Fashion,1,3411,3411,CUST-41442,Website
UK-2026-102876,2026-04-20,West,Mumbai,Mirrorless Camera Lite,Electronics,0,27944,27944,CUST-88852,Marketplace
UK-2026-104744,2026-06-13,South,Chennai,Air Fryer 5L,Home & Kitchen,1,5319,5319,CUST-93025,App
UK-2026-104927,2026-06-11,West,Pune,Ethnic Dupatta,Fashion,1,478,478,CUST-64730,App
UK-2026-103053,2026-04-26,South,Chennai,43-inch Smart TV,Electronics,2,25045,50090,CUST-47550,Website
UK-2026-104056,2026-06-24,South,Bengaluru,Eau de Parfum 100ml,Beauty,1,2068,2068,CUST-65160,App
UK-2026-102622,2026-04-20,West,Surat,Running Sneakers,Fashion,1,2705,2705,CUST-72369,App
UK-2026-102463,2026-04-29,West,Mumbai,Denim Jacket,Fashion,2,2163,4326,CUST-64730,Website
UK-2026-104052,2026-06-25,West,Surat,Non-Stick Cookware Set,Home & Kitchen,1,2910,2910,CUST-50304,Marketplace
UK-2026-104545,2026-06-07,South,Bengaluru,Noise-Cancelling Headphones,Electronics,2,8588,17176,CUST-20025,App
UK-2026-102310,2026-04-24,West,Ahmedabad,Matte Lipstick Set,Beauty,1,911,911,CUST-92024,Website
UK-2026-103121,2026-05-08,Central,Raipur,Makeup Brush Set,Beauty,3,1261,3783,CUST-17735,App
UK-2026-103984,2026-05-03,North,Chandigarh,Makeup Brush Set,Beauty,1,1257,1257,CUST-22705,Marketplace
UK-2026-101810,2026-03-30,East,Bhubaneswar,Electric Kettle 1.5L,Home & Kitchen,1,1069,1069,CUST-45392,Website
UK-2026-102784,2026-04-16,West,Mumbai,Badminton Racket Set,Sports,1,2580,2580,CUST-70212,App
UK-2026-100173,2026-01-17,South,Bengaluru,Mixer Grinder 750W,Home & Kitchen,1,3404,3404,CUST-46313,Website
UK-2026-104984,2026-06-01,East,Bhubaneswar,Matte Lipstick Set,Beauty,2,856,1712,CUST-18884,Website
UK-2026-102482,2026-04-14,East,Kolkata,Matte Lipstick Set,Beauty,1,858,858,CUST-53247,Website
UK-2026-101796,2026-03-07,South,Kochi,Ultrabook Air 14,Electronics,2,30458,60916,CUST-34592,Marketplace
UK-2026-102207,2026-03-10,West,Ahmedabad,Football Size 5,Sports,1,939,939,CUST-77082,App
UK-2026-102638,2026-04-20,South,Hyderabad,Ethnic Dupatta,Fashion,1,475,₹475,CUST-61086,Website
UK-2026-102987,2026-04-20,West,Surat,Leather Wallet,Fashion,1,908,908,CUST-49044,Website
UK-2026-103706,2026-05-13,South,Chennai,Matte Lipstick Set,Beauty,1,863,863,CUST-48642,Website
UK-2026-100111,2026-01-28,South,Bengaluru,Gym Gloves,Sports,2,474,948,CUST-27471,App
UK-2026-102976,2026-04-04,North,Chandigarh,Modern Wall Clock,Home & Kitchen,1,774,774,CUST-89125,App
UK-2026-103117,2026-05-24,East,Kolkata,Gym Gloves,Sports,2,481,962,CUST-14516,App
UK-2026-103880,2026-05-14,South,Kochi,Running Sneakers,Fashion,1,2744,2744,CUST-97017,App
UK-2026-100871,2026-02-20,South,Bengaluru,Leather Wallet,Fashion,4,942,3768,CUST-13888,Website
UK-2026-100980,2026-02-15,North,Gurgaon,Silk Saree,Fashion,1,3353,3353,CUST-14662,App
UK-2026-102138,2026-03-09,East,Guwahati,Gym Gloves,Sports,1,489,489,CUST-88481,Marketplace
UK-2026-100576,2026-01-31,Central,Bhopal,Matte Lipstick Set,Beauty,1,906,906,CUST-90501,App
UK-2026-102576,2026-04-30,South,Bengaluru,Dinner Set 24pc,Home & Kitchen,2,2411,4822,CUST-35055,Website
UK-2026-101023,2026-02-20,West,Ahmedabad,Air Fryer 5L,Home & Kitchen,1,5636,5636,CUST-52649,App
UK-2026-103195,2026-05-20,North,Delhi,Electric Kettle 1.5L,Home & Kitchen,1,1064,1064,CUST-75066,App
UK-2026-100617,2026-01-27,West,Surat,Formal Shirt,Fashion,1,1130,1130,CUST-60761,Marketplace
UK-2026-101095,2026-02-05,Central,Raipur,Modern Wall Clock,Home & Kitchen,1,799,799,CUST-80105,Marketplace
UK-2026-101611,2026-03-25,South,Chennai,Beard Grooming Kit,Beauty,1,1030,1030,CUST-13840,Website
UK-2026-100532,2026-01-16,South,Kochi,Bluetooth Speaker Mini,Electronics,2,1520,3040,CUST-33128,Website
UK-2026-102546,2026-04-19,East,Bhubaneswar,Leather Wallet,Fashion,1,878,878,CUST-86521,Website
UK-2026-102403,2026-04-23,South,Hyderabad,Power Bank 20000mAh,Electronics,1,1765,1765,CUST-92461,App
UK-2026-104402,2026-06-30,South,Bengaluru,Ionic Hair Dryer,Beauty,2,1905,3810,CUST-57181,App
UK-2026-101675,2026-03-19,West,Surat,Football Size 5,Sports,1,902,902,CUST-75173,Website
UK-2026-102189,2026-03-10,South,Bengaluru,Ethnic Dupatta,Fashion,2,487,974,CUST-86623,Website
UK-2026-103885,2026-05-03,South,Hyderabad,Running Sneakers,Fashion,1,2695,2695,CUST-82669,Website
UK-2026-100305,2026-01-23,North,Gurugram,Slim Fit Jeans,Fashion,1,1632,1632,CUST-48566,App
UK-2026-104624,2026-06-03,East,Calcutta,Smart Watch X2,Electronics,1,4485,4485,CUST-97209,App
UK-2026-103285,2026-05-17,North,New Delhi,Power Bank 20000mAh,Electronics,2,1813,3626,CUST-93354,App
UK-2026-103221,2026-05-09,North,Gurugram,Mirrorless Camera Lite,Electronics,1,29657,29657,CUST-80346,Marketplace
UK-2026-104944,2026-06-21,Central,Bhopal,Non-Stick Cookware Set,Home & Kitchen,4,3035,12140,CUST-76678,Website
UK-2026-103799,2026-05-29,West,Ahmedabad,Non-Stick Cookware Set,Home & Kitchen,1,2985,2985,CUST-53083,App
UK-2026-100440,2026-01-19,North,Gurugram,Smart Watch X2,Electronics,1,4330,4330,CUST-17576,App
UK-2026-100224,2026-01-11,West,Pune,Leather Wallet,Fashion,1,931,931,CUST-37320,Website
UK-2026-100870,2026-02-02,East,Patna,Electric Kettle 1.5L,Home & Kitchen,1,1085,1085,CUST-90801,Marketplace
UK-2026-102498,2026-04-08,West,Pune,Running Sneakers,Fashion,1,2789,2789,CUST-22072,App
UK-2026-100641,2026-01-10,West,Ahmedabad,Makeup Brush Set,Beauty,1,1294,1294,CUST-59961,App
UK-2026-100262,2026-01-17,West,Mumbai,Non-Stick Cookware Set,Home & Kitchen,1,2858,2858,CUST-33786,Website
UK-2026-104709,2026-06-03,South,Bengaluru,Power Bank 20000mAh,Electronics,2,1724,3448,CUST-75045,Marketplace
UK-2026-103020,2026-04-19,South,Bengaluru,Modern Wall Clock,Home & Kitchen,2,823,1646,CUST-77428,Website
UK-2026-100657,2026-01-19,East,Guwahati,Cotton Bedsheet Set,Home & Kitchen,1,1372,1372,CUST-95983,Website
UK-2026-104032,2026-06-03,South,Chennai,Mixer Grinder 750W,Home & Kitchen,1,3290,3290,CUST-43226,App
UK-2026-103375,2026-05-17,North,Chandigarh,Formal Shirt,Fashion,1,1120,"₹1,120",CUST-46313,App
UK-2026-100619,2026-01-02,East,Bhubaneswar,Power Bank 20000mAh,Electronics,1,1797,1797,CUST-60493,App
UK-2026-101331,24-02-26,Central,Nagpur,Dinner Set 24pc,Home & Kitchen,3,2618,7854,CUST-28909,Marketplace
UK-2026-101238,2026-02-20,West,Mumbai,Cotton Bedsheet Set,Home & Kitchen,1,1410,1410,CUST-76225,Website
UK-2026-100276,2026-01-14,Central,Nagpur,Formal Shirt,Fashion,1,1143,1143,CUST-77706,Website
UK-2026-103083,2026-04-05,South,Hyderabad,Wireless Earbuds Pro,Electronics,1,2888,2888,CUST-12438,Website
UK-2026-103386,2026-05-30,South,Chennai,Cotton Kurta Set,Fashion,1,1242,1242,CUST-54523,App
UK-2026-100940,2026-02-23,West,Mumbai,Air Fryer 5L,Home & Kitchen,1,5546,5546,CUST-12459,Website
UK-2026-102477,2026-04-18,South,Bengaluru,Eau de Parfum 100ml,Beauty,1,2079,2079,CUST-61089,App
UK-2026-102261,2026-04-18,North,Noida,Robot Vacuum R7,Home & Kitchen,1,19117,19117,CUST-45198,App
UK-2026-104781,2026-06-06,North,Noida,Non-Stick Cookware Set,Home & Kitchen,2,2953,5906,CUST-84656,App
UK-2026-100168,2026-01-31,North,Chandigarh,Non-Stick Cookware Set,Home & Kitchen,1,3004,3004,CUST-99328,App
UK-2026-103090,2026-04-11,Central,Raipur,43-inch Smart TV,Electronics,1,26292,26292,CUST-56342,Website
UK-2026-104740,2026-06-11,South,Bengaluru,Eau de Parfum 100ml,Beauty,1,1948,1948,CUST-81662,App
UK-2026-101916,2026-03-19,South,Hyderabad,Silk Saree,Fashion,2,3509,7018,CUST-42190,App
UK-2026-100774,2026-02-13,West,Ahmedabad,Robot Vacuum R7,Home & Kitchen,3,18096,54288,CUST-38193,App
UK-2026-101058,2026-02-03,West,Pune,Face Wash Combo,Beauty,3,432,1296,CUST-77661,App
UK-2026-104995,2026-06-30,South,Hyderabad,Electric Kettle 1.5L,Home & Kitchen,2,1148,2296,CUST-76790,App
UK-2026-100817,19-02-26,North,Gurugram,Leather Wallet,Fashion,3,881,2643,CUST-86657,App
UK-2026-102740,2026-04-21,North,Chandigarh,Modern Wall Clock,Home & Kitchen,1,830,830,CUST-64933,Website
UK-2026-101417,2026-02-18,South,Bengaluru,Leather Wallet,Fashion,1,868,868,CUST-22720,Website
UK-2026-102160,2026-03-26,South,Bengaluru,Noise-Cancelling Headphones,Electronics,1,9178,9178,CUST-77862,App
UK-2026-100834,2026-02-10,South,Kochi,Vitamin C Serum,Beauty,1,679,679,CUST-74418,App
UK-2026-101021,2026-02-14,North,Noida,Bluetooth Speaker Mini,Electronics,1,1457,1457,CUST-29741,Website
UK-2026-103792,2026-05-31,North,Delhi,Power Bank 20000mAh,Electronics,1,1870,1870,CUST-31275,App
UK-2026-104594,2026-06-12,North,Delhi,Modern Wall Clock,Home & Kitchen,1,835,835,CUST-25538,Marketplace
UK-2026-101119,2026-02-03,South,Kochi,Bluetooth Speaker Mini,Electronics,2,1440,2880,CUST-11435,App
UK-2026-103473,2026-05-24,West,Surat,Cricket Bat English Willow,Sports,1,9002,9002,CUST-88239,Marketplace
UK-2026-103101,2026-05-19,South,Hyderabad,Ionic Hair Dryer,Beauty,1,1859,1859,CUST-12820,Website
UK-2026-103899,2026-05-10,North,Noida,Ultrabook Air 14,Electronics,2,28540,57080,CUST-34492,Website
UK-2026-101082,2026-02-14,North,Gurugram,Bluetooth Speaker Mini,Electronics,1,1440,1440,CUST-33128,Website
UK-2026-100004,2026-01-26,South,Bengaluru,Mixer Grinder 750W,Home & Kitchen,2,3164,6328,CUST-23796,App
UK-2026-100126,2026-01-10,South,Chennai,43-inch Smart TV,Electronics,1,25472,25472,CUST-33491,Marketplace
UK-2026-100116,2026-01-30,Central,Indore,Power Bank 20000mAh,Electronics,1,1876,1876,CUST-69109,Marketplace
UK-2026-103097,2026-05-14,South,Bengaluru,Bluetooth Speaker Mini,Electronics,2,1568,3136,CUST-41060,App
UK-2026-102971,2026-04-16,North,Chandigarh,Slim Fit Jeans,Fashion,2,1632,3264,CUST-28701,App
UK-2026-104941,2026-06-05,East,Patna,Smart Watch X2,Electronics,1,4411,4411,CUST-50244,Marketplace
UK-2026-104912,2026-06-19,South,Bengaluru,Modern Wall Clock,Home & Kitchen,1,772,772,CUST-33102,Website
UK-2026-104698,2026-06-03,,Bengaluru,Ultrabook Air 14,Electronics,1,30525,30525,CUST-58364,App
UK-2026-101076,2026-02-10,South,Chennai,Denim Jacket,Fashion,1,2199,2199,CUST-47267,App
UK-2026-100452,2026-01-08,Central,Raipur,Silk Saree,Fashion,1,3572,3572,CUST-76898,App
UK-2026-101754,2026-03-13,South,Chennai,Face Wash Combo,Beauty,1,465,465,CUST-61588,App
UK-2026-102462,2026-04-19,South,Chennai,Silk Saree,Fashion,1,3490,3490,CUST-74826,Website
UK-2026-101851,2026-03-18,East,Guwahati,Cotton Bedsheet Set,Home & Kitchen,1,1391,1391,CUST-69275,App
UK-2026-101585,2026-03-29,North,Noida,Electric Kettle 1.5L,Home & Kitchen,1,1108,1108,CUST-93336,Website
UK-2026-103910,2026-05-24,West,Pune,Gym Gloves,Sports,1,518,518,CUST-50640,Marketplace
UK-2026-104279,2026-06-07,Central,Nagpur,Air Fryer 5L,Home & Kitchen,1,5753,5753,CUST-63056,Website
UK-2026-102829,2026-04-13,,Nagpur,Air Fryer 5L,Home & Kitchen,1,5671,5671,CUST-50908,Website
UK-2026-102965,2026-04-01,North,Gurugram,Cycling Helmet,Sports,1,1672,1672,CUST-19319,Marketplace
UK-2026-103426,2026-05-08,West,Ahmedabad,Denim Jacket,Fashion,1,2202,2202,CUST-73212,App
UK-2026-100368,2026-01-06,South,Hyderabad,Slim Fit Jeans,Fashion,2,1586,3172,CUST-80424,Website
UK-2026-104093,2026-06-10,South,Chennai,Air Fryer 5L,Home & Kitchen,1,5367,5367,CUST-54709,Website
UK-2026-102906,2026-04-21,North,Chandigarh,Robot Vacuum R7,Home & Kitchen,1,18621,18621,CUST-94284,Website
UK-2026-100024,2026-01-02,West,Ahmedabad,Foldable Treadmill T2,Sports,1,25406,25406,CUST-58179,App
UK-2026-100592,2026-01-25,West,Ahmedabad,Adjustable Dumbbells 15kg,Sports,2,5224,10448,CUST-64211,Website
UK-2026-102029,2026-03-07,Central,Bhopal,Sunscreen SPF50,Beauty,1,543,543,CUST-63691,App
UK-2026-101814,2026-03-08,West,Pune,Yoga Mat Pro,Sports,3,1227,3681,CUST-10218,App
UK-2026-102681,2026-04-23,South,Kochi,Ultrabook Air 14,Electronics,1,29566,"29,566.00",CUST-82600,Website
UK-2026-103610,2026-05-21,South,Kochi,Football Size 5,Sports,1,914,914,CUST-59168,App
UK-2026-103252,2026-05-11,Central,Nagpur,Ethnic Dupatta,Fashion,1,493,493,CUST-95624,App
UK-2026-102923,27-04-26,Central,Bhopal,Robot Vacuum R7,Home & Kitchen,1,18434,18434,CUST-99670,App
UK-2026-103373,2026-05-19,North,Chandigarh,Yoga Mat Pro,Sports,1,1157,1157,CUST-18679,App
UK-2026-101226,2026-02-12,East,Bhubaneswar,Yoga Mat Pro,Sports,1,1178,1178,CUST-14516,App
UK-2026-100222,2026-01-26,South,Hyderabad,Ultrabook Air 14,Electronics,1,29752,29752,CUST-53298,Website
UK-2026-103434,2026-05-16,South,Hyderabad,Modern Wall Clock,Home & Kitchen,1,800,800,CUST-60187,App
UK-2026-102455,2026-04-23,North,Delhi,Vitamin C Serum,Beauty,1,688,688,CUST-40564,Marketplace
UK-2026-104400,2026-06-07,Central,Bhopal,Slim Fit Jeans,Fashion,2,1619,3238,CUST-34293,Website
UK-2026-102785,2026-04-15,Central,Bhopal,Cotton Kurta Set,Fashion,1,1349,1349,CUST-73405,App
UK-2026-103321,2026-05-05,North,Gurugram,Cycling Helmet,Sports,2,1599,3198,CUST-78281,Marketplace
UK-2026-104484,2026-06-30,East,Kolkata,Non-Stick Cookware Set,Home & Kitchen,2,2847,5694,CUST-46503,Website
UK-2026-104858,2026-06-04,East,Patna,Ethnic Dupatta,Fashion,1,475,475,CUST-17848,App
UK-2026-104510,15-06-26,South,Bengaluru,Leather Wallet,Fashion,1,933,933,CUST-51865,App
UK-2026-104320,2026-06-01,North,Delhi,Dinner Set 24pc,Home & Kitchen,1,2431,2431,CUST-73908,Website
UK-2026-101764,2026-03-02,East,Kolkata,Silk Saree,Fashion,1,3585,3585,CUST-80423,Website
UK-2026-101839,2026-03-22,South,Bengaluru,Sunscreen SPF50,Beauty,1,552,552,CUST-88344,App
UK-2026-100613,2026-01-01,South,Chennai,Modern Wall Clock,Home & Kitchen,1,769,769,CUST-12820,App
UK-2026-100874,2026-02-20,South,Bengaluru,43-inch Smart TV,Electronics,1,25299,25299,CUST-28817,App
UK-2026-103257,2026-05-05,North,Gurugram,Electric Kettle 1.5L,Home & Kitchen,1,1048,1048,CUST-32049,Marketplace
UK-2026-101257,2026-02-15,South,Kochi,Gym Gloves,Sports,1,502,502,CUST-55477,App
UK-2026-104451,2026-06-16,West,Pune,Silk Saree,Fashion,1,3387,3387,CUST-43217,Marketplace
UK-2026-102835,2026-04-21,West,Surat,Badminton Racket Set,Sports,1,2434,2434,CUST-47784,App
UK-2026-104520,24/06/2026,North,Noida,Cotton Kurta Set,Fashion,1,1300,1300,CUST-58491,Website
UK-2026-104486,2026-06-16,East,Guwahati,Bluetooth Speaker Mini,Electronics,2,1511,3022,CUST-40655,App
UK-2026-103690,2026-05-22,South,Kochi,Football Size 5,Sports,1,940,940,CUST-13570,Website
UK-2026-102136,2026-03-08,Central,Nagpur,Cycling Helmet,Sports,1,1679,1679,CUST-23574,Marketplace
UK-2026-104872,2026-06-18,West,Ahmedabad,Bluetooth Speaker Mini,Electronics,1,1543,1543,CUST-95858,Website
UK-2026-104343,2026-06-21,West,Mumbai,Yoga Mat Pro,Sports,1,1176,1176,CUST-85903,App
UK-2026-101120,"Feb 28, 2026",North,Gurugram,Matte Lipstick Set,Beauty,1,903,903,CUST-47784,App
UK-2026-104656,2026-06-01,South,Kochi,Leather Wallet,Fashion,3,934,2802,CUST-22250,Website
UK-2026-101541,2026-03-31,Central,Bhopal,Ultrabook Air 14,Electronics,1,31031,31031,CUST-94258,Website
UK-2026-103479,2026-05-07,West,Surat,Noise-Cancelling Headphones,Electronics,2,8807,17614,CUST-24302,Marketplace
UK-2026-102599,2026-04-23,South,Hyderabad,Denim Jacket,Fashion,1,2144,2144,CUST-10859,Marketplace
UK-2026-101412,2026-02-20,North,Delhi,Cotton Kurta Set,Fashion,4,1297,5188,CUST-58790,Website
UK-2026-104651,2026-06-21,North,Noida,Noise-Cancelling Headphones,Electronics,2,9131,18262,CUST-25005,Marketplace
UK-2026-104851,2026-06-17,South,Hyderabad,Eau de Parfum 100ml,Beauty,1,1904,1904,CUST-63691,App
UK-2026-103161,2026-05-15,West,Pune,Robot Vacuum R7,Home & Kitchen,4,19117,76468,CUST-28055,Website
UK-2026-100267,2026-01-16,South,Kochi,Formal Shirt,Fashion,1,1080,1080,CUST-50413,Marketplace
UK-2026-103152,2026-05-25,South,Kochi,COTTON BEDSHEET SET,Home & Kitchen,1,1334,1334,CUST-89127,Website
UK-2026-101608,2026-03-12,North,Gurugram,Mixer Grinder 750W,Home & Kitchen,1,3187,3187,CUST-80519,Website
UK-2026-102168,2026-03-04,South,Bengaluru,Mirrorless Camera Lite,Electronics,2,29366,58732,CUST-31338,Marketplace
UK-2026-102552,2026-04-16,South,Hyderabad,Bluetooth Speaker Mini,Electronics,,1505,4515,CUST-40443,Marketplace
UK-2026-102725,2026-04-17,East,Kolkata,Dinner Set 24pc,Home & Kitchen,1,2604,2604,CUST-32601,App
UK-2026-103450,11-05-26,South,Chennai,Leather Wallet,Fashion,1,876,876,CUST-71396,App
UK-2026-104030,2026-06-13,South,Bengaluru,Smart Watch X2,Electronics,1,4409,4409,CUST-13722,Marketplace
UK-2026-103969,2026-05-18,North,Noida,Silk Saree,Fashion,1,3620,3620,CUST-73620,Website
UK-2026-100711,25-01-26,West,Mumbai,Ionic Hair Dryer,Beauty,1,1847,1847,CUST-22300,App
UK-2026-100555,2026-01-06,North,New Delhi,Ionic Hair Dryer,Beauty,3,1831,5493,CUST-58065,App
UK-2026-103736,"May 10, 2026",Central,Raipur,Ionic Hair Dryer,Beauty,1,1964,1964,CUST-37375,App
UK-2026-101902,2026-03-25,Central,Bhopal,Noise-Cancelling Headphones,Electronics,1,8582,8582,CUST-77170,Marketplace
UK-2026-104471,2026-06-03,East,Patna,Vitamin C Serum,Beauty,1,680,680,CUST-23796,Website
UK-2026-101535,2026-03-20,West,Surat,Foldable Treadmill T2,Sports,1,24748,24748,CUST-39935,App
UK-2026-104257,2026-06-20,North,Noida,Power Bank 20000mAh,Electronics,,1806,3612,CUST-10381,App
UK-2026-102089,2026-03-26,Central,Nagpur,Denim Jacket,Fashion,1,2229,2229,CUST-92996,Marketplace
UK-2026-101761,2026-03-07,West,Pune,Modern Wall Clock,Home & Kitchen,1,781,781,CUST-58145,App
UK-2026-103387,2026-05-21,North,Gurugram,Noise-Cancelling Headphones,Electronics,2,9185,18370,CUST-69603,Marketplace
UK-2026-100045,2026-01-21,East,Bhubaneswar,Bluetooth Speaker Mini,Electronics,1,1475,1475,CUST-54232,Marketplace
UK-2026-103609,2026-05-16,North,Noida,Air Fryer 5L,Home & Kitchen,1,5393,5393,CUST-69603,App
UK-2026-103861,2026-05-16,North,Delhi,Electric Kettle 1.5L,Home & Kitchen,1,1121,1121,CUST-60496,App
UK-2026-104242,2026-06-18,West,Pune,Bluetooth Speaker Mini,Electronics,1,1548,1548,CUST-35981,App
UK-2026-103169,2026-05-03,South,Bengaluru,Foldable Treadmill T2,Sports,1,26231,26231,CUST-78237,Marketplace
UK-2026-101746,2026-03-22,West,Mumbai,Beard Grooming Kit,Beauty,3,1029,3087,CUST-48967,Website
UK-2026-100308,2026-01-25,North,Noida,Mixer Grinder 750W,Home & Kitchen,1,3308,3308,CUST-40872,App
UK-2026-102088,2026-03-06,North,New Delhi,Adjustable Dumbbells 15kg,Sports,1,5084,5084,CUST-97473,Website
UK-2026-101898,2026-03-06,West,Pune,Cotton Bedsheet Set,Home & Kitchen,1,1332,1332,CUST-22720,Marketplace
UK-2026-103667,2026-05-31,West,Pune,Vitamin C Serum,Beauty,2,667,1334,CUST-30642,App
UK-2026-100627,2026-01-18,South,Bengaluru,Cotton Bedsheet Set,Home & Kitchen,1,1406,1406,CUST-16899,Website
UK-2026-103300,2026-05-17,East,Guwahati,Ultrabook Air 14,Electronics,1,29953,29953,CUST-76055,App
UK-2026-102398,2026-04-24,Central,Raipur,Ionic Hair Dryer,Beauty,2,1889,3778,CUST-89198,Website
UK-2026-100995,2026-02-03,,Guwahati,Silk Saree,Fashion,1,3539,3539,CUST-55682,Website
UK-2026-104458,2026-06-21,North,Chandigarh,Slim Fit Jeans,Fashion,1,1573,1573,CUST-60968,App
UK-2026-100370,2026-01-23,South,Bengaluru,Adjustable Dumbbells 15kg,Sports,1,4801,4801,CUST-20444,Website
UK-2026-103204,2026-05-27,South,Bengaluru,Mixer Grinder 750W,Home & Kitchen,1,3231,3231,CUST-25587,Marketplace
UK-2026-100922,2026-02-23,North,Gurugram,Mirrorless Camera Lite,Electronics,1,29526,29526,CUST-82242,Website
UK-2026-100504,2026-01-10,North,Chandigarh,Cotton Kurta Set,Fashion,2,1262,2524,CUST-63391,App
UK-2026-103817,2026-05-01,South,Hyderabad,Cotton Bedsheet Set,Home & Kitchen,2,1333,,CUST-32982,App
UK-2026-102714,2026-04-03,North,Gurugram,Leather Wallet,Fashion,2,869,1738,CUST-90124,Website
UK-2026-100962,2026-02-04,South,Bengaluru,Smart Watch X2,Electronics,1,4638,4638,CUST-41965,Marketplace
UK-2026-104397,2026-06-03,South,Chennai,Power Bank 20000mAh,Electronics,2,1731,3462,CUST-84896,Website
UK-2026-101237,2026-02-02,South,Bengaluru,Electric Kettle 1.5L,Home & Kitchen,1,1112,1112,CUST-87235,App
UK-2026-101940,2026-03-24,Central,Raipur,Robot Vacuum R7,Home & Kitchen,2,19337,38674,CUST-22295,Marketplace
UK-2026-102609,2026-04-30,South,Kochi,Slim Fit Jeans,Fashion,1,1612,1612,CUST-93858,Website
UK-2026-100974,2026-02-23,South,Bengaluru,Slim Fit Jeans,Fashion,1,1668,1668,CUST-48709,Marketplace
UK-2026-104275,2026-06-17,North,Delhi,Mirrorless Camera Lite,Electronics,1,27773,27773,CUST-65516,App
UK-2026-104524,2026-06-22,South,Kochi,Cotton Kurta Set,Fashion,2,1257,2514,CUST-43875,App
UK-2026-104369,2026-06-19,North,Chandigarh,Wireless Earbuds Pro,Electronics,2,3123,6246,CUST-61756,Marketplace
UK-2026-103459,2026-05-15,South,Hyderabad,Gym Gloves,Sports,1,479,479,CUST-30396,Marketplace
UK-2026-100044,2026-01-12,West,Pune,Vitamin C Serum,Beauty,1,684,₹684,CUST-22474,Website
UK-2026-103455,2026-05-12,Central,Bhopal,Beard Grooming Kit,Beauty,2,993,1986,CUST-89796,Marketplace
UK-2026-104479,2026-06-12,South,Hyderabad,Non-Stick Cookware Set,Home & Kitchen,2,2785,5570,CUST-88507,App
UK-2026-101778,2026-03-04,Central,Nagpur,Leather Wallet,Fashion,1,904,904,CUST-77082,App
UK-2026-101030,2026-02-03,South,Kochi,Robot Vacuum R7,Home & Kitchen,1,19684,19684,CUST-31467,Marketplace
UK-2026-101246,2026-02-18,West,Surat,Electric Kettle 1.5L,Home & Kitchen,1,1079,1079,CUST-57811,Marketplace
UK-2026-101016,2026-02-15,North,Gurugram,Vitamin C Serum,Beauty,1,672,672,CUST-21592,App
UK-2026-103159,2026-05-25,East,Guwahati,Wireless Earbuds Pro,Electronics,1,3010,3010,CUST-19500,App
UK-2026-100917,2026-02-08,Central,Indore,Non-Stick Cookware Set,Home & Kitchen,1,3006,3006,CUST-95983,Website
UK-2026-100889,2026-02-17,Central,Nagpur,43-inch Smart TV,Electronics,-2,26920,80760,CUST-81985,App
UK-2026-100855,10/02/2026,South,Hyderabad,Air Fryer 5L,Home & Kitchen,1,5630,5630,CUST-73390,Website
UK-2026-104431,2026-06-21,East,Guwahati,Noise-Cancelling Headphones,Electronics,1,9049,9049,CUST-78705,App
UK-2026-104902,2026-06-08,South,Kochi,Cotton Bedsheet Set,Home & Kitchen,0,1335,2670,CUST-73872,App
UK-2026-103372,2026-05-07,West,Mumbai,Bluetooth Speaker Mini,Electronics,1,1431,1431,CUST-44198,Marketplace
UK-2026-102949,2026-04-28,North,New Delhi,Cotton Bedsheet Set,Home & Kitchen,2,1439,2878,CUST-33835,Website
UK-2026-100007,2026-01-30,West,Surat,Formal Shirt,Fashion,,1105,2210,CUST-85004,Marketplace
UK-2026-103072,2026-04-29,North,Noida,Football Size 5,Sports,4,857,3428,CUST-16590,App
UK-2026-103883,2026-05-19,East,Bhubaneswar,Ethnic Dupatta,Fashion,1,511,511,CUST-40211,Website
UK-2026-103507,2026-05-03,South,Chennai,Face Wash Combo,Beauty,1,465,465,CUST-21081,App
UK-2026-100134,2026-01-16,South,Chennai,Ultrabook Air 14,Electronics,1,29915,29915,CUST-77830,App
UK-2026-104310,2026-06-15,South,Bengaluru,Silk Saree,Fashion,1,3503,3503,CUST-16641,App
UK-2026-100524,2026-01-06,West,Mumbai,Running Sneakers,Fashion,1,2819,2819,CUST-23959,App
UK-2026-102423,2026-04-01,North,Noida,Wireless Earbuds Pro,Electronics,1,3046,3046,CUST-79798,Marketplace
UK-2026-100426,2026-01-20,West,Ahmedabad,Mixer Grinder 750W,Home & Kitchen,1,3449,3449,CUST-57084,App
UK-2026-104608,2026-06-18,Central,Bhopal,Bluetooth Speaker Mini,Electronics,3,1451,4353,CUST-10381,App
UK-2026-100867,2026-02-13,South,Chennai,Bluetooth Speaker Mini,Electronics,2,1552,3104,CUST-55940,App
UK-2026-100960,2026-02-02,North,Delhi,Wireless Earbuds Pro,Electronics,0,3113,3113,CUST-96955,Marketplace
UK-2026-104683,2026-06-08,North,Noida,Face Wash Combo,Beauty,1,438,438,CUST-10485,App
UK-2026-102954,2026-04-03,West,Pune,Cotton Bedsheet Set,Home & Kitchen,1,1383,1383,CUST-20731,App
UK-2026-100920,2026-02-18,North,Chandigarh,Noise-Cancelling Headphones,Electronics,1,8951,8951,CUST-84604,Website
UK-2026-100488,2026-01-26,South,Hyderabad,Robot Vacuum R7,Home & Kitchen,1,18081,18081,CUST-91934,Website
UK-2026-103546,2026-05-03,South,Hyderabad,Non-Stick Cookware Set,Home & Kitchen,1,2860,2860,CUST-54519,App
UK-2026-102448,2026-04-01,West,Pune,Eau de Parfum 100ml,Beauty,1,2008,2008,CUST-91286,Website
UK-2026-101159,2026-02-28,Central,Raipur,43-inch Smart TV,Electronics,1,26747,26747,CUST-11226,Marketplace
UK-2026-102178,2026-03-12,North,Gurugram,Non-Stick Cookware Set,Home & Kitchen,1,2839,2839,CUST-90742,Marketplace
UK-2026-104509,2026-06-28,East,Kolkata,Slim Fit Jeans,Fashion,1,1609,1609,CUST-68712,App
UK-2026-103695,2026-05-15,East,Patna,Face Wash Combo,Beauty,2,465,930,CUST-47353,Website
UK-2026-104983,2026-06-07,South,Kochi,Ethnic Dupatta,Fashion,1,497,497,CUST-86433,Website
UK-2026-104356,2026-06-09,Central,Raipur,Slim Fit Jeans,Fashion,1,1649,1649,CUST-73331,Website
UK-2026-103579,2026-05-10,South,Hyderabad,Noise-Cancelling Headphones,Electronics,1,9035,9035,CUST-54273,Website
UK-2026-104293,2026-06-03,East,Patna,Running Sneakers,Fashion,1,2705,2705,CUST-91421,Marketplace
UK-2026-102514,2026-04-28,South,Bengaluru,Smart Watch X2,Electronics,1,4459,4459,CUST-84727,App
UK-2026-101334,2026-02-09,North,Noida,Sunscreen SPF50,Beauty,1,539,539,CUST-44198,App
UK-2026-101478,2026-03-09,West,Mumbai,Power Bank 20000mAh,Electronics,4,1737,6948,CUST-96289,App
UK-2026-101847,2026-03-14,North,Noida,Modern Wall Clock,Home & Kitchen,1,768,768,CUST-52480,App
UK-2026-103617,2026-05-08,West,Surat,Leather Wallet,Fashion,1,932,932,CUST-72409,Website
UK-2026-101396,2026-02-04,West,Ahmedabad,Mixer Grinder 750W,Home & Kitchen,1,3402,3402,CUST-59175,App
UK-2026-102095,2026-03-01,East,Patna,Cotton Bedsheet Set,Home & Kitchen,2,1420,2840,CUST-73405,App
UK-2026-101022,2026-02-06,North,Gurugram,Beard Grooming Kit,Beauty,1,995,995,CUST-77941,App
UK-2026-103678,2026-05-11,South,Cochin,Cotton Bedsheet Set,Home & Kitchen,1,1384,1384,CUST-20430,App
UK-2026-103775,2026-05-07,North,Chandigarh,Denim Jacket,Fashion,1,2257,2257,CUST-67639,App
UK-2026-101408,2026-02-06,North,Chandigarh,Gym Gloves,Sports,1,479,479,CUST-30396,Marketplace
UK-2026-103839,2026-05-05,West,Mumbai,Modern Wall Clock,Home & Kitchen,1,830,830,CUST-13901,Website
UK-2026-104426,2026-06-15,West,Pune,43-inch Smart TV,Electronics,1,26609,26609,CUST-90094,Website
UK-2026-102956,2026-04-15,East,Patna,Bluetooth Speaker Mini,Electronics,1,1505,1505,CUST-31275,Marketplace
UK-2026-104614,2026-06-11,North,Gurugram,Vitamin C Serum,Beauty,1,714,714,CUST-47799,App
UK-2026-101217,2026-02-21,South,Hyderabad,Face Wash Combo,Beauty,2,442,884,CUST-47897,App
UK-2026-100610,2026-01-07,Central,Bhopal,Noise-Cancelling Headphones,Electronics,2,9145,18290,CUST-40131,App
UK-2026-103054,2026-04-11,West,Pune,Denim Jacket,Fashion,1,2159,2159,CUST-67686,App
UK-2026-103222,2026-05-18,North,Gurugram,Denim Jacket,Fashion,2,2151,4302,CUST-25307,Marketplace
UK-2026-103881,2026-05-17,South,Chennai,Slim Fit Jeans,Fashion,1,1625,1625,CUST-37375,Marketplace
UK-2026-104014,2026-05-11,Central,Bhopal,Cotton Bedsheet Set,Home & Kitchen,1,1346,1346,CUST-43428,App
UK-2026-101693,2026-03-05,East,Kolkata,Non-Stick Cookware Set,Home & Kitchen,2,2854,5708,CUST-29029,App
UK-2026-100109,2026-01-05,North,Noida,Gym Gloves,Sports,1,504,504,CUST-83294,Marketplace
UK-2026-101059,2026-02-12,Central,Raipur,Cotton Kurta Set,Fashion,3,1341,4023,CUST-15434,App
UK-2026-100588,2026-01-14,Central,Raipur,Silk Saree,Fashion,1,3575,3575,CUST-41471,App
UK-2026-103518,2026-05-03,South,Chennai,Smart Watch X2,Electronics,1,4315,4315,CUST-61123,Website
UK-2026-101286,2026-02-22,West,Surat,Football Size 5,Sports,1,943,943,CUST-88507,Website
UK-2026-102435,2026-04-15,South,Hyderabad,Silk Saree,Fashion,1,3567,3567,CUST-55576,App
UK-2026-100406,2026-01-02,South,Kochi,Wireless Earbuds Pro,Electronics,1,3043,3043,CUST-29779,Marketplace
UK-2026-104776,2026-06-19,Central,Nagpur,Cricket Bat English Willow,Sports,1,9149,9149,CUST-94284,Website
UK-2026-100251,2026-01-24,Central,Nagpur,Beard Grooming Kit,Beauty,1,989,989,CUST-97821,Website
UK-2026-101952,2026-03-12,West,Ahmedabad,Makeup Brush Set,Beauty,1,1287,1287,CUST-13154,App
UK-2026-101857,2026-03-29,South,Chennai,Foldable Treadmill T2,Sports,1,25144,25144,CUST-84621,Website
UK-2026-102648,2026-04-12,East,Patna,Bluetooth Speaker Mini,Electronics,2,1495,2990,CUST-49017,Website
UK-2026-100654,2026-01-17,North,Gurugram,Electric Kettle 1.5L,Home & Kitchen,3,1137,3411,CUST-23271,Website
UK-2026-100744,2026-02-05,East,Bhubaneswar,Matte Lipstick Set,Beauty,1,859,859,CUST-34309,App
UK-2026-100688,2026-01-04,West,Ahmedabad,43-inch Smart TV,Electronics,1,24756,24756,CUST-80660,App
UK-2026-100314,2026-01-16,West,Ahmedabad,Power Bank 20000mAh,Electronics,1,1866,1866,CUST-78018,Website
UK-2026-102968,2026-04-27,East,Patna,Air Fryer 5L,Home & Kitchen,1,5225,5225,CUST-23533,App
UK-2026-101542,2026-03-02,North,Noida,Electric Kettle 1.5L,Home & Kitchen,1,1060,1060,CUST-48566,Website
UK-2026-103272,2026-05-14,South,Kochi,Noise-Cancelling Headphones,Electronics,1,9354,9354,CUST-73460,App
UK-2026-104365,2026-06-11,South,Bengaluru,Matte Lipstick Set,Beauty,1,927,927,CUST-98012,App
UK-2026-102872,2026-04-23,West,Pune,Formal Shirt,Fashion,1,1076,1076,CUST-89819,Marketplace
UK-2026-100517,2026-01-27,North,Delhi,Cycling Helmet,Sports,-1,1676,1676,CUST-51254,App
UK-2026-101863,2026-03-20,South,Kochi,Ethnic Dupatta,Fashion,1,478,478,CUST-40564,App
UK-2026-103890,2026-05-02,East,Patna,Cotton Kurta Set,Fashion,2,1240,"2,480.00",CUST-95626,Website
UK-2026-100270,2026-01-15,North,Delhi,Electric Kettle 1.5L,Home & Kitchen,3,1074,3222,CUST-68305,App
UK-2026-104751,2026-06-14,East,Guwahati,Makeup Brush Set,Beauty,1,1235,1235,CUST-96556,App
UK-2026-101123,2026-02-06,West,Ahmedabad,Modern Wall Clock,Home & Kitchen,1,816,816,CUST-59701,Website
UK-2026-104515,2026-06-11,Central,Indore,Slim Fit Jeans,Fashion,2,1555,3110,CUST-69654,App
UK-2026-102931,2026-04-23,North,Delhi,43-inch Smart TV,Electronics,1,25891,25891,CUST-50938,Marketplace
UK-2026-104943,2026-06-25,South,Hyderabad,Non-Stick Cookware Set,Home & Kitchen,1,2773,2773,CUST-93927,App
UK-2026-102395,16-04-26,Central,Raipur,Cotton Bedsheet Set,Home & Kitchen,1,1411,1411,CUST-92119,App
UK-2026-104761,2026-06-29,East,Kolkata,Football Size 5,Sports,1,887,887,CUST-29549,Website
UK-2026-104933,2026-06-16,South,Bengaluru,Beard Grooming Kit,Beauty,0,970,970,CUST-22642,Marketplace
UK-2026-101884,2026-03-02,North,Chandigarh,Electric Kettle 1.5L,Home & Kitchen,1,1086,1086,CUST-98591,Website
UK-2026-100646,2026-01-07,East,Kolkata,Noise-Cancelling Headphones,Electronics,1,8713,8713,CUST-24433,App
UK-2026-103567,2026-05-02,East,Bhubaneswar,Air Fryer 5L,Home & Kitchen,3,5264,"₹15,792",CUST-19916,Marketplace
UK-2026-101336,2026-02-18,West,Mumbai,Wireless Earbuds Pro,Electronics,2,2922,5844,CUST-20901,App
UK-2026-101092,2026-02-19,North,Gurugram,Ethnic Dupatta,Fashion,1,518,518,CUST-14309,Marketplace
UK-2026-101355,2026-02-02,Central,Raipur,Ultrabook Air 14,Electronics,1,30147,30147,CUST-45198,Marketplace
UK-2026-103177,2026-05-23,North,Gurugram,Dinner Set 24pc,Home & Kitchen,2,2549,5098,CUST-61588,Website
UK-2026-101284,2026-02-13,East,Patna,Silk Saree,Fashion,1,3554,3554,CUST-88361,App
UK-2026-103292,2026-05-16,East,Kolkata,Ethnic Dupatta,Fashion,2,478,956,CUST-19614,App
UK-2026-103034,2026-04-22,East,Patna,43-inch Smart TV,Electronics,2,26758,53516,CUST-49845,App
UK-2026-100511,2026-01-14,East,Patna,Robot Vacuum R7,Home & Kitchen,3,19504,58512,CUST-49725,Website
UK-2026-104000,2026-05-01,South,Chennai,Adjustable Dumbbells 15kg,Sports,3,4965,14895,CUST-68420,Marketplace
UK-2026-100405,2026-01-01,South,Kochi,Slim Fit Jeans,Fashion,2,1543,3086,CUST-24956,Marketplace
UK-2026-100913,2026-02-01,South,Hyderabad,Smart Watch X2,Electronics,1,4443,4443,CUST-30453,Marketplace
UK-2026-100460,2026-01-28,West,Bombay,Wireless Earbuds Pro,Electronics,2,3024,6048,CUST-51211,App
UK-2026-101450,2026-02-05,North,Gurugram,Running Sneakers,Fashion,1,2813,2813,CUST-63493,Website
UK-2026-103742,2026-05-21,East,Bhubaneswar,Wireless Earbuds Pro,Electronics,2,2901,"₹5,802",CUST-64730,Website
UK-2026-102142,2026-03-26,East,Patna,Denim Jacket,Fashion,1,2165,2165,CUST-19615,Website
UK-2026-104914,2026-06-08,North,DELHI,Formal Shirt,Fashion,1,1069,1069,CUST-24956,Website
UK-2026-103783,2026-05-30,South,Chennai,Foldable Treadmill T2,Sports,1,25527,25527,CUST-60116,Marketplace
UK-2026-102767,2026-04-20,Central,Nagpur,Slim Fit Jeans,Fashion,3,1596,4788,CUST-58367,Website
UK-2026-100060,2026-01-01,South,Kochi,Noise-Cancelling Headphones,Electronics,1,9062,9062,CUST-29604,Website
UK-2026-102891,2026-04-08,North,Delhi,Cycling Helmet,Sports,1,1520,1520,CUST-48888,App
UK-2026-103178,2026-05-26,Central,Raipur,Matte Lipstick Set,Beauty,1,859,859,CUST-75799,App
UK-2026-103145,2026-05-04,South,Chennai,Smart Watch X2,Electronics,2,4358,8716,CUST-42047,Marketplace
UK-2026-101216,2026-02-17,South,Chennai,Yoga Mat Pro,Sports,4,1242,4968,CUST-33383,Website
UK-2026-103258,2026-05-31,East,Bhubaneswar,Bluetooth Speaker Mini,Electronics,1,1445,1445,CUST-19633,Marketplace
UK-2026-100398,2026-01-11,East,Patna,Running Sneakers,Fashion,4,2775,11100,CUST-20444,App
UK-2026-102513,2026-04-25,North,Delhi,Power Bank 20000mAh,Electronics,1,1771,1771,CUST-11465,Marketplace
UK-2026-100114,2026-01-31,North,Noida,Modern Wall Clock,Home & Kitchen,1,812,812,CUST-91157,Marketplace
UK-2026-102131,2026-03-12,South,Bengaluru,Non-Stick Cookware Set,Home & Kitchen,2,2907,5814,CUST-26702,Marketplace
UK-2026-104815,2026-06-11,West,Surat,Football Size 5,Sports,1,915,915,CUST-53083,App
UK-2026-103381,"May 15, 2026",West,Pune,Denim Jacket,Fashion,1,2160,2160,CUST-58918,Website
UK-2026-102443,2026-04-20,North,Chandigarh,Noise-Cancelling Headphones,Electronics,-2,9026,9026,CUST-72731,Website
UK-2026-103566,2026-05-14,West,Pune,43-inch Smart TV,Electronics,1,26629,26629,CUST-37171,Marketplace
UK-2026-104778,2026-06-24,North,Chandigarh,43-inch Smart TV,Electronics,1,25364,25364,CUST-30382,App
UK-2026-104634,2026-06-26,East,Guwahati,Bluetooth Speaker Mini,Electronics,1,1536,1536,CUST-30939,Marketplace
UK-2026-102771,2026-04-12,West,Ahmedabad,Foldable Treadmill T2,Sports,1,24450,24450,CUST-50830,Website
UK-2026-101517,2026-03-03,North,Chandigarh,Air Fryer 5L,Home & Kitchen,1,5329,5329,CUST-52558,App
UK-2026-102647,2026-04-25,Central,Nagpur,Air Fryer 5L,Home & Kitchen,1,5338,5338,CUST-41471,Website
UK-2026-100775,2026-02-25,East,Patna,Wireless Earbuds Pro,Electronics,1,2849,2849,CUST-57471,Marketplace
UK-2026-104259,2026-06-28,North,Chandigarh,Gym Gloves,Sports,1,502,502,CUST-78379,Website
UK-2026-101264,2026-02-05,West,Ahmedabad,Cycling Helmet,Sports,2,1620,3240,CUST-30508,App
UK-2026-100280,2026-01-24,East,Bhubaneswar,Makeup Brush Set,Beauty,4,1279,5116,CUST-84503,Website
UK-2026-104552,2026-06-10,North,Gurugram,Mirrorless Camera Lite,Electronics,1,30286,30286,CUST-48431,Marketplace
UK-2026-103155,2026-05-26,South,Hyderabad,Vitamin C Serum,Beauty,1,724,724,CUST-44109,Website
UK-2026-103148,2026-05-25,South,Bengaluru,Air Fryer 5L,Home & Kitchen,2,5754,11508,CUST-89707,App
UK-2026-100516,2026-01-15,West,Pune,Power Bank 20000mAh,Electronics,1,1833,1833,CUST-10218,App
UK-2026-103239,2026-05-12,North,Gurugram,Ionic Hair Dryer,Beauty,1,1835,1835,CUST-64303,Website
UK-2026-100916,2026-02-13,West,Surat,43-inch Smart TV,Electronics,2,25122,50244,CUST-31128,Website
UK-2026-104050,2026-06-17,West,Ahmedabad,Cotton Bedsheet Set,Home & Kitchen,2,1405,2810,CUST-95181,Marketplace
UK-2026-101957,2026-03-07,West,Surat,Running Sneakers,Fashion,1,2755,2755,CUST-45142,Website
UK-2026-101279,2026-02-07,West,Pune,Robot Vacuum R7,Home & Kitchen,1,19012,19012,CUST-51370,App
UK-2026-100782,2026-02-08,North,Delhi,Foldable Treadmill T2,Sports,1,25825,25825,CUST-44465,App
UK-2026-104588,2026-06-01,East,  Patna,Noise-Cancelling Headphones,Electronics,2,8698,17396,CUST-89900,App
UK-2026-103878,2026-05-20,North,Gurugram,Cotton Kurta Set,Fashion,4,1361,5444,CUST-56219,App
UK-2026-102723,2026-04-04,North,Gurgaon,Eau de Parfum 100ml,Beauty,2,2048,4096,CUST-73084,App
UK-2026-103858,2026-05-25,West,Ahmedabad,Noise-Cancelling Headphones,Electronics,2,9406,18812,CUST-45452,App
UK-2026-103650,2026-05-28,West,Ahmedabad,Smart Watch X2,Electronics,1,4604,4604,CUST-23992,Marketplace
UK-2026-103589,2026-05-20,South,Bengaluru,Beard Grooming Kit,Beauty,1,1038,1038,CUST-22043,Website
UK-2026-100750,2026-02-11,North,Chandigarh,Face Wash Combo,Beauty,1,445,445,CUST-58065,Website
UK-2026-100724,2026-02-24,East,Bhubaneswar,Ethnic Dupatta,Fashion,,506,506,CUST-80268,App
UK-2026-103071,2026-04-10,South,Bengaluru,Silk Saree,Fashion,1,3363,"3,363.00",CUST-38354,App
UK-2026-101497,2026-03-03,South,Bengaluru,Gym Gloves,Sports,3,494,1482,CUST-57367,App
UK-2026-104962,2026-06-19,North,Noida,Wireless Earbuds Pro,Electronics,1,2876,2876,CUST-95443,App
UK-2026-100963,2026-02-06,North,Chandigarh,Ionic Hair Dryer,Beauty,1,1933,1933,CUST-40301,Website
UK-2026-100568,2026-01-14,West,Pune,Electric Kettle 1.5L,Home & Kitchen,1,1046,1046,CUST-58491,Website
UK-2026-102604,2026-04-26,West,Ahmedabad,Badminton Racket Set,Sports,1,2540,2540,CUST-99328,Website
UK-2026-100575,2026-01-28,West,Ahmedabad,Slim Fit Jeans,Fashion,1,1545,1545,CUST-78777,Website
UK-2026-104207,2026-06-27,West,Surat,Silk Saree,Fashion,1,3384,3384,CUST-70996,Marketplace
UK-2026-103955,2026-05-12,Central,Indore,Noise-Cancelling Headphones,Electronics,2,9403,18806,CUST-42271,Marketplace
UK-2026-103805,2026-05-08,South,Bengaluru,Ionic Hair Dryer,Beauty,1,1836,1836,CUST-85174,Website
UK-2026-103516,2026-05-28,South,Bengaluru,Smart Watch X2   ,Electronics,1,4448,4448,CUST-18304,Marketplace
UK-2026-104498,09/06/2026,West,Mumbai,Badminton Racket Set,Sports,3,2455,7365,CUST-98655,Website
UK-2026-101679,2026-03-20,East,Patna,Formal Shirt,Fashion,1,1150,1150,CUST-97461,App
UK-2026-104770,2026-06-30,East,Kolkata,Adjustable Dumbbells 15kg,Sports,2,5098,10196,CUST-91200,App
UK-2026-102517,"Apr 15, 2026",North,Gurugram,Air Fryer 5L,Home & Kitchen,1,5299,5299,CUST-38919,App
UK-2026-100909,2026-02-20,North,Delhi,Smart Watch X2,Electronics,2,4439,8878,CUST-97994,Marketplace
UK-2026-102319,2026-04-19,South,Kochi,Adjustable Dumbbells 15kg,Sports,1,5067,5067,CUST-78379,App
UK-2026-103220,2026-05-06,North,Noida,Air Fryer 5L,Home & Kitchen,1,5612,5612,CUST-11391,App
UK-2026-103391,2026-05-01,West,Pune,Modern Wall Clock,Home & Kitchen,1,801,801,CUST-10218,Website
UK-2026-101987,2026-03-25,West,Surat,Wireless Earbuds Pro,Electronics,1,3084,3084,CUST-52228,Marketplace
UK-2026-104298,2026-06-25,Central,Bhopal,Smart Watch X2,Electronics,1,4375,4375,CUST-63584,App
UK-2026-100853,2026-02-18,West,Pune,Smart Watch X2,Electronics,1,4677,4677,CUST-56590,Website
UK-2026-102917,2026-04-03,Central,Raipur,Running Sneakers,Fashion,1,2787,2787,CUST-43226,Website
UK-2026-101455,2026-03-30,West,Surat,Wireless Earbuds Pro,Electronics,2,2887,5774,CUST-60116,Website
UK-2026-103584,2026-05-15,South,Kochi,Electric Kettle 1.5L,Home & Kitchen,1,1135,1135,CUST-20518,Website
UK-2026-100835,2026-02-20,South,Bangalore,Denim Jacket,Fashion,1,2126,2126,CUST-20210,Website
UK-2026-102238,2026-03-14,West,Pune,  Beard Grooming Kit,Beauty,1,998,998,CUST-84647,App
UK-2026-102750,2026-04-19,East,Patna,Robot Vacuum R7,Home & Kitchen,1,18828,18828,CUST-34390,Website
UK-2026-103066,15/04/2026,East,Bhubaneswar,Dinner Set 24pc,Home & Kitchen,1,2443,2443,CUST-68658,App
UK-2026-104232,2026-06-30,East,Patna,Silk Saree,Fashion,1,3337,3337,CUST-24433,Website
UK-2026-103065,2026-04-20,West,Mumbai,Noise-Cancelling Headphones,Electronics,1,9374,9374,CUST-46313,Website
UK-2026-102295,2026-04-11,East,Guwahati,Modern Wall Clock,Home & Kitchen,1,824,824,CUST-39550,Website
UK-2026-101638,2026-03-24,West,Ahmedabad,Ionic Hair Dryer,Beauty,1,1826,1826,CUST-14415,App
UK-2026-103246,2026-05-25,East,Patna,Air Fryer 5L,Home & Kitchen,1,5588,5588,CUST-11884,App
UK-2026-104256,2026-06-01,West,Ahmedabad,Cotton Kurta Set,Fashion,1,1322,1322,CUST-92539,Website
UK-2026-100996,2026-02-07,East,Guwahati,Ionic Hair Dryer,Beauty,1,1922,1922,CUST-49740,Website
UK-2026-100584,25/01/2026,West,Ahmedabad,Air Fryer 5L,Home & Kitchen,3,5522,16566,CUST-31035,Website
UK-2026-100818,2026-02-22,South,Kochi,Running Sneakers,Fashion,1,2850,2850,CUST-68005,Website
UK-2026-100561,2026-01-15,West,Ahmedabad,Running Sneakers,Fashion,1,2813,2813,CUST-55576,App
UK-2026-103801,2026-05-26,South,Bengaluru,Cotton Bedsheet Set,Home & Kitchen,1,1444,1444,CUST-49002,App
UK-2026-100661,2026-01-19,North,Noida,Robot Vacuum R7,Home & Kitchen,1,19412,19412,CUST-23271,App
UK-2026-103205,2026-05-06,West,Ahmedabad,Power Bank 20000mAh,Electronics,1,1783,1783,CUST-89615,App
UK-2026-100465,2026-01-11,West,Surat,Air Fryer 5L,Home & Kitchen,1,5558,5558,CUST-88852,Website
UK-2026-102277,2026-04-10,South,Kochi,Silk Saree,Fashion,1,3359,3359,CUST-92542,Website
UK-2026-100086,2026-01-01,North,Gurugram,Cotton Bedsheet Set,Home & Kitchen,1,1342,1342,CUST-28059,Website
UK-2026-103238,2026-05-24,East,Kolkata,Wireless Earbuds Pro,Electronics,1,2853,2853,CUST-17468,Marketplace
UK-2026-103414,2026-05-17,South,Bengaluru,Bluetooth Speaker Mini,Electronics,1,1524,1524,CUST-96914,Marketplace
UK-2026-100232,2026-01-07,West,Mumbai,Mirrorless Camera Lite,Electronics,1,27739,27739,CUST-13755,App
UK-2026-104803,2026-06-25,,Pune,Noise-Cancelling Headphones,Electronics,2,8798,17596,CUST-47550,Website
UK-2026-103743,2026-05-05,South,Kochi,Beard Grooming Kit,Beauty,1,1017,1017,CUST-13755,App
UK-2026-104779,2026-06-12,East,Patna,43-inch Smart TV,Electronics,1,26995,26995,CUST-77235,App
UK-2026-100349,2026-01-09,South,Chennai,Face Wash Combo,Beauty,1,446,446,CUST-42701,Website
UK-2026-104807,2026-06-30,South,Chennai,Slim Fit Jeans,Fashion,4,1603,6412,CUST-39089,App
UK-2026-104340,2026-06-26,Central,Indore,Non-Stick Cookware Set,Home & Kitchen,3,2956,8868,CUST-94070,App
UK-2026-100249,2026-01-09,West,Mumbai,Cricket Bat English Willow,Sports,1,8873,8873,CUST-76424,Website
UK-2026-103896,2026-05-20,South,Bengaluru,Bluetooth Speaker Mini,Electronics,1,1522,1522,CUST-43328,Marketplace
UK-2026-100138,2026-01-18,North,Chandigarh,Foldable Treadmill T2,Sports,1,24942,24942,CUST-17029,App
UK-2026-103055,2026-04-19,East,Kolkata,Robot Vacuum R7,Home & Kitchen,2,18960,37920,CUST-13901,App
UK-2026-101732,2026-03-06,North,Noida,Sunscreen SPF50,Beauty,1,538,538,CUST-76225,Website
UK-2026-102921,2026-04-19,East,Patna,Beard Grooming Kit,Beauty,1,1005,1005,CUST-45976,App
UK-2026-101981,2026-03-05,West,Surat,Smart Watch X2,Electronics,1,4491,4491,CUST-92000,Marketplace
UK-2026-102950,2026-04-21,South,Hyderabad,Badminton Racket Set,Sports,2,2375,4750,CUST-22254,Marketplace
UK-2026-102741,2026-04-23,West,Mumbai,Silk Saree,Fashion,1,3559,3559,CUST-99209,Marketplace
UK-2026-100607,2026-01-25,East,Kolkata,Mixer Grinder 750W,Home & Kitchen,2,3406,6812,CUST-80759,App
UK-2026-104724,2026-06-05,East,Bhubaneswar,Silk Saree,Fashion,1,3530,3530,CUST-72199,Website
UK-2026-103786,2026-05-27,South,Chennai,Wireless Earbuds Pro,Electronics,1,2985,2985,CUST-87200,Marketplace
UK-2026-104370,2026-06-03,East,Patna,Mirrorless Camera Lite,Electronics,2,28702,57404,CUST-72043,App
UK-2026-103822,2026-05-01,West,Ahmedabad,Leather Wallet,Fashion,1,902,902,CUST-63056,App
UK-2026-101419,2026-02-13,West,Surat,Running Sneakers,Fashion,1,2712,2712,CUST-84727,App
UK-2026-104325,2026-06-25,Central,Raipur,Ethnic Dupatta,Fashion,1,489,,CUST-47450,App
UK-2026-103109,2026-05-06,East,Patna,Cricket Bat English Willow,Sports,1,9097,9097,CUST-14066,App
UK-2026-101944,2026-03-05,South,Kochi,Mixer Grinder 750W,Home & Kitchen,2,3153,6306,CUST-54232,App
UK-2026-101936,2026-03-18,Central,Raipur,Ultrabook Air 14,Electronics,1,31460,31460,CUST-68533,Marketplace
UK-2026-104601,2026-06-21,North,Noida,Ethnic Dupatta,Fashion,1,479,479,CUST-48583,Website
UK-2026-104572,2026-06-22,South,Hyderabad,Yoga Mat Pro,Sports,,1170,2340,CUST-92122,Website
UK-2026-103723,2026-05-17,South,Chennai,Ethnic Dupatta,Fashion,3,480,1440,CUST-68420,Marketplace
UK-2026-101341,2026-02-02,South,Chennai,Wireless Earbuds Pro,Electronics,2,2989,5978,CUST-40301,App
UK-2026-100824,06-02-26,South,Hyderabad,Slim Fit Jeans,Fashion,2,1635,3270,CUST-95765,App
UK-2026-101530,2026-03-01,South,Hyderabad,Gym Gloves,Sports,1,505,505,CUST-24120,App
UK-2026-104890,2026-06-07,East,Kolkata,Beard Grooming Kit,Beauty,2,988,1976,CUST-22413,App
UK-2026-101249,2026-02-01,South,Kochi,Power Bank 20000mAh,Electronics,4,1746,6984,CUST-32536,Website
UK-2026-101276,2026-02-15,South,Hyderabad,Electric Kettle 1.5L,Home & Kitchen,2,1083,2166,CUST-84701,App
UK-2026-102204,2026-03-11,East,Kolkata,Mixer Grinder 750W,Home & Kitchen,2,3459,6918,CUST-81740,Website
UK-2026-102037,2026-03-04,North,Chandigarh,Silk Saree,Fashion,1,3568,3568,CUST-37320,App
UK-2026-100698,2026-01-22,Central,Nagpur,Electric Kettle 1.5L,Home & Kitchen,1,1046,1046,CUST-74562,Website
UK-2026-103206,2026-05-12,West,Pune,Noise-Cancelling Headphones,Electronics,1,8823,8823,CUST-43431,Website
UK-2026-104326,2026-06-28,Central,Indore,Sunscreen SPF50,Beauty,1,556,556,CUST-18867,Marketplace
UK-2026-103956,26-05-26,Central,Nagpur,Electric Kettle 1.5L,Home & Kitchen,1,1128,1128,CUST-49295,App
UK-2026-103139,2026-05-07,South,Chennai,Non-Stick Cookware Set,Home & Kitchen,1,3016,3016,CUST-27609,App
UK-2026-104819,2026-06-14,,Ahmedabad,Smart Watch X2,Electronics,3,4626,13878,CUST-51235,Marketplace
UK-2026-100376,"Jan 29, 2026",North,Delhi,Power Bank 20000mAh,Electronics,2,1761,3522,CUST-14282,App
UK-2026-103092,2026-05-29,North,Noida,Football Size 5,Sports,3,860,2580,CUST-28909,App
UK-2026-102621,2026-04-12,South,Hyderabad,Matte Lipstick Set,Beauty,4,864,3456,CUST-27609,Website
UK-2026-100380,2026-01-07,Central,Bhopal,Ionic Hair Dryer,Beauty,2,1956,3912,CUST-39795,Website
UK-2026-100732,2026-02-26,North,Gurugram,Formal Shirt,Fashion,2,1069,2138,CUST-93025,Marketplace
UK-2026-102109,2026-03-27,Central,Bhopal,Badminton Racket Set,Sports,1,2453,2453,CUST-23058,Website
UK-2026-101463,2026-03-21,East,Kolkata,Non-Stick Cookware Set,Home & Kitchen,1,2870,2870,CUST-28329,Website
UK-2026-103842,2026-05-16,South,Hyderabad,Mirrorless Camera Lite,Electronics,2,29805,59610,CUST-98441,Marketplace
UK-2026-104790,2026-06-05,Central,Nagpur,Ultrabook Air 14,Electronics,1,30616,30616,CUST-41570,App
UK-2026-101795,2026-03-19,West,Surat,Ethnic Dupatta,Fashion,1,516,516,CUST-88408,App
UK-2026-104674,2026-06-21,East,Bhubaneswar,Bluetooth Speaker Mini,Electronics,1,1436,,CUST-17576,App
UK-2026-101435,2026-02-14,South,Bengaluru,Vitamin C Serum,Beauty,2,689,1378,CUST-14966,App
UK-2026-102980,2026-04-21,South,Kochi,Face Wash Combo,Beauty,3,452,1356,CUST-53513,App
UK-2026-103572,2026-05-18,North,Chandigarh,Wireless Earbuds Pro,Electronics,2,3036,6072,CUST-35780,App
UK-2026-102925,2026-04-06,North,Noida,Cycling Helmet,Sports,1,1582,1582,CUST-83591,Marketplace
UK-2026-102779,2026-04-21,North,Delhi,Cricket Bat English Willow,Sports,2,9322,18644,CUST-37472,Website
UK-2026-101882,2026-03-06,North,Chandigarh,Mixer Grinder 750W,Home & Kitchen,1,3368,3368,CUST-89404,App
UK-2026-104366,2026-06-07,East,Kolkata,Mirrorless Camera Lite,Electronics,1,29204,29204,CUST-31757,Website
UK-2026-104039,2026-06-24,South,Chennai,Power Bank 20000mAh,Electronics,1,1762,1762,CUST-22254,Website
UK-2026-102903,2026-04-01,West,Surat,Sunscreen SPF50,Beauty,1,570,570,CUST-28054,App
UK-2026-103729,2026-05-11,South,Hyderabad,Yoga Mat Pro,Sports,1,1238,1238,CUST-61925,App
UK-2026-103219,2026-05-30,Central,Raipur,Bluetooth Speaker Mini,Electronics,2,1440,2880,CUST-79076,Website
UK-2026-102858,2026-04-20,Central,Raipur,mixer grinder 750w,Home & Kitchen,1,3449,3449,CUST-86034,App
UK-2026-100632,2026-01-13,West,Surat,Leather Wallet,Fashion,1,875,875,CUST-12493,Marketplace
UK-2026-101836,2026-03-04,West,Surat,Smart Watch X2,Electronics,1,4598,4598,CUST-39154,App
UK-2026-103740,2026-05-11,West,Ahmedabad,43-inch Smart TV,Electronics,1,25545,25545,CUST-76813,Website
UK-2026-101681,2026-03-10,South,Kochi,Sunscreen SPF50,Beauty,2,528,1056,CUST-83200,Website
UK-2026-104487,2026-06-02,South,Hyderabad,Adjustable Dumbbells 15kg,Sports,2,4834,9668,CUST-72043,Marketplace
UK-2026-104643,2026-06-20,West,Pune,Non-Stick Cookware Set,Home & Kitchen,1,2922,2922,CUST-74947,App
UK-2026-101099,2026-02-21,East,Bhubaneswar,Yoga Mat Pro,Sports,1,1209,1209,CUST-57367,App
UK-2026-101601,"Mar 19, 2026",East,Bhubaneswar,Running Sneakers,Fashion,1,2894,2894,CUST-20025,Website
UK-2026-101014,2026-02-13,East,Guwahati,Makeup Brush Set,Beauty,3,1279,3837,CUST-95372,Website
UK-2026-103759,2026-05-08,South,Hyderabad,Wireless Earbuds Pro,Electronics,1,3145,3145,CUST-18252,Marketplace
UK-2026-103074,2026-04-01,South,Chennai,Football Size 5,Sports,2,859,1718,CUST-93459,Website
UK-2026-101263,2026-02-05,West,Pune,Mirrorless Camera Lite,Electronics,1,27901,27901,CUST-29862,App
UK-2026-104696,2026-06-19,South,Hyderabad,Ionic Hair Dryer,Beauty,2,1812,3624 INR,CUST-31035,Website
UK-2026-103391,2026-05-01,West,Pune,Modern Wall Clock,Home & Kitchen,1,801,801,CUST-10218,Website
UK-2026-103035,2026-04-05,South,Cochin,Foldable Treadmill T2,Sports,1,23752,23752,CUST-55568,App
UK-2026-102026,2026-03-17,South,Bengaluru,Cotton Bedsheet Set,Home & Kitchen,1,1348,1348,CUST-33072,App
UK-2026-104665,2026-06-06,Central,Bhopal,Yoga Mat Pro,Sports,1,1158,1158,CUST-92024,Marketplace
UK-2026-100112,2026-01-11,West,Bombay,Noise-Cancelling Headphones,Electronics,1,9394,9394,CUST-73085,Marketplace
UK-2026-104086,2026-06-03,West,Mumbai,Robot Vacuum R7,Home & Kitchen,1,19634,19634,CUST-34962,Website
UK-2026-100932,2026-02-03,North,Chandigarh,Ionic Hair Dryer,Beauty,1,1849,1849,CUST-51208,App
UK-2026-102587,2026-04-22,West,Pune,Silk Saree,Fashion,1,3642,3642,CUST-46387,Website
UK-2026-103432,2026-05-06,North,Delhi,Cotton Kurta Set,Fashion,1,1269,1269,CUST-22110,App
UK-2026-101374,2026-02-17,West,Pune,43-inch Smart TV,Electronics,2,24805,49610,CUST-92122,Marketplace
UK-2026-100226,2026-01-08,West,Ahmedabad,Noise-Cancelling Headphones,Electronics,4,9016,36064,CUST-70639,Website
UK-2026-102611,2026-04-22,West,Mumbai,Robot Vacuum R7,Home & Kitchen,1,19261,19261,CUST-10859,App
UK-2026-103756,2026-05-07,South,Kochi,Adjustable Dumbbells 15kg,Sports,2,5056,10112,CUST-70399,Website
UK-2026-101369,2026-02-11,West,Pune,Silk Saree,Fashion,1,3420,3420,CUST-27410,Website
UK-2026-104551,2026-06-18,North,Chandigarh,Bluetooth Speaker Mini,Electronics,1,1571,1571,CUST-92119,App
UK-2026-103377,2026-05-03,West,Surat,Cycling Helmet,Sports,2,1605,3210,CUST-15431,App
UK-2026-101496,2026-03-14,North,Delhi,Modern Wall Clock,Home & Kitchen,1,767,767,CUST-54232,App
UK-2026-100038,2026-01-29,East,Kolkata,Cycling Helmet,Sports,1,1565,1565,CUST-96632,App
UK-2026-102726,2026-04-20,East,Patna,Foldable Treadmill T2,Sports,2,24852,49704,CUST-98012,Website
UK-2026-104285,2026-06-03,Central,Bhopal,Mirrorless Camera Lite,Electronics,1,28183,28183,CUST-96108,Website
UK-2026-102185,2026-03-20,South,Kochi,Makeup Brush Set,Beauty,1,1322,1322,CUST-89796,Website
UK-2026-103249,2026-05-09,South,Chennai,Leather Wallet,Fashion,1,935,935,CUST-68712,App
UK-2026-101253,2026-02-06,North,Noida,Ionic Hair Dryer,Beauty,1,1898,1898,CUST-35740,Marketplace
UK-2026-100464,2026-01-16,East,Kolkata,Robot Vacuum R7,Home & Kitchen,1,18302,18302,CUST-55423,Website
UK-2026-100356,2026-01-30,Central,Indore,Ionic Hair Dryer,Beauty,1,1804,1804,CUST-88852,Marketplace
UK-2026-101471,2026-03-13,South,Hyderabad,Ethnic Dupatta,Fashion,2,491,982,CUST-81740,Website
UK-2026-103130,2026-05-27,Central,Raipur,43-inch Smart TV,Electronics,1,26609,26609,CUST-29917,Marketplace
UK-2026-104727,2026-06-24,East,Bhubaneswar,Eau de Parfum 100ml,Beauty,1,1971,1971,CUST-87235,Website
UK-2026-101104,2026-02-25,North,Chandigarh,Wireless Earbuds Pro,Electronics,1,3070,3070,CUST-69043,Marketplace
UK-2026-102474,2026-04-08,West,Ahmedabad,Bluetooth Speaker Mini,Electronics,2,1444,2888,CUST-37789,App
UK-2026-102034,2026-03-18,South,Hyderabad,Matte Lipstick Set,Beauty,2,862,1724,CUST-93317,Website
UK-2026-100749,2026-02-19,East,Patna,Beard Grooming Kit,Beauty,1,1005,1005,CUST-15089,App
UK-2026-103398,2026-05-19,East,Bhubaneswar,Ionic Hair Dryer,Beauty,1,1909,1909,CUST-83227,App
UK-2026-103108,2026-05-15,West,Ahmedabad,Dinner Set 24pc,Home & Kitchen,1,2572,2572,CUST-10859,Website
UK-2026-103521,2026-05-08,West,Ahmedabad,Denim Jacket,Fashion,4,2210,8840,CUST-22474,App
UK-2026-100197,2026-01-27,South,Kochi,Robot Vacuum R7,Home & Kitchen,1,19591,19591,CUST-76551,Website
UK-2026-100163,2026-01-20,Central,Raipur,Yoga Mat Pro,Sports,4,1142,4568,CUST-22250,Marketplace
UK-2026-100435,21-01-26,North,Gurugram,Badminton Racket Set,Sports,2,2414,4828,CUST-24433,Website
UK-2026-103174,2026-05-28,East,Kolkata,Ionic Hair Dryer,Beauty,2,1938,3876,CUST-20081,Website
UK-2026-103466,13/05/2026,Central,Raipur,Modern Wall Clock,Home & Kitchen,1,777,777,CUST-29064,Marketplace
UK-2026-102873,2026-04-04,West,Mumbai,Smart Watch X2,Electronics,1,4547,4547,CUST-58175,Marketplace
UK-2026-100622,2026-01-01,Central,Raipur,Yoga Mat Pro,Sports,2,1251,2502,CUST-67505,Website
UK-2026-101142,2026-02-06,West,Mumbai,Mirrorless Camera Lite,Electronics,1,30088,30088,CUST-34592,App
UK-2026-103554,2026-05-18,North,Chandigarh,Smart Watch X2,Electronics,1,4543,4543,CUST-92449,Website
UK-2026-104192,2026-06-19,North,Gurugram,Running Sneakers,Fashion,1,2767,2767,CUST-55568,App
UK-2026-102301,2026-04-20,West,Pune,Ultrabook Air 14,Electronics,1,29932,29932,CUST-80474,Marketplace
UK-2026-102472,2026-04-11,North,Gurugram,Slim Fit Jeans,Fashion,1,1624,1624,CUST-95053,Website
UK-2026-100553,2026-01-13,South,Hyderabad,Non-Stick Cookware Set,Home & Kitchen,3,2915,8745,CUST-88174,App
UK-2026-103019,2026-04-09,North,Delhi,Foldable Treadmill T2,Sports,1,25426,25426,CUST-54523,Website
UK-2026-100490,2026-01-10,East,Guwahati,Robot Vacuum R7,Home & Kitchen,1,19844,19844,CUST-12459,App
UK-2026-102766,2026-04-12,Central,RAIPUR,Matte Lipstick Set,Beauty,1,888,888,CUST-97127,Website
UK-2026-104343,2026-06-21,West,Mumbai,Yoga Mat Pro,Sports,1,1176,1176,CUST-85903,App
UK-2026-103812,2026-05-29,South,Chennai,Slim Fit Jeans,Fashion,1,1652,1652,CUST-63607,App
UK-2026-104749,2026-06-06,North,Chandigarh,Robot Vacuum R7,Home & Kitchen,2,18211,,CUST-78977,Marketplace
UK-2026-103142,2026-05-07,East,Patna,43-inch Smart TV,Electronics,1,25298,25298,CUST-22170,App
UK-2026-101528,2026-03-13,Central,Indore,Mirrorless Camera Lite,Electronics,2,28913,57826,CUST-79798,App
UK-2026-101555,2026-03-07,South,Kochi,Vitamin C Serum,Beauty,4,673,2692,CUST-64377,App
UK-2026-100888,2026-02-09,North,Gurgaon,Smart Watch X2,Electronics,1,4622,4622,CUST-41471,Website
UK-2026-104170,2026-06-25,South,Bengaluru,Mirrorless Camera Lite,Electronics,1,28315,28315,CUST-58192,Marketplace
UK-2026-103410,2026-05-24,East,Kolkata,Foldable Treadmill T2,Sports,1,23756,23756,CUST-85174,Website
UK-2026-101229,2026-02-10,South,Kochi,Vitamin C Serum,Beauty,1,725,725,CUST-24646,App
UK-2026-103649,2026-05-17,North,Gurugram,Noise-Cancelling Headphones,Electronics,2,8598,17196,CUST-58208,Marketplace
UK-2026-103943,2026-05-12,West,Pune,Noise-Cancelling Headphones,Electronics,2,9153,18306,CUST-64726,App
UK-2026-104038,2026-06-19,South,Hyderabad,Leather Wallet,Fashion,1,906,906,CUST-63792,App
UK-2026-103673,2026-05-31,Central,Nagpur,43-inch Smart TV,Electronics,3,26735,80205,CUST-65022,Marketplace
UK-2026-100591,2026-01-13,South,Kochi,Vitamin C Serum,Beauty,2,683,1366,CUST-78237,Website
UK-2026-104607,2026-06-28,West,Surat,Electric Kettle 1.5L,Home & Kitchen,1,1078,1078,CUST-79429,Website
UK-2026-102682,2026-04-27,North,Noida,Running Sneakers,Fashion,1,2804,2804 INR,CUST-58227,App
UK-2026-103602,2026-05-13,North,Noida,Mirrorless Camera Lite,Electronics,1,28841,28841,CUST-65231,App
UK-2026-101793,2026-03-06,North,Noida,Ionic Hair Dryer,Beauty,1,1967,1967,CUST-95627,App
UK-2026-100616,2026-01-16,South,Bengaluru,Bluetooth Speaker Mini,Electronics,1,1570,1570,CUST-22300,Website
UK-2026-103182,2026-05-01,North,Delhi,Adjustable Dumbbells 15kg,Sports,1,4994,4994,CUST-10381,App
UK-2026-103710,2026-05-23,North,Chandigarh,Mixer Grinder 750W,Home & Kitchen,2,3409,6818,CUST-68374,App
UK-2026-101516,2026-03-01,Central,Nagpur,Cycling Helmet,Sports,1,1583,1583,CUST-30396,App
UK-2026-103940,2026-05-07,East,Kolkata,Robot Vacuum R7,Home & Kitchen,2,18621,37242,CUST-99363,App
UK-2026-100730,2026-02-08,South,Kochi,Football Size 5,Sports,1,855,855,CUST-50125,App
UK-2026-104210,2026-06-12,South,Chennai,Cotton Bedsheet Set,Home & Kitchen,1,1363,1363,CUST-65098,App
UK-2026-102548,2026-04-30,Central,Bhopal,Ethnic Dupatta,Fashion,1,488,488,CUST-26603,App
UK-2026-101883,2026-03-21,East,Kolkata,Eau de Parfum 100ml,Beauty,1,1993,1993,CUST-23959,Marketplace
UK-2026-102826,2026-04-11,West,Mumbai,Modern Wall Clock,Home & Kitchen,2,778,1556,CUST-72809,App
UK-2026-100456,2026-01-13,West,Pune,Cotton Kurta Set,Fashion,1,1315,1315,CUST-87438,App
UK-2026-101868,2026-03-30,North,Gurugram,Silk Saree,Fashion,1,3381,3381,CUST-73252,Website
UK-2026-101587,2026-03-23,West,Ahmedabad,Wireless Earbuds Pro,Electronics,1,3041,3041,CUST-23533,Website
UK-2026-104224,2026-06-22,East,Patna,Noise-Cancelling Headphones,Electronics,1,9012,9012,CUST-40401,Marketplace
UK-2026-100998,2026-02-20,North,Chandigarh,Vitamin C Serum,Beauty,1,710,710,CUST-46281,App
UK-2026-101978,2026-03-01,South,Hyderabad,Eau de Parfum 100ml,Beauty,1,2025,2025,CUST-76770,App
UK-2026-101842,2026-03-20,North,Delhi,Ethnic Dupatta,Fashion,4,494,1976,CUST-86604,Website
UK-2026-102332,2026-04-22,West,Mumbai,Mirrorless Camera Lite,Electronics,1,27734,27734,CUST-11391,App
UK-2026-102080,2026-03-06,West,Surat,Eau de Parfum 100ml,Beauty,2,2094,4188,CUST-80759,App
UK-2026-104579,2026-06-17,South,Chennai,Smart Watch X2,Electronics,1,4564,4564,CUST-64406,App
UK-2026-103293,2026-05-02,West,Ahmedabad,Electric Kettle 1.5L,Home & Kitchen,1,1129,1129,CUST-22864,Marketplace
UK-2026-100578,2026-01-23,North,Noida,Power Bank 20000mAh,Electronics,1,1761,1761,CUST-27410,App
UK-2026-103478,2026-05-20,East,Bhubaneswar,Power Bank 20000mAh,Electronics,2,1711,3422,CUST-85333,Marketplace
UK-2026-102512,2026-04-19,South,Kochi,Non-Stick Cookware Set,Home & Kitchen,1,2816,2816,CUST-60424,Website
UK-2026-100758,2026-02-17,North,Chandigarh,Yoga Mat Pro,Sports,1,1188,1188,CUST-70097,App
UK-2026-101962,2026-03-01,North,  Delhi,Eau de Parfum 100ml,Beauty,1,1971,1971,CUST-65623,App
UK-2026-104407,2026-06-14,East,Guwahati,Cricket Bat English Willow,Sports,2,8623,17246,CUST-14159,Website
UK-2026-102085,2026-03-27,Central,Indore,Air Fryer 5L,Home & Kitchen,2,5458,10916,CUST-68774,App
UK-2026-104449,2026-06-11,East,Patna,Face Wash Combo,Beauty,1,466,466,CUST-84270,Website
UK-2026-103709,2026-05-18,North,Delhi,Adjustable Dumbbells 15kg,Sports,3,4957,14871,CUST-20382,Website
UK-2026-102016,2026-03-28,West,Mumbai,Ultrabook Air 14,Electronics,2,29981,59962,CUST-60910,Website
UK-2026-102014,2026-03-14,North,Gurugram,Ethnic Dupatta,Fashion,1,497,497,CUST-51370,App
UK-2026-102720,2026-04-01,West,Mumbai,Badminton Racket Set,Sports,1,2426,2426,CUST-95179,Marketplace
UK-2026-103611,2026-05-02,North,Gurugram,Mixer Grinder 750W,Home & Kitchen,2,3144,6288,CUST-85788,App
UK-2026-102787,2026-04-26,North,Chandigarh,Air Fryer 5L,Home & Kitchen,2,5744,11488,CUST-51981,App
UK-2026-101870,2026-03-07,East,Patna,Leather Wallet,Fashion,1,875,875,CUST-27725,App
UK-2026-104628,2026-06-21,North,Noida,43-inch Smart TV,Electronics,1,26542,26542,CUST-82246,Marketplace
UK-2026-102575,2026-04-21,South,Kochi,Wireless Earbuds Pro,Electronics,2,3146,6292,CUST-88952,App
UK-2026-101791,2026-03-20,East,Guwahati,Silk Saree,Fashion,1,3650,3650,CUST-79336,App
UK-2026-102701,2026-04-02,West,Ahmedabad,Badminton Racket Set,Sports,1,2402,2402,CUST-48009,Website
UK-2026-103406,2026-05-12,North,Chandigarh,Non-Stick Cookware Set,Home & Kitchen,2,2965,,CUST-80892,Website
UK-2026-100107,2026-01-16,West,Surat,Cotton Bedsheet Set,Home & Kitchen,,1460,1460,CUST-11422,Marketplace
UK-2026-104563,2026-06-02,West,Mumbai,Non-Stick Cookware Set,Home & Kitchen,1,2986,2986,CUST-64285,App
UK-2026-100529,2026-01-19,East,Guwahati,Wireless Earbuds Pro,Electronics,1,2914,,CUST-76734,App
UK-2026-101426,2026-02-23,South,Madras,Robot Vacuum R7,Home & Kitchen,1,18766,18766,CUST-43666,Website
UK-2026-101078,2026-02-11,South,Hyderabad,Face Wash Combo,Beauty,1,458,458,CUST-18969,App
UK-2026-100991,2026-02-27,West,Surat,Air Fryer 5L,Home & Kitchen,1,5306,,CUST-74693,App
UK-2026-103428,2026-05-20,North,Chandigarh,Leather Wallet,Fashion,1,904,904,CUST-39287,Website
UK-2026-100217,2026-01-22,Central,Raipur,Cotton Kurta Set,Fashion,1,1246,1246,CUST-66199,App
UK-2026-101539,2026-03-14,South,Bengaluru,Robot Vacuum R7,Home & Kitchen,1,18816,18816,CUST-79637,App
UK-2026-103900,2026-05-02,South,Chennai,Running Sneakers,Fashion,2,2698,5396,CUST-61060,App
UK-2026-102424,2026-04-08,Central,Nagpur,Cycling Helmet,Sports,,1675,1675,CUST-38591,App
UK-2026-100553,2026-01-13,South,Hyderabad,Non-Stick Cookware Set,Home & Kitchen,3,2915,8745,CUST-88174,App
UK-2026-102324,2026-04-18,North,Delhi,Noise-Cancelling Headphones,Electronics,4,8977,35908,CUST-98194,Website
UK-2026-102650,2026-04-30,North,Noida,Power Bank 20000mAh,Electronics,2,1824,3648,CUST-24646,Marketplace
UK-2026-103056,2026-04-23,West,Bombay,Leather Wallet,Fashion,1,864,864,CUST-67410,Marketplace
UK-2026-102452,2026-04-22,West,Surat,Smart Watch X2,Electronics,1,4432,4432,CUST-81344,App
UK-2026-100093,2026-01-02,West,Ahmedabad,Slim Fit Jeans,Fashion,1,1617,,CUST-92000,App
UK-2026-104844,2026-06-13,Central,Indore,Ionic Hair Dryer,Beauty,1,1971,1971,CUST-29692,App
UK-2026-103621,2026-05-04,Central,Raipur,Leather Wallet,Fashion,1,888,888,CUST-80884,App
UK-2026-104057,2026-06-29,West,Mumbai,Cotton Kurta Set,Fashion,1,1337,1337,CUST-56391,Website
UK-2026-103905,2026-05-27,West,Ahmedabad,Robot Vacuum R7,Home & Kitchen,1,19083,19083,CUST-64822,Website
UK-2026-100811,2026-02-11,South,Chennai,Beard Grooming Kit,Beauty,0,1008,3024,CUST-84457,App
UK-2026-101309,2026-02-22,South,Hyderabad,Air Fryer 5L,Home & Kitchen,1,5259,5259,CUST-78237,Website
UK-2026-103105,2026-05-05,North,Delhi,Foldable Treadmill T2,Sports,3,25570,76710,CUST-76624,App
UK-2026-100522,2026-01-31,South,Bengaluru,Robot Vacuum R7,Home & Kitchen,1,19643,19643,CUST-95443,App
UK-2026-104664,2026-06-24,West,Surat,Smart Watch X2,Electronics,1,4484,4484,CUST-24956,Website
UK-2026-101670,04/03/2026,West,Ahmedabad,Dinner Set 24pc,Home & Kitchen,1,2526,2526,CUST-45260,App
UK-2026-101568,2026-03-04,East,Patna,Formal Shirt,Fashion,2,1108,2216,CUST-68420,App
UK-2026-100255,2026-01-12,North,Chandigarh,Bluetooth Speaker Mini,Electronics,1,1535,1535,CUST-25729,Marketplace
UK-2026-103810,2026-05-11,North,Gurugram,Makeup Brush Set,Beauty,2,1293,2586,CUST-51370,App
UK-2026-100018,2026-01-29,East,Guwahati,Mixer Grinder 750W,Home & Kitchen,1,3284,3284,CUST-75066,App
UK-2026-101873,2026-03-13,East,Guwahati,Foldable Treadmill T2,Sports,1,25946,25946,CUST-60209,Website
UK-2026-102910,2026-04-23,West,Ahmedabad,Adjustable Dumbbells 15kg,Sports,1,5093,5093,CUST-30474,Marketplace
UK-2026-101830,2026-03-05,West,Pune,Smart Watch X2,Electronics,1,4414,4414,CUST-46277,Website
UK-2026-103655,2026-05-29,Central,Raipur,Power Bank 20000mAh,Electronics,1,1832,1832,CUST-19655,Website
UK-2026-101198,2026-02-11,South,Hyderabad,43-inch Smart TV,Electronics,1,27118,27118,CUST-79290,Marketplace
UK-2026-104575,2026-06-02,South,Hyderabad,Ultrabook Air 14,Electronics,2,29719,59438,CUST-21994,App
UK-2026-103167,2026-05-17,West,Ahmedabad,Running Sneakers,Fashion,1,2752,2752,CUST-28003,Website
UK-2026-101677,"Mar 6, 2026",West,Mumbai,Electric Kettle 1.5L,Home & Kitchen,1,1146,1146,CUST-36938,Marketplace
UK-2026-100171,2026-01-25,South,Hyderabad,Smart Watch X2,Electronics,1,4395,4395,CUST-39128,Website
UK-2026-104418,2026-06-05,West,Pune,Yoga Mat Pro,Sports,1,1239,1239,CUST-46037,App
UK-2026-101557,2026-03-28,East,Kolkata,Matte Lipstick Set,Beauty,1,895,895,CUST-39373,Website
UK-2026-100841,2026-02-11,South,Bengaluru,Ultrabook Air 14,Electronics,1,29072,29072,CUST-28909,Website
UK-2026-103503,2026-05-06,Central,Raipur,43-inch Smart TV,Electronics,1,25864,25864,CUST-73260,Website
UK-2026-100943,2026-02-08,South,Hyderabad,Robot Vacuum R7,Home & Kitchen,2,19077,,CUST-64730,App
UK-2026-103273,2026-05-18,South,Bengaluru,Formal Shirt,Fashion,1,1086,1086,CUST-94420,App
UK-2026-100830,2026-02-20,North,Chandigarh,Electric Kettle 1.5L,Home & Kitchen,1,1141,1141,CUST-51254,Website
UK-2026-100807,2026-02-09,Central,Indore,43-inch Smart TV,Electronics,1,25678,25678,CUST-50858,App
UK-2026-102247,2026-04-15,North,New Delhi,Bluetooth Speaker Mini,Electronics,1,1455,1455,CUST-82862,App
UK-2026-100958,2026-02-23,East,Bhubaneswar,Smart Watch X2,Electronics,1,4545,"4,545.00",CUST-42190,Website
UK-2026-101569,2026-03-04,North,Chandigarh,Cricket Bat English Willow,Sports,1,8856,8856,CUST-98957,Website
UK-2026-101975,2026-03-19,South,Hyderabad,Dinner Set 24pc,Home & Kitchen,1,2554,2554,CUST-77821,Website
UK-2026-104731,2026-06-06,Central,Nagpur,Non-Stick Cookware Set,Home & Kitchen,1,2891,2891,CUST-46538,Website
UK-2026-103154,2026-05-09,South,Chennai,Smart Watch X2,Electronics,1,4722,4722,CUST-41965,App
UK-2026-104263,2026-06-28,South,Bengaluru,Electric Kettle 1.5L,Home & Kitchen,2,1109,2218,CUST-88412,App
UK-2026-102419,2026-04-03,West,Surat,Wireless Earbuds Pro,Electronics,2,3085,6170,CUST-34108,Website
UK-2026-101744,2026-03-06,South,Chennai,Running Sneakers,Fashion,1,2735,2735,CUST-67686,App
UK-2026-100860,2026-02-10,West,Ahmedabad,43-inch Smart TV,Electronics,2,25919,51838,CUST-98441,Marketplace
UK-2026-103255,2026-05-27,North,Gurugram,Vitamin C Serum,Beauty,1,722,722,CUST-36082,App
UK-2026-103736,"May 10, 2026",Central,Raipur,Ionic Hair Dryer,Beauty,1,1964,1964,CUST-37375,App
UK-2026-104199,2026-06-24,South,Chennai,Face Wash Combo,Beauty,2,437,874,CUST-83791,Website
UK-2026-101739,2026-03-03,East,Guwahati,Silk Saree,Fashion,2,3454,6908,CUST-95056,App
UK-2026-100708,2026-01-03,South,Chennai,Power Bank 20000mAh,Electronics,1,1751,1751,CUST-81344,App
UK-2026-103571,2026-05-07,,Bhubaneswar,Leather Wallet,Fashion,2,891,1782,CUST-64076,Website
UK-2026-100768,2026-02-15,South,Bengaluru,Silk Saree,Fashion,4,3538,14152,CUST-44391,App
UK-2026-103138,2026-05-05,East,Bhubaneswar,Wireless Earbuds Pro,Electronics,2,3035,6070,CUST-46538,App
UK-2026-104893,2026-06-24,South,BENGALURU,Wireless Earbuds Pro,Electronics,2,2963,5926,CUST-89900,Website
UK-2026-104556,08/06/2026,South,Bengaluru,Mixer Grinder 750W,Home & Kitchen,1,3195,3195,CUST-65875,App
UK-2026-102933,2026-04-27,South,Kochi,Cotton Bedsheet Set,Home & Kitchen,4,1339,5356,CUST-69073,App
UK-2026-100341,2026-01-09,South,Hyderabad,Gym Gloves,Sports,1,517,517,CUST-14159,Website
UK-2026-102049,2026-03-22,North,Gurugram,43-inch Smart TV,Electronics,0,26967,26967,CUST-22254,Marketplace
UK-2026-101579,2026-03-08,North,Noida,Leather Wallet,Fashion,2,914,1828,CUST-72657,App
UK-2026-102057,2026-03-08,Central,Raipur,Non-Stick Cookware Set,Home & Kitchen,,2952,8856,CUST-81920,App
UK-2026-104362,2026-06-20,North,Delhi,Face Wash Combo,Beauty,1,431,431.00,CUST-39306,Marketplace
UK-2026-101546,2026-03-26,North,Delhi,Running Sneakers,Fashion,2,2696,5392,CUST-40128,Website
UK-2026-101079,2026-02-23,West,Pune,Badminton Racket Set,Sports,1,2390,2390,CUST-62173,Website
UK-2026-100682,2026-01-12,West,Ahmedabad,Air Fryer 5L,Home & Kitchen,1,5759,5759,CUST-53462,Website
UK-2026-101458,2026-03-02,North,Noida,Denim Jacket,Fashion,2,2135,4270,CUST-92542,App
UK-2026-103047,2026-04-30,South,Chennai,Gym Gloves,Sports,1,524,524,CUST-56883,App
UK-2026-100805,2026-02-22,Central,Nagpur,Beard Grooming Kit,Beauty,2,1010,2020,CUST-17703,App
UK-2026-103067,2026-04-17,West,Ahmedabad,Eau de Parfum 100ml,Beauty,1,1965,1965,CUST-57623,App
UK-2026-101914,2026-03-04,North,Noida,Yoga Mat Pro,Sports,1,1256,1256,CUST-50873,Website
UK-2026-103490,2026-05-01,North,Gurugram,Ultrabook Air 14,Electronics,1,31089,31089,CUST-76551,Website
UK-2026-101543,2026-03-07,Central,Raipur,Air Fryer 5L,Home & Kitchen,1,5418,5418,CUST-92917,Website
UK-2026-103288,2026-05-26,Central,Bhopal,Ionic Hair Dryer,Beauty,1,1868,1868,CUST-29862,App
UK-2026-104278,2026-06-18,East,Bhubaneswar,43-inch Smart TV,Electronics,1,24775,24775,CUST-34309,Marketplace
UK-2026-102814,2026-04-06,East,Calcutta,Cotton Bedsheet Set,Home & Kitchen,1,1350,1350,CUST-81740,App
UK-2026-103902,2026-05-19,South,Bengaluru,Air Fryer 5L,Home & Kitchen,1,5711,5711,CUST-36001,Marketplace
UK-2026-102565,2026-04-13,South,Hyderabad,Cotton Kurta Set,Fashion,1,1268,1268,CUST-37756,App
UK-2026-100608,2026-01-23,South,Hyderabad,43-inch Smart TV,Electronics,2,27049,54098,CUST-13107,Website
UK-2026-100973,"Feb 1, 2026",South,Hyderabad,Bluetooth Speaker Mini,Electronics,2,1557,3114,CUST-99144,App
UK-2026-102561,2026-04-10,North,Noida,Running Sneakers,Fashion,1,2750,2750,CUST-18252,App
UK-2026-104220,2026-06-03,South,Bengaluru,Bluetooth Speaker Mini,Electronics,2,1544,3088,CUST-26933,Marketplace
UK-2026-100978,2026-02-12,South,Bengaluru,Cricket Bat English Willow,Sports,2,8761,17522,CUST-22642,App
UK-2026-101747,2026-03-29,West,Mumbai,Running Sneakers,Fashion,1,2720,2720,CUST-77095,App
UK-2026-100298,2026-01-05,East,Guwahati,Silk Saree,Fashion,1,3618,3618,CUST-77661,Marketplace
UK-2026-104900,2026-06-25,West,Surat,Silk Saree,Fashion,1,3368,3368,CUST-77865,Website
UK-2026-100955,2026-02-24,South,Chennai,Beard Grooming Kit,Beauty,1,977,977,CUST-67639,App
UK-2026-102798,2026-04-05,West,Pune,Non-Stick Cookware Set,Home & Kitchen,2,2959,5918,CUST-68385,App
UK-2026-102588,2026-04-27,West,Surat,Ethnic Dupatta,Fashion,4,503,2012,CUST-84795,Website
UK-2026-103818,2026-05-26,South,Bengaluru,Mirrorless Camera Lite,Electronics,1,28438,28438,CUST-88239,Marketplace
UK-2026-101047,2026-02-01,Central,Bhopal,Matte Lipstick Set,Beauty,1,919,919,CUST-64712,Website
UK-2026-104985,2026-06-21,West,Surat,Ethnic Dupatta,Fashion,1,474,474,CUST-70399,Website
UK-2026-101716,2026-03-20,South,Kochi,Formal Shirt,Fashion,1,1116,1116,CUST-49545,Marketplace
UK-2026-103461,2026-05-01,South,Kochi,Mirrorless Camera Lite,Electronics,1,28694,28694,CUST-69109,App
UK-2026-103844,2026-05-09,Central,Indore,Modern Wall Clock,Home & Kitchen,1,764,764,CUST-84819,Marketplace
UK-2026-103744,2026-05-19,Central,Nagpur,Smart Watch X2,Electronics,1,4533,4533,CUST-66901,App
UK-2026-104315,2026-06-18,East,Patna,Non-Stick Cookware Set,Home & Kitchen,,2801,2801,CUST-31726,Website
UK-2026-101332,2026-02-21,North,Gurugram,Running Sneakers,Fashion,1,2765,2765,CUST-90035,Marketplace
UK-2026-103604,2026-05-24,North,Chandigarh,Badminton Racket Set,Sports,,2395,2395,CUST-17808,Website
UK-2026-101819,2026-03-03,North,Gurugram,Badminton Racket Set,Sports,3,2499,7497,CUST-51120,App
UK-2026-101301,2026-02-24,East,Patna,Mixer Grinder 750W,Home & Kitchen,1,3137,3137,CUST-35253,App
UK-2026-104399,2026-06-22,South,Chennai,Makeup Brush Set,Beauty,2,1304,2608,CUST-77170,App
UK-2026-103959,2026-05-17,West,Mumbai,Mixer Grinder 750W,Home & Kitchen,2,3352,6704,CUST-58497,App
UK-2026-100886,2026-02-08,South,Chennai,Matte Lipstick Set,Beauty,1,900,900,CUST-77830,App
UK-2026-103194,2026-05-14,South,Hyderabad,Ionic Hair Dryer,Beauty,1,1978,1978,CUST-23363,App
UK-2026-104494,2026-06-30,South,Bengaluru,Face Wash Combo,Beauty,1,468,468,CUST-68712,Website
UK-2026-101290,2026-02-08,East,Bhubaneswar,Sunscreen SPF50,Beauty,1,535,535,CUST-63750,App
UK-2026-102071,2026-03-02,West,Surat,Silk Saree,Fashion,2,3464,6928,CUST-20081,App
UK-2026-101912,03/03/2026,West,Surat,Leather Wallet,Fashion,2,874,1748,CUST-70642,Website
UK-2026-102817,2026-04-21,East,Guwahati,Formal Shirt,Fashion,2,1065,2130,CUST-97284,App
UK-2026-102935,2026-04-22,West,Surat,Badminton Racket Set,Sports,4,2535,10140,CUST-82880,App
UK-2026-104704,2026-06-18,North,Gurugram,Ultrabook Air 14,Electronics,2,29527,59054,CUST-75269,Website
UK-2026-100795,2026-02-21,Central,Indore,Non-Stick Cookware Set,Home & Kitchen,1,2787,2787,CUST-50873,App
UK-2026-104952,2026-06-01,South,Bengaluru,Cotton Kurta Set,Fashion,1,1282,1282,CUST-75799,Marketplace
UK-2026-103996,2026-05-26,East,Kolkata,Cycling Helmet,Sports,2,1575,3150,CUST-28059,Website
UK-2026-101186,2026-02-08,East,Patna,Cotton Kurta Set,Fashion,1,1246,1246,CUST-84656,App
UK-2026-103325,2026-05-26,South,Kochi,Cotton Bedsheet Set,Home & Kitchen,2,1398,2796,CUST-86050,App
UK-2026-100470,2026-01-20,East,Guwahati,Power Bank 20000mAh,Electronics,2,1775,3550,CUST-85837,App
UK-2026-103687,2026-05-25,South,Chennai,Air Fryer 5L,Home & Kitchen,3,5466,16398,CUST-50830,Website
UK-2026-103128,2026-05-26,North,Chandigarh,Sunscreen SPF50,Beauty,1,550,550,CUST-77095,Marketplace
UK-2026-101870,2026-03-07,East,Patna,Leather Wallet,Fashion,1,875,875,CUST-27725,App
UK-2026-101157,2026-02-09,North,Gurugram,Electric Kettle 1.5L,Home & Kitchen,1,1132,1132,CUST-26884,App
UK-2026-100030,2026-01-11,South,Hyderabad,Eau de Parfum 100ml,Beauty,2,1928,3856,CUST-54013,App
UK-2026-101413,2026-02-05,North,Gurugram,Non-Stick Cookware Set,Home & Kitchen,2,2864,5728,CUST-69633,App
UK-2026-104929,2026-06-01,South,Hyderabad,Cotton Kurta Set,Fashion,1,1305,1305,CUST-18332,App
UK-2026-101354,2026-02-04,South,Hyderabad,Gym Gloves,Sports,1,518,518,CUST-89125,Website
UK-2026-100816,2026-02-20,East,Guwahati,Ethnic Dupatta,Fashion,1,500,500,CUST-25961,Website
UK-2026-103023,2026-04-03,South,Madras,Adjustable Dumbbells 15kg,Sports,2,5193,10386,CUST-89795,App
UK-2026-100316,2026-01-21,Central,Indore,Denim Jacket,Fashion,1,2222,2222,CUST-92298,App
UK-2026-100233,2026-01-07,West,Surat,Noise-Cancelling Headphones,Electronics,1,9006,9006,CUST-87186,Marketplace
UK-2026-104202,2026-06-12,South,Chennai,  Running Sneakers,Fashion,1,2830,2830,CUST-30474,Website
UK-2026-102220,2026-03-10,South,Chennai,Denim Jacket,Fashion,2,2135,4270,CUST-25961,App
UK-2026-104745,2026-06-06,East,Bhubaneswar,Slim Fit Jeans,Fashion,1,1611,1611,CUST-34108,App
UK-2026-100630,2026-01-06,South,Bengaluru,Cotton Bedsheet Set,Home & Kitchen,1,1429,1429,CUST-30754,App
UK-2026-101942,2026-03-16,East,Guwahati,Mixer Grinder 750W,Home & Kitchen,2,3281,6562,CUST-62831,App
UK-2026-102351,2026-04-13,West,Surat,Yoga Mat Pro,Sports,1,1211,1211,CUST-11435,App
UK-2026-104945,2026-06-27,North,Gurugram,Denim Jacket,Fashion,1,2203,2203,CUST-25133,App
UK-2026-103859,2026-05-14,West,Surat,Mixer Grinder 750W,Home & Kitchen,1,3326,3326,CUST-31726,Marketplace
UK-2026-101183,2026-02-03,Central,Raipur,Slim Fit Jeans,Fashion,1,1548,1548,CUST-48888,App
UK-2026-103848,2026-05-29,South,Bengaluru,Air Fryer 5L,Home & Kitchen,0,5268,5268,CUST-23969,Marketplace
UK-2026-100686,2026-01-25,North,Delhi,Robot Vacuum R7,Home & Kitchen,1,19141,19141,CUST-54232,App
UK-2026-103995,2026-05-19,East,Bhubaneswar,Running Sneakers,Fashion,1,2851,2851,CUST-54160,App
UK-2026-100117,2026-01-04,Central,Indore,Silk Saree,Fashion,1,3368,3368,CUST-21081,Website
UK-2026-103591,2026-05-09,North,Chandigarh,Face Wash Combo,Beauty,1,443,443,CUST-14939,App
UK-2026-104758,2026-06-07,,Chandigarh,Eau de Parfum 100ml,Beauty,1,1979,1979,CUST-93092,App
UK-2026-102464,2026-04-07,South,Hyderabad,Cycling Helmet,Sports,1,1631,1631,CUST-39128,Website
UK-2026-102097,2026-03-01,North,Delhi,Silk Saree,Fashion,1,3529,3529,CUST-57256,Website
UK-2026-100140,2026-01-26,East,Patna,Formal Shirt,Fashion,1,1084,1084,CUST-91644,App
UK-2026-102562,2026-04-12,South,chennai,Formal Shirt,Fashion,1,1068,1068,CUST-34390,App
UK-2026-102253,2026-04-25,Central,Indore,Denim Jacket,Fashion,1,2108,2108,CUST-10627,Website
UK-2026-101520,2026-03-20,Central,Indore,Smart Watch X2,Electronics,2,4647,9294,CUST-29862,Website
UK-2026-104734,2026-06-09,East,Kolkata,Silk Saree,Fashion,2,3490,6980,CUST-79525,App
UK-2026-102936,2026-04-12,East,Guwahati,Silk Saree,Fashion,1,3556,3556,CUST-87995,Website
UK-2026-100551,2026-01-24,North,Chandigarh,Robot Vacuum R7,Home & Kitchen,1,18384,18384,CUST-62792,App
UK-2026-100094,2026-01-13,West,Ahmedabad,Bluetooth Speaker Mini,Electronics,2,1455,2910,CUST-14282,App
UK-2026-100809,2026-02-28,South,Kochi,Modern Wall Clock,Home & Kitchen,1,782,782,CUST-31749,App
UK-2026-102321,2026-04-22,South,Kochi,Wireless Earbuds Pro,Electronics,3,2955,8865,CUST-76678,Marketplace
UK-2026-102908,2026-04-03,North,Gurugram,Leather Wallet,Fashion,2,893,1786,CUST-84525,App
UK-2026-104506,2026-06-05,East,Kolkata,Noise-Cancelling Headphones,Electronics,1,8710,8710,CUST-28439,Website
UK-2026-100407,2026-01-11,South,  Hyderabad,Vitamin C Serum,Beauty,1,705,705,CUST-89615,App
UK-2026-100560,2026-01-31,West,Pune,Wireless Earbuds Pro,Electronics,1,3123,3123,CUST-90673,Marketplace
UK-2026-100459,2026-01-26,West,Ahmedabad,Formal Shirt,Fashion,4,1103,4412,CUST-43156,App
UK-2026-103112,2026-05-19,Central,Nagpur,Cotton Kurta Set,Fashion,1,1329,1329,CUST-38667,App
UK-2026-100292,2026-01-18,West,Surat,Non-Stick Cookware Set,Home & Kitchen,1,2873,2873,CUST-14194,Website
UK-2026-100048,2026-01-21,North,Gurugram,Bluetooth Speaker Mini,Electronics,2,1434,2868,CUST-95592,App
UK-2026-103519,2026-05-30,East,Patna,Slim Fit Jeans,Fashion,1,1639,1639,CUST-44301,App
UK-2026-102196,2026-03-26,East,Bhubaneswar,Non-Stick Cookware Set,Home & Kitchen,1,2863,2863,CUST-10665,Marketplace
UK-2026-102313,2026-04-30,West,Pune,Makeup Brush Set,Beauty,2,1350,2700,CUST-60424,Website
UK-2026-104585,2026-06-18,North,Gurugram,Silk Saree,Fashion,1,3402,3402,CUST-29741,App
UK-2026-100820,2026-02-08,North,Delhi,Badminton Racket Set,Sports,1,2446,2446,CUST-96289,App
UK-2026-100975,2026-02-06,North,Delhi,Running Sneakers,Fashion,1,2806,2806,CUST-22413,Website
UK-2026-103242,2026-05-22,South,Hyderabad,Wireless Earbuds Pro,Electronics,1,2911,2911,CUST-48687,Website
UK-2026-101173,2026-02-20,North,Delhi,Dinner Set 24pc,Home & Kitchen,1,2515,2515,CUST-68436,App
UK-2026-103888,2026-05-30,West,Surat,Wireless Earbuds Pro,Electronics,1,2919,2919,CUST-28042,App
UK-2026-103187,2026-05-25,West,Pune,Mirrorless Camera Lite,Electronics,1,27905,27905,CUST-12991,App
UK-2026-104122,2026-06-22,North,Chandigarh,Gym Gloves,Sports,2,487,974,CUST-51672,Website
UK-2026-104767,2026-06-18,Central,Raipur,Yoga Mat Pro,Sports,1,1231,1231,CUST-33072,Website
UK-2026-102993,2026-04-27,North,Delhi,Ultrabook Air 14,Electronics,1,29667,29667,CUST-43156,Marketplace
UK-2026-102099,2026-03-18,South,Hyderabad,Beard Grooming Kit,Beauty,2,1005,2010,CUST-50640,Website
UK-2026-104689,2026-06-11,South,Hyderabad,Cotton Kurta Set,Fashion,2,1260,2520,CUST-90673,App
UK-2026-100715,2026-01-30,East,Patna,Robot Vacuum R7,Home & Kitchen,2,18351,36702,CUST-58790,App
UK-2026-103670,2026-05-23,North,Chandigarh,Non-Stick Cookware Set,Home & Kitchen,1,3015,3015,CUST-73857,App
UK-2026-101815,2026-03-20,West,Pune,43-inch Smart TV,Electronics,2,24941,49882,CUST-49689,Website
UK-2026-102998,2026-04-26,West,Ahmedabad,Denim Jacket,Fashion,1,2265,2265,CUST-59737,App
UK-2026-103454,2026-05-04,South,Kochi,Denim Jacket,Fashion,0,2151,2151,CUST-12237,Website
UK-2026-102484,2026-04-10,South,Kochi,Ethnic Dupatta,Fashion,2,487,974,CUST-49213,Website
UK-2026-101971,2026-03-11,East,Guwahati,Cotton Bedsheet Set,Home & Kitchen,2,1392,2784,CUST-77170,Marketplace
UK-2026-104442,"Jun 30, 2026",West,Pune,Smart Watch X2,Electronics,1,4489,4489,CUST-92306,App
UK-2026-101049,2026-02-22,East,Kolkata,Bluetooth Speaker Mini,Electronics,1,1550,1550,CUST-84397,App
UK-2026-103151,2026-05-24,East,Patna,Non-Stick Cookware Set,Home & Kitchen,2,2763,5526,CUST-67639,Marketplace
UK-2026-100738,2026-02-20,Central,Bhopal,Silk Saree,Fashion,1,3518,3518,CUST-28870,Website
UK-2026-101930,2026-03-14,West,Mumbai,Wireless Earbuds Pro,Electronics,2,2901,5802,CUST-23263,App
UK-2026-101410,07-02-26,South,Chennai,Face Wash Combo,Beauty,2,453,906,CUST-96556,Website
UK-2026-104555,2026-06-06,West,Ahmedabad,Bluetooth Speaker Mini,Electronics,1,1541,1541,CUST-51847,Marketplace
UK-2026-102551,2026-04-08,East,Kolkata,Modern Wall Clock,Home & Kitchen,1,784,₹784,CUST-51853,App
UK-2026-100780,2026-02-18,South,Hyderabad,43-inch Smart TV,Electronics,1,25318,25318,CUST-83227,App
UK-2026-100319,2026-01-05,West,Surat,Cotton Kurta Set,Fashion,2,1320,2640,CUST-29348,App
UK-2026-101261,2026-02-22,East,Kolkata,Sunscreen SPF50,Beauty,1,534,534,CUST-90627,Website
UK-2026-104010,2026-05-03,West,Pune,Leather Wallet,Fashion,1,905,905,CUST-88186,Website
UK-2026-101444,2026-02-10,West,Ahmedabad,Cotton Bedsheet Set,Home & Kitchen,1,1460,1460,CUST-53650,Website
UK-2026-101759,2026-03-28,South,Kochi,Cotton Bedsheet Set,Home & Kitchen,1,1431,1431,CUST-30508,App
UK-2026-104186,2026-06-25,East,Patna,Dinner Set 24pc,Home & Kitchen,1,2495,2495,CUST-69451,App
UK-2026-100792,2026-02-17,West,Mumbai,Modern Wall Clock,Home & Kitchen,2,796,1592,CUST-16556,App
UK-2026-101644,2026-03-18,North,Chandigarh,Non-Stick Cookware Set,Home & Kitchen,1,2791,2791,CUST-78766,App
UK-2026-100972,2026-02-09,North,Delhi,Cycling Helmet,Sports,1,1636,1636,CUST-36396,App
UK-2026-103291,2026-05-26,East,Patna,Robot Vacuum R7,Home & Kitchen,1,19468,19468,CUST-91732,Website
UK-2026-102304,2026-04-26,North,Noida,Cotton Kurta Set,Fashion,1,1330,1330,CUST-35613,App
UK-2026-104518,2026-06-22,South,Hyderabad,Cricket Bat English Willow,Sports,2,9016,18032,CUST-44465,Website
UK-2026-102844,16-04-26,West,Mumbai,Beard Grooming Kit,Beauty,1,1014,1014,CUST-19916,App
UK-2026-101745,2026-03-20,North,Delhi,Power Bank 20000mAh,Electronics,2,1869,3738,CUST-36396,Marketplace
UK-2026-103749,2026-05-26,Central,Raipur,Dinner Set 24pc,Home & Kitchen,2,2391,4782,CUST-16137,App
UK-2026-102900,2026-04-20,West,Ahmedabad,Eau de Parfum 100ml,Beauty,1,2037,2037,CUST-39819,Website
UK-2026-104924,05/06/2026,East,Kolkata,Mirrorless Camera Lite,Electronics,1,28489,28489,CUST-84168,Marketplace
UK-2026-103826,2026-05-17,East,Bhubaneswar,Foldable Treadmill T2,Sports,1,24817,24817,CUST-30503,App
UK-2026-104467,2026-06-06,West,Pune,Modern Wall Clock,Home & Kitchen,2,816,1632,CUST-80884,Website
UK-2026-102267,2026-04-01,Central,Raipur,Mixer Grinder 750W,Home & Kitchen,1,3346,3346,CUST-64730,App
UK-2026-103968,2026-05-26,East,Guwahati,Leather Wallet,Fashion,1,867,867,CUST-86394,App
UK-2026-104159,2026-06-18,South,Hyderabad,Sunscreen SPF50,Beauty,1,546,546,CUST-24377,Website
UK-2026-101424,2026-02-28,West,Mumbai,Silk Saree,Fashion,1,3394,3394,CUST-25104,Marketplace
UK-2026-103213,2026-05-13,North,Gurugram,Matte Lipstick Set,Beauty,1,860,860,CUST-49213,Website
UK-2026-103131,2026-05-14,South,Bengaluru,Noise-Cancelling Headphones,Electronics,1,9381,9381,CUST-15821,App
UK-2026-101534,2026-03-12,West,Surat,Non-Stick Cookware Set,Home & Kitchen,1,2832,2832,CUST-41442,Website
UK-2026-103691,2026-05-16,Central,Indore,Cotton Bedsheet Set,Home & Kitchen,1,1396,1396,CUST-66144,App
UK-2026-102646,2026-04-27,North,Delhi,Foldable Treadmill T2,Sports,1,26147,26147,CUST-45392,App
UK-2026-104957,"Jun 30, 2026",North,Delhi,Air Fryer 5L,Home & Kitchen,1,5636,5636,CUST-92428,Website
UK-2026-101984,2026-03-31,West,Ahmedabad,Wireless Earbuds Pro,Electronics,1,2989,2989,CUST-98888,App
UK-2026-101522,2026-03-26,North,Noida,Cotton Kurta Set,Fashion,-2,1300,1300,CUST-71941,Website
UK-2026-104527,2026-06-13,East,Bhubaneswar,Noise-Cancelling Headphones,Electronics,2,9000,18000,CUST-21680,Marketplace
UK-2026-100583,2026-01-15,East,Kolkata,Dinner Set 24pc,Home & Kitchen,1,2490,2490,CUST-24929,Website
UK-2026-101583,2026-03-09,West,Surat,Power Bank 20000mAh,Electronics,2,1830,3660,CUST-92428,Website
UK-2026-102222,2026-03-28,West,Ahmedabad,Wireless Earbuds Pro,Electronics,1,2983,2983,CUST-65623,App
UK-2026-102893,2026-04-22,East,Guwahati,Face Wash Combo,Beauty,1,459,,CUST-92617,Website
UK-2026-103726,2026-05-08,West,Mumbai,Badminton Racket Set,Sports,1,2583,2583,CUST-25005,Marketplace
UK-2026-104707,2026-06-15,East,Guwahati,Makeup Brush Set,Beauty,2,1245,2490,CUST-74562,App
UK-2026-104614,2026-06-11,North,Gurugram,Vitamin C Serum,Beauty,1,714,714,CUST-47799,App
UK-2026-101877,2026-03-20,South,Hyderabad,Bluetooth Speaker Mini,Electronics,1,1443,1443,CUST-68901,Marketplace
UK-2026-101575,2026-03-07,West,Mumbai,Badminton Racket Set,Sports,1,2374,2374,CUST-63709,App
UK-2026-100574,2026-01-05,South,Bengaluru,Smart Watch X2,Electronics,1,4437,4437,CUST-99665,App
UK-2026-101792,2026-03-11,North,Chandigarh,Silk Saree,Fashion,1,3638,3638,CUST-80648,App
UK-2026-102874,2026-04-24,North,Noida,Ethnic Dupatta,Fashion,2,503,1006,CUST-75475,Website
UK-2026-101665,2026-03-16,West,Surat,Formal Shirt,Fashion,3,1137,3411 INR,CUST-31130,Marketplace
UK-2026-104804,2026-06-21,Central,Raipur,Dinner Set 24pc,Home & Kitchen,1,2404,2404,CUST-98679,App
UK-2026-100070,12/01/2026,South,Kochi,Football Size 5,Sports,1,889,889,CUST-11551,Marketplace
UK-2026-103608,2026-05-17,West,Pune,Denim Jacket,Fashion,1,2141,2141,CUST-17468,App
UK-2026-101510,2026-03-02,South,Kochi,Electric Kettle 1.5L,Home & Kitchen,1,1126,1126,CUST-80522,App
UK-2026-101666,2026-03-08,South,Hyderabad,Non-Stick Cookware Set,Home & Kitchen,1,2830,2830,CUST-37866,App
UK-2026-101958,2026-03-28,North,Delhi,Power Bank 20000mAh,Electronics,2,1763,3526,CUST-29917,App
UK-2026-100438,2026-01-05,North,Delhi,Slim Fit Jeans,Fashion,1,1646,1646,CUST-94082,App
UK-2026-104909,2026-06-24,Central,Raipur,Denim Jacket,Fashion,2,2300,4600,CUST-58799,App
UK-2026-104826,2026-06-21,East,Bhubaneswar,Sunscreen SPF50,Beauty,1,550,550,CUST-64730,Website
UK-2026-101429,05/02/2026,West,Surat,Noise-Cancelling Headphones,Electronics,1,9054,9054,CUST-24914,App
UK-2026-102367,2026-04-16,West,Mumbai,43-inch Smart TV,Electronics,1,27222,27222,CUST-62782,Marketplace
UK-2026-100720,2026-01-20,North,Delhi,Formal Shirt,Fashion,1,1048,1048,CUST-44490,App
UK-2026-101451,2026-03-28,East,Bhubaneswar,Eau de Parfum 100ml,Beauty,1,1908,1908,CUST-49404,Website
UK-2026-100285,2026-01-20,South,Kochi,Ionic Hair Dryer,Beauty,1,1923,1923,CUST-11025,App
UK-2026-103689,2026-05-11,East,Kolkata,Silk Saree,Fashion,1,3572,3572,CUST-73405,App
UK-2026-103396,2026-05-18,North,Gurugram,Bluetooth Speaker Mini,Electronics,1,1451,"₹1,451",CUST-62598,App
UK-2026-103703,2026-05-21,South,Kochi,Makeup Brush Set,Beauty,1,1256,1256,CUST-39795,Website
UK-2026-102195,2026-03-28,South,Kochi,Adjustable Dumbbells 15kg,Sports,1,5015,5015,CUST-23574,App
UK-2026-104337,2026-06-29,Central,Bhopal,Sunscreen SPF50,Beauty,1,527,527,CUST-28701,App
UK-2026-102768,2026-04-04,West,Pune,Power Bank 20000mAh,Electronics,1,1800,1800,CUST-85167,Marketplace
UK-2026-100521,2026-01-22,South,Kochi,Wireless Earbuds Pro,Electronics,1,2918,2918,CUST-83013,Marketplace
UK-2026-103189,2026-05-28,South,Bengaluru,Ionic Hair Dryer,Beauty,2,1883,3766,CUST-28054,App
UK-2026-100556,2026-01-22,North,Noida,Robot Vacuum R7,Home & Kitchen,1,18221,18221,CUST-45888,App
UK-2026-101404,2026-02-25,East,Kolkata,Bluetooth Speaker Mini,Electronics,1,1477,1477,CUST-24147,Website
UK-2026-100994,2026-02-08,West,Surat,Cotton Kurta Set,Fashion,-1,1245,2490,CUST-81787,App
UK-2026-102851,2026-04-09,East,Guwahati,Face Wash Combo,Beauty,2,427,854,CUST-23427,Marketplace
UK-2026-104334,11/06/2026,South,Hyderabad,Non-Stick Cookware Set,Home & Kitchen,2,2959,5918,CUST-13072,App
UK-2026-102616,2026-04-29,West,Pune,Leather Wallet,Fashion,1,888,888,CUST-10385,Website
UK-2026-102221,2026-03-14,West,Ahmedabad,Denim Jacket,Fashion,1,2217,2217,CUST-64303,Website
UK-2026-100789,2026-02-04,West,Ahmedabad,Cotton Kurta Set,Fashion,1,1272,1272,CUST-79166,Marketplace
UK-2026-100709,"Jan 22, 2026",South,Chennai,Adjustable Dumbbells 15kg,Sports,1,4902,4902,CUST-84656,Website
UK-2026-104677,2026-06-14,South,Hyderabad,Cotton Bedsheet Set,Home & Kitchen,1,1398,1398,CUST-98194,Marketplace
UK-2026-102831,2026-04-25,East,Patna,Noise-Cancelling Headphones,Electronics,1,8787,8787,CUST-24914,Marketplace
UK-2026-100559,2026-01-28,East,Guwahati,Sunscreen SPF50,Beauty,2,556,1112,CUST-75532,Website
UK-2026-104427,2026-06-21,South,Hyderabad,Air Fryer 5L,Home & Kitchen,1,5654,5654,CUST-19391,App
UK-2026-103924,2026-05-10,East,Kolkata,Formal Shirt,Fashion,1,1061,1061,CUST-34592,Website
UK-2026-100371,2026-01-20,South,Hyderabad,Silk Saree,Fashion,2,3570,7140,CUST-22747,App
UK-2026-102162,2026-03-15,South,Hyderabad,Football Size 5,Sports,1,893,893,CUST-91934,App
UK-2026-100108,2026-01-26,West,Ahmedabad,Ethnic Dupatta,Fashion,4,477,1908,CUST-79541,Marketplace
UK-2026-103129,2026-05-11,West,Pune,Cotton Bedsheet Set,Home & Kitchen,1,1409,1409,CUST-38667,App
UK-2026-102871,2026-04-02,North,Gurgaon,Slim Fit Jeans,Fashion,2,1669,3338,CUST-95851,Website
UK-2026-102296,2026-04-07,East,Kolkata,Modern Wall Clock,Home & Kitchen,1,838,838,CUST-29939,Website
UK-2026-103538,2026-05-20,,Bhopal,Non-Stick Cookware Set,Home & Kitchen,2,2882,5764,CUST-16124,App
UK-2026-103685,2026-05-30,South,Hyderabad,Dinner Set 24pc,Home & Kitchen,1,2511,2511,CUST-79126,Marketplace
UK-2026-101164,2026-02-22,Central,BHOPAL,43-inch Smart TV,Electronics,1,25904,25904,CUST-98204,App
UK-2026-100024,2026-01-02,West,Ahmedabad,Foldable Treadmill T2,Sports,1,25406,25406,CUST-58179,App
UK-2026-102623,2026-04-15,Central,Indore,Mirrorless Camera Lite,Electronics,1,29959,29959,CUST-64770,App
UK-2026-100458,2026-01-09,South,Hyderabad,Power Bank 20000mAh,Electronics,1,1747,1747,CUST-93334,App
UK-2026-101790,2026-03-09,North,Chandigarh,Dinner Set 24pc,Home & Kitchen,,2593,2593,CUST-97211,Website
UK-2026-101807,2026-03-09,West,Ahmedabad,Wireless Earbuds Pro,Electronics,1,2919,2919,CUST-85584,Website
UK-2026-103642,2026-05-26,South,Chennai,Cotton Bedsheet Set,Home & Kitchen,3,1378,4134,CUST-36766,App
UK-2026-100388,2026-01-20,North,Gurugram,Electric Kettle 1.5L,Home & Kitchen,1,1142,1142,CUST-41730,App
UK-2026-101595,2026-03-31,South,Hyderabad,Robot Vacuum R7,Home & Kitchen,1,18622,18622,CUST-19386,App
UK-2026-104633,2026-06-23,North,Noida,43-inch Smart TV,Electronics,1,27208,27208,CUST-94390,App
UK-2026-103320,2026-05-09,West,Surat,Silk Saree,Fashion,2,3511,7022,CUST-84149,Marketplace
UK-2026-104702,2026-06-28,West,Ahmedabad,Cotton Bedsheet Set,Home & Kitchen,1,1396,1396,CUST-61002,App
UK-2026-100649,2026-01-03,Central,Indore,Dinner Set 24pc,Home & Kitchen,,2437,7311,CUST-52672,Website
UK-2026-102250,2026-04-23,South,Hyderabad,Foldable Treadmill T2,Sports,1,25624,25624,CUST-59768,App
UK-2026-100475,2026-01-16,West,Pune,Silk Saree,Fashion,-2,3541,3541,CUST-33491,Website
UK-2026-102538,2026-04-25,North,Noida,Cotton Bedsheet Set,Home & Kitchen,1,1380,1380,CUST-14494,App
UK-2026-101785,2026-03-12,Central,Bhopal,Cotton Kurta Set,Fashion,1,1355,1355,CUST-44021,Website
UK-2026-100238,2026-01-01,Central,Nagpur,Ultrabook Air 14,Electronics,1,28935,,CUST-56917,App
UK-2026-102199,"Mar 25, 2026",South,Kochi,Wireless Earbuds Pro,Electronics,1,2952,2952,CUST-44588,Marketplace
UK-2026-100678,2026-01-29,West,Mumbai,Badminton Racket Set,Sports,4,2568,10272,CUST-33303,App
UK-2026-100988,2026-02-21,West,Mumbai,Power Bank 20000mAh,Electronics,1,1824,1824,CUST-67487,App
UK-2026-103603,2026-05-19,North,Chandigarh,Leather Wallet,Fashion,3,910,2730,CUST-75174,Marketplace
UK-2026-101969,2026-03-31,South,Hyderabad,Ethnic Dupatta,Fashion,1,502,502,CUST-49725,Website
UK-2026-103998,2026-05-21,Central,Raipur,Mixer Grinder 750W,Home & Kitchen,1,3233,3233,CUST-64933,Marketplace
UK-2026-103384,2026-05-13,South,Hyderabad,Foldable Treadmill T2,Sports,2,24543,49086,CUST-19496,Marketplace
UK-2026-103541,2026-05-21,,Chandigarh,Mirrorless Camera Lite,Electronics,1,28046,28046,CUST-89625,App
UK-2026-102924,2026-04-29,West,Pune,Cycling Helmet,Sports,1,1608,1608,CUST-28742,Website
UK-2026-104511,2026-06-13,South,Chennai,Silk Saree,Fashion,1,3369,3369,CUST-97006,App
UK-2026-100494,2026-01-01,East,Patna,Air Fryer 5L,Home & Kitchen,1,5622,5622,CUST-66169,Website
UK-2026-101364,2026-02-26,Central,Nagpur,Foldable Treadmill T2,Sports,1,25683,25683,CUST-40401,Website
UK-2026-103540,2026-05-24,West,Ahmedabad,Non-Stick Cookware Set,Home & Kitchen,1,2825,2825,CUST-38838,Marketplace
UK-2026-104632,2026-06-25,South,Bengaluru,Electric Kettle 1.5L,Home & Kitchen,2,1103,2206,CUST-10945,Website
UK-2026-103993,2026-05-28,East,Bhubaneswar,Smart Watch X2,Electronics,2,4543,9086,CUST-61588,Website
UK-2026-100275,2026-01-09,Central,Raipur,Silk Saree,Fashion,1,3376,3376,CUST-30434,App
UK-2026-101999,2026-03-25,South,Hyderabad,Leather Wallet,Fashion,1,888,888,CUST-59068,Marketplace
UK-2026-104272,2026-06-14,North,Gurugram,Vitamin C Serum,Beauty,1,728,728,CUST-70006,App
UK-2026-104043,2026-06-21,North,Chandigarh,Gym Gloves,Sports,1,493,493,CUST-61618,Website
UK-2026-103342,2026-05-10,Central,Nagpur,Non-Stick Cookware Set,Home & Kitchen,1,2922,2922,CUST-79260,Marketplace
UK-2026-101990,2026-03-07,East,Patna,Wireless Earbuds Pro,Electronics,1,2937,2937,CUST-92539,App
UK-2026-103164,2026-05-25,North,Gurugram,Noise-Cancelling Headphones,Electronics,2,9002,18004,CUST-55423,Marketplace
UK-2026-103776,2026-05-24,North,Noida,Noise-Cancelling Headphones,Electronics,1,9141,9141,CUST-96973,Marketplace
UK-2026-101584,2026-03-31,South,Chennai,Cycling Helmet,Sports,1,1605,1605,CUST-62782,App
UK-2026-102653,2026-04-06,North,Chandigarh,Face Wash Combo,Beauty,1,440,440,CUST-60190,Website
UK-2026-101468,2026-03-09,Central,Bhopal,Mixer Grinder 750W,Home & Kitchen,3,3244,9732,CUST-65035,Website
UK-2026-103376,2026-05-16,West,Surat,Smart Watch X2,Electronics,1,4500,4500,CUST-12188,Marketplace
UK-2026-103052,2026-04-06,South,Hyderabad,Mixer Grinder 750W,Home & Kitchen,,3366,3366,CUST-95765,App
UK-2026-100939,2026-02-07,South,Bengaluru,Running Sneakers,Fashion,2,2889,5778,CUST-85557,Website
UK-2026-103340,2026-05-12,North,Chandigarh,Wireless Earbuds Pro,Electronics,1,2952,2952,CUST-57811,Marketplace
UK-2026-103662,2026-05-04,Central,Raipur,Bluetooth Speaker Mini,Electronics,2,1449,2898,CUST-53083,App
UK-2026-101498,2026-03-03,North,Chandigarh,Leather Wallet,Fashion,2,867,1734,CUST-78281,Marketplace
UK-2026-103806,2026-05-18,North,Delhi,Eau de Parfum 100ml,Beauty,2,2080,4160,CUST-39292,App
UK-2026-102531,2026-04-14,West,Mumbai,Bluetooth Speaker Mini,Electronics,1,1494,1494,CUST-56883,App
UK-2026-104376,2026-06-19,North,Chandigarh,Sunscreen SPF50,Beauty,1,565,565,CUST-56036,Website
UK-2026-102878,2026-04-23,West,Ahmedabad,Robot Vacuum R7,Home & Kitchen,1,18537,18537,CUST-22642,Website
UK-2026-102151,13/03/2026,South,Kochi,Slim Fit Jeans,Fashion,2,1636,3272,CUST-48709,Website
UK-2026-100254,2026-01-22,Central,Bhopal,Cycling Helmet,Sports,1,1553,1553,CUST-59411,Marketplace
UK-2026-100899,2026-02-19,West,Pune,Noise-Cancelling Headphones,Electronics,1,8733,8733,CUST-13801,Marketplace
UK-2026-103625,2026-05-27,North,Chandigarh,Wireless Earbuds Pro,Electronics,1,2939,2939,CUST-22413,App
UK-2026-100669,2026-01-13,West,Surat,Yoga Mat Pro,Sports,1,1249,1249,CUST-39536,App
UK-2026-104111,2026-06-28,East,Kolkata,Sunscreen SPF50,Beauty,1,541,541,CUST-96209,App
UK-2026-102430,2026-04-19,Central,Bhopal,Running Sneakers,Fashion,1,2685,2685,CUST-44465,App
UK-2026-102712,2026-04-13,West,Surat,Face Wash Combo,Beauty,1,444,444,CUST-76424,App
UK-2026-102407,2026-04-17,North,Noida,Foldable Treadmill T2,Sports,2,26086,52172,CUST-71125,Website
UK-2026-100743,2026-02-23,North,Delhi,Mirrorless Camera Lite,Electronics,2,29781,59562,CUST-94902,App
UK-2026-102944,2026-04-02,North,Delhi,Mirrorless Camera Lite,Electronics,2,28066,56132,CUST-78705,App
UK-2026-100374,07/01/2026,East,Guwahati,Ethnic Dupatta,Fashion,1,478,478,CUST-60496,Website
UK-2026-101265,2026-02-25,South,Bengaluru,Silk Saree,Fashion,1,3383,3383,CUST-71140,Website
UK-2026-100052,2026-01-22,East,Guwahati,Badminton Racket Set,Sports,1,2512,2512,CUST-29741,App
UK-2026-104113,2026-06-27,East,Guwahati,Face Wash Combo,Beauty,1,429,429,CUST-63584,App
UK-2026-104691,2026-06-28,West,Ahmedabad,Wireless Earbuds Pro,Electronics,1,3072,3072,CUST-19500,App
UK-2026-101632,2026-03-22,West,Pune,Noise-Cancelling Headphones,Electronics,2,8653,17306,CUST-23873,Website
UK-2026-104001,2026-05-24,East,Guwahati,Cotton Kurta Set,Fashion,1,1292,1292,CUST-24630,App
UK-2026-103153,2026-05-05,South,Bengaluru,Cotton Bedsheet Set,Home & Kitchen,1,1344,1344,CUST-12009,App
UK-2026-100198,2026-01-24,East,Patna,Makeup Brush Set,Beauty,3,1306,3918,CUST-95372,Website
UK-2026-101278,2026-02-03,South,Bengaluru,Cotton Kurta Set,Fashion,2,1244,2488,CUST-52317,Website
UK-2026-100649,2026-01-03,Central,Indore,Dinner Set 24pc,Home & Kitchen,,2437,7311,CUST-52672,Website
UK-2026-100928,2026-02-15,North,GGN,Wireless Earbuds Pro,Electronics,1,2953,2953,CUST-60141,App
UK-2026-102583,2026-04-03,Central,Indore,Bluetooth Speaker Mini,Electronics,1,1530,1530,CUST-11992,App
UK-2026-102948,2026-04-26,,Delhi,Non-Stick Cookware Set,Home & Kitchen,1,2997,2997,CUST-45244,Marketplace
UK-2026-104647,2026-06-25,West,Ahmedabad,Sunscreen SPF50,Beauty,1,536,536,CUST-15561,Website
UK-2026-101684,2026-03-19,East,Guwahati,Denim Jacket,Fashion,1,2286,2286,CUST-83770,App
UK-2026-102287,2026-04-25,South,Kochi,Matte Lipstick Set,Beauty,1,905,905,CUST-88536,Website
UK-2026-101834,2026-03-25,South,Chennai,Ionic Hair Dryer,Beauty,1,1925,1925,CUST-35077,App
UK-2026-102832,2026-04-10,Central,Indore,Modern Wall Clock,Home & Kitchen,1,826,826,CUST-85167,App
UK-2026-104117,2026-06-11,North,Noida,Dinner Set 24pc,Home & Kitchen,1,2487,2487,CUST-77387,App
UK-2026-101846,2026-03-05,East,Bhubaneswar,Robot Vacuum R7,Home & Kitchen,,19861,79444,CUST-29839,Marketplace
UK-2026-103679,2026-05-31,East,Kolkata,Slim Fit Jeans,Fashion,2,1579,3158,CUST-60213,App
UK-2026-102502,2026-04-30,North,Chandigarh,43-inch Smart TV,Electronics,2,26936,53872,CUST-60690,Marketplace
UK-2026-102711,2026-04-13,South,Kochi,Foldable Treadmill T2,Sports,4,23875,95500,CUST-73084,Website
UK-2026-101305,2026-02-13,West,Surat,Cricket Bat English Willow,Sports,1,8837,8837,CUST-28701,App
UK-2026-103250,2026-05-19,South,Hyderabad,Robot Vacuum R7,Home & Kitchen,1,18246,18246,CUST-24433,App
UK-2026-103094,2026-05-09,East,Guwahati,Matte Lipstick Set,Beauty,1,920,920,CUST-78777,Marketplace
UK-2026-103979,2026-05-30,West,Pune,Power Bank 20000mAh,Electronics,2,1788,3576,CUST-10034,App
UK-2026-100393,2026-01-21,West,Surat,Football Size 5,Sports,1,944,944,CUST-64377,App
UK-2026-100912,2026-02-27,South,Hyderabad,Ethnic Dupatta,Fashion,1,506,506,CUST-43570,App
UK-2026-101657,2026-03-29,South,Kochi,Power Bank 20000mAh,Electronics,1,1842,1842,CUST-98536,App
UK-2026-101117,2026-02-08,South,Chennai,Eau de Parfum 100ml,Beauty,1,1994,1994,CUST-80522,App
UK-2026-100286,2026-01-11,North,Delhi,Robot Vacuum R7,Home & Kitchen,1,18938,18938,CUST-82795,Marketplace
UK-2026-101668,2026-03-14,Central,Bhopal,Ethnic Dupatta,Fashion,1,514,514,CUST-52228,App
UK-2026-104106,2026-06-08,South,Chennai,Mirrorless Camera Lite,Electronics,2,28527,57054,CUST-70639,App
UK-2026-101472,2026-03-02,North,Gurugram,Cotton Kurta Set,Fashion,1,1244,1244,CUST-10162,App
UK-2026-101220,2026-02-22,North,Gurugram,Cotton Bedsheet Set,Home & Kitchen,1,1381,1381,CUST-84270,App
UK-2026-101728,2026-03-01,West,Ahmedabad,Cotton Kurta Set,Fashion,1,1295,1295,CUST-92617,Website
UK-2026-100508,2026-01-02,North,Delhi,Power Bank 20000mAh,Electronics,1,1720,1720,CUST-46538,App
UK-2026-100989,2026-02-06,West,Ahmedabad,Non-Stick Cookware Set,Home & Kitchen,2,2959,5918,CUST-83915,Website
UK-2026-102702,2026-04-12,North,Delhi,Makeup Brush Set,Beauty,2,1322,2644,CUST-29939,App
UK-2026-101393,2026-02-16,South,Kochi,Ultrabook Air 14,Electronics,2,29315,58630,CUST-49689,Marketplace
UK-2026-101018,2026-02-19,West,Pune,Non-Stick Cookware Set,Home & Kitchen,1,2967,2967,CUST-51208,App
UK-2026-103748,2026-05-29,West,Ahmedabad,Matte Lipstick Set,Beauty,1,919,919,CUST-78514,Website
UK-2026-100638,2026-01-26,East,Guwahati,Denim Jacket,Fashion,1,2115,2115,CUST-39935,App
UK-2026-102743,2026-04-24,Central,Nagpur,Running Sneakers,Fashion,1,2767,2767,CUST-92617,App
UK-2026-104866,2026-06-18,East,Kolkata,Robot Vacuum R7,Home & Kitchen,1,18957,18957,CUST-25133,Website
UK-2026-104682,2026-06-10,North,Chandigarh,Dinner Set 24pc,Home & Kitchen,4,2509,10036,CUST-95930,Marketplace
UK-2026-103296,2026-05-16,North,Delhi,Denim Jacket,Fashion,1,2118,2118,CUST-28054,Website
UK-2026-104780,2026-06-23,Central,Bhopal,Matte Lipstick Set,Beauty,1,925,925,CUST-79451,App
UK-2026-101373,2026-02-22,South,Bengaluru,Dinner Set 24pc,Home & Kitchen,2,2476,4952,CUST-23595,App
UK-2026-101955,2026-03-05,Central,Nagpur,43-inch Smart TV,Electronics,1,25470,25470,CUST-49404,Marketplace
UK-2026-100887,08/02/2026,West,Surat,Denim Jacket,Fashion,1,2175,2175,CUST-24641,App
UK-2026-104814,2026-06-08,South,Chennai,Air Fryer 5L,Home & Kitchen,1,5658,5658,CUST-22720,Website
UK-2026-102294,2026-04-09,South,Hyderabad,Gym Gloves,Sports,,477,477,CUST-62884,App
UK-2026-104415,2026-06-22,South,Hyderabad,Ultrabook Air 14,Electronics,3,29896,89688,CUST-16899,App
UK-2026-101475,2026-03-12,East,Guwahati,Cotton Bedsheet Set,Home & Kitchen,1,1468,1468,CUST-30939,App
UK-2026-102305,2026-04-07,South,Kochi,Robot Vacuum R7,Home & Kitchen,1,19384,19384,CUST-88486,Marketplace
UK-2026-103306,2026-05-02,West,Mumbai,Beard Grooming Kit,Beauty,1,1010,1010,CUST-75269,Marketplace
UK-2026-101627,2026-03-08,Central,Indore,Eau de Parfum 100ml,Beauty,1,2092,2092,CUST-78465,App
UK-2026-103069,2026-04-09,South,Kochi,Eau de Parfum 100ml,Beauty,1,1973,1973,CUST-39550,Website
UK-2026-102624,2026-04-23,West,Pune,Noise-Cancelling Headphones,Electronics,1,9385,9385,CUST-77483,Marketplace
UK-2026-100513,2026-01-11,East,Bhubaneswar,Electric Kettle 1.5L,Home & Kitchen,2,1063,2126,CUST-77095,Website
UK-2026-104235,2026-06-12,South,Bengaluru,Robot Vacuum R7,Home & Kitchen,4,18667,74668,CUST-76898,Marketplace
UK-2026-103468,2026-05-01,North,Gurugram,Badminton Racket Set,Sports,1,2499,2499,CUST-54232,App
UK-2026-102013,"Mar 29, 2026",East,Patna,Smart Watch X2,Electronics,1,4374,4374,CUST-36049,Marketplace
UK-2026-100936,2026-02-09,South,Chennai,Non-Stick Cookware Set,Home & Kitchen,1,2907,2907,CUST-29604,Website
UK-2026-104862,2026-06-14,South,Bengaluru,Ultrabook Air 14,Electronics,2,29715,59430,CUST-57174,Website
UK-2026-103179,2026-05-05,West,Surat,Cycling Helmet,Sports,1,1636,1636,CUST-43875,Website
UK-2026-104982,2026-06-08,West,Ahmedabad,Robot Vacuum R7,Home & Kitchen,1,18657,18657,CUST-90673,Website
UK-2026-104008,2026-05-30,East,Bhubaneswar,Bluetooth Speaker Mini,Electronics,1,1505,1505,CUST-73389,Website
UK-2026-101236,2026-02-04,Central,Indore,Silk Saree,Fashion,2,3488,6976,CUST-76137,Website
UK-2026-104144,2026-06-28,South,Kochi,Smart Watch X2,Electronics,1,4340,4340,CUST-90288,Marketplace
UK-2026-103970,2026-05-15,North,Noida,Formal Shirt,Fashion,1,1064,1064,CUST-16496,App
UK-2026-104183,2026-06-02,East,Bhubaneswar,Wireless Earbuds Pro,Electronics,1,3046,3046,CUST-41522,Marketplace
UK-2026-101658,2026-03-11,North,Gurugram,Denim Jacket,Fashion,3,2095,6285,CUST-68305,Website
UK-2026-102912,2026-04-04,Central,Indore,Ultrabook Air 14,Electronics,2,31126,62252,CUST-93597,App
UK-2026-101559,14-03-26,West,Surat,Cotton Kurta Set,Fashion,1,1322,1322,CUST-22720,Website
UK-2026-100204,2026-01-19,North,Delhi,Mixer Grinder 750W,Home & Kitchen,2,3137,6274,CUST-70520,Marketplace
UK-2026-100518,2026-01-16,North,Delhi,Wireless Earbuds Pro,Electronics,1,3056,3056,CUST-73084,App
UK-2026-100367,2026-01-26,North,GURUGRAM,Face Wash Combo,Beauty,2,432,864,CUST-20725,App
UK-2026-100631,2026-01-06,South,Bengaluru,Wireless Earbuds Pro,Electronics,1,3096,3096,CUST-92498,Marketplace
UK-2026-102372,2026-04-27,Central,Bhopal,Non-Stick Cookware Set,Home & Kitchen,2,2773,5546,CUST-62907,Marketplace
UK-2026-103613,2026-05-25,North,Noida,Air Fryer 5L,Home & Kitchen,2,5656,11312,CUST-32477,Website
UK-2026-102077,2026-03-20,Central,Indore,Makeup Brush Set,Beauty,1,1259,1259,CUST-40655,App
UK-2026-100731,2026-02-03,South,Kochi,Silk Saree,Fashion,2,3391,6782,CUST-27737,App
UK-2026-100339,2026-01-11,West,Mumbai,Leather Wallet,Fashion,2,868,1736,CUST-19614,App
UK-2026-103215,2026-05-08,North,Delhi,Wireless Earbuds Pro,Electronics,2,2951,5902,CUST-81652,App
UK-2026-101967,2026-03-11,West,Mumbai,Air Fryer 5L,Home & Kitchen,1,5415,5415,CUST-25065,App
UK-2026-101735,2026-03-25,Central,Nagpur,Dinner Set 24pc,Home & Kitchen,3,2388,7164,CUST-76662,App
UK-2026-102770,2026-04-18,South,Bengaluru,Modern Wall Clock,Home & Kitchen,1,768,768,CUST-98655,Website
UK-2026-100484,2026-01-08,North,Delhi,Matte Lipstick Set,Beauty,2,934,1868,CUST-64712,App
UK-2026-104533,2026-06-30,West,Mumbai,Ionic Hair Dryer,Beauty,2,1953,3906,CUST-81262,Website
UK-2026-103694,2026-05-31,West,Ahmedabad,Ultrabook Air 14,Electronics,2,30574,61148,CUST-76441,App
UK-2026-101108,2026-02-20,North,Chandigarh,Dinner Set 24pc,Home & Kitchen,1,2522,2522,CUST-30364,Marketplace
UK-2026-103770,2026-05-06,South,Kochi,Makeup Brush Set,Beauty,1,1256,1256,CUST-34592,App
UK-2026-101656,2026-03-23,North,Delhi,Running Sneakers,Fashion,2,2751,5502,CUST-71677,App
UK-2026-102505,2026-04-12,South,Kochi,Electric Kettle 1.5L,Home & Kitchen,1,1124,1124,CUST-27172,App
UK-2026-102356,2026-04-16,East,Bhubaneswar,Smart Watch X2,Electronics,1,4453,4453,CUST-13108,Marketplace
UK-2026-101855,2026-03-10,West,Pune,Football Size 5,Sports,2,862,1724,CUST-41788,App
UK-2026-102521,2026-04-03,East,Patna,Electric Kettle 1.5L,Home & Kitchen,1,1096,1096,CUST-68901,App
UK-2026-102777,2026-04-03,South,Kochi,Ultrabook Air 14,Electronics,1,31280,31280,CUST-14124,App
UK-2026-104821,2026-06-11,East,Kolkata,Cotton Bedsheet Set,Home & Kitchen,3,1456,4368,CUST-88923,App
UK-2026-103163,2026-05-07,West,Mumbai,Bluetooth Speaker Mini,Electronics,2,1486,2972,CUST-63835,Website
UK-2026-104564,2026-06-19,West,Bombay,Bluetooth Speaker Mini,Electronics,2,1486,2972,CUST-75013,Marketplace
UK-2026-103939,2026-05-15,North,Chandigarh,Slim Fit Jeans,Fashion,2,1563,3126,CUST-81050,App
UK-2026-102225,2026-03-17,East,Guwahati,Air Fryer 5L,Home & Kitchen,1,5595,5595,CUST-29549,Website
UK-2026-100875,2026-02-25,West,Surat,Slim Fit Jeans,Fashion,2,1599,3198,CUST-67546,App
UK-2026-100765,2026-02-01,West,Ahmedabad,Dinner Set 24pc,Home & Kitchen,1,2561,2561,CUST-89034,App
UK-2026-104483,2026-06-21,Central,Raipur,Air Fryer 5L,Home & Kitchen,,5446,5446,CUST-96766,Marketplace
UK-2026-104593,2026-06-01,North,Delhi,Power Bank 20000mAh,Electronics,3,1795,5385,CUST-42509,Website
UK-2026-103942,2026-05-02,North,Noida,Non-Stick Cookware Set,Home & Kitchen,1,2902,"₹2,902",CUST-85903,Marketplace
UK-2026-104794,2026-06-12,South,Hyderabad,Ultrabook Air 14,Electronics,1,30583,30583,CUST-34390,Website
UK-2026-104553,2026-06-07,West,Mumbai,Robot Vacuum R7,Home & Kitchen,1,18997,"18,997.00",CUST-94942,App
UK-2026-102806,2026-04-22,West,Mumbai,Face Wash Combo,Beauty,2,437,874,CUST-82880,Website
UK-2026-104206,2026-06-21,West,Mumbai,Football Size 5,Sports,1,909,909,CUST-88952,Marketplace
UK-2026-100439,2026-01-11,East,Kolkata,Makeup Brush Set,Beauty,1,1338,1338,CUST-14771,App
UK-2026-103915,2026-05-14,North,Gurugram,Mirrorless Camera Lite,Electronics,1,28469,28469,CUST-88536,Marketplace
UK-2026-102473,2026-04-26,West,Pune,Leather Wallet,Fashion,1,869,869,CUST-46387,Website
UK-2026-103369,2026-05-30,North,Delhi,Eau de Parfum 100ml,Beauty,3,1960,5880,CUST-19217,App
UK-2026-102614,2026-04-28,West,Ahmedabad,Sunscreen SPF50,Beauty,1,523,523,CUST-31467,App
UK-2026-102788,2026-04-12,,Indore,Smart Watch X2,Electronics,1,4322,4322,CUST-95626,Website
UK-2026-104938,2026-06-22,West,Ahmedabad,Ultrabook Air 14,Electronics,1,30223,30223,CUST-74449,Marketplace
UK-2026-103967,2026-05-12,West,Surat,Slim Fit Jeans,Fashion,2,1603,3206,CUST-18867,App
UK-2026-103484,2026-05-28,South,Bengaluru,Dinner Set 24pc,Home & Kitchen,1,2584,2584,CUST-24095,Website
UK-2026-102881,2026-04-15,Central,Nagpur,Makeup Brush Set,Beauty,1,1238,1238,CUST-45888,App
UK-2026-103765,2026-05-26,South,Bengaluru,Mixer Grinder 750W,Home & Kitchen,1,3296,3296,CUST-38255,App
UK-2026-100895,2026-02-27,West,Surat,Eau de Parfum 100ml,Beauty,1,1961,1961,CUST-89127,Marketplace
UK-2026-103026,2026-04-05,South,Hyderabad,Beard Grooming Kit,Beauty,1,1036,1036,CUST-29741,App
UK-2026-103318,2026-05-25,West,Surat,Mixer Grinder 750W,Home & Kitchen,3,3390,10170,CUST-23533,Website
UK-2026-103779,2026-05-25,West,Surat,Eau de Parfum 100ml,Beauty,1,1928,1928,CUST-22747,App
UK-2026-100346,2026-01-09,West,Mumbai,Smart Watch X2,Electronics,1,4362,4362,CUST-34534,App
UK-2026-100725,2026-02-07,West,Mumbai,Running Sneakers,Fashion,1,2835,2835,CUST-61925,App
UK-2026-103114,2026-05-20,South,Hyderabad,Vitamin C Serum,Beauty,1,730,730,CUST-84647,App
UK-2026-104641,2026-06-20,West,Surat,Slim Fit Jeans,Fashion,1,1620,1620,CUST-88174,App
UK-2026-100803,2026-02-10,West,Surat,Sunscreen SPF50,Beauty,1,564,564,CUST-31533,App
UK-2026-102314,2026-04-25,West,Mumbai,Ethnic Dupatta,Fashion,2,514,1028,CUST-49017,App
UK-2026-103834,05-05-26,South,Chennai,Smart Watch X2,Electronics,2,4588,9176,CUST-94583,Marketplace
UK-2026-100176,2026-01-07,East,Kolkata,Formal Shirt,Fashion,2,1152,2304,CUST-40056,Website
UK-2026-104918,2026-06-25,North,Delhi,Slim Fit Jeans,Fashion,1,1590,1590,CUST-16251,App
UK-2026-102384,18/04/2026,North,Chandigarh,Ultrabook Air 14,Electronics,1,28600,28600,CUST-93336,Website
UK-2026-102748,2026-04-24,South,Hyderabad,Ultrabook Air 14,Electronics,1,30158,30158,CUST-70399,App
UK-2026-102479,2026-04-13,Central,Raipur,Ionic Hair Dryer,Beauty,4,1885,7540 INR,CUST-12925,App
UK-2026-100586,2026-01-22,South,Hyderabad,Denim Jacket,Fashion,1,2133,2133,CUST-70165,Website
UK-2026-104238,2026-06-26,South,Kochi,Matte Lipstick Set,Beauty,1,940,940,CUST-65875,App
UK-2026-103110,2026-05-01,West,Surat,Eau de Parfum 100ml,Beauty,1,2088,2088,CUST-51041,Website
UK-2026-104577,2026-06-19,Central,Bhopal,Air Fryer 5L,Home & Kitchen,2,5504,11008,CUST-14491,App
UK-2026-100162,2026-01-28,Central,Nagpur,Face Wash Combo,Beauty,-1,460,460,CUST-25155,Website
UK-2026-104185,2026-06-27,North,Delhi,Cotton Kurta Set,Fashion,1,1257,1257,CUST-40872,Website
UK-2026-104258,2026-06-04,South,Kochi,Ethnic Dupatta,Fashion,2,489,978,CUST-68658,Marketplace
UK-2026-101765,2026-03-30,Central,Indore,Foldable Treadmill T2,Sports,4,25309,"₹101,236",CUST-41618,App
UK-2026-104241,2026-06-24,Central,Raipur,Silk Saree,Fashion,1,3487,3487,CUST-53029,Marketplace
UK-2026-103216,2026-05-23,North,Delhi,Foldable Treadmill T2,Sports,2,24516,49032,CUST-84336,Website
UK-2026-104911,11-06-26,South,Kochi,Adjustable Dumbbells 15kg,Sports,2,4906,9812,CUST-41469,Marketplace
UK-2026-100650,2026-01-03,South,Bengaluru,Noise-Cancelling Headphones,Electronics,1,9304,9304,CUST-99670,App
UK-2026-102962,2026-04-04,South,Kochi,Cycling Helmet,Sports,2,1519,3038,CUST-90287,App
UK-2026-100244,2026-01-17,East,bhubaneswar,Silk Saree,Fashion,2,3597,7194,CUST-81920,Website
UK-2026-103006,2026-04-19,North,Delhi,Mixer Grinder 750W,Home & Kitchen,1,3345,3345,CUST-37813,App
UK-2026-103008,2026-04-14,North,Chandigarh,Adjustable Dumbbells 15kg,Sports,1,4854,4854,CUST-13379,App
UK-2026-104966,2026-06-18,Central,Indore,Noise-Cancelling Headphones,Electronics,1,9337,9337,CUST-22720,App
UK-2026-100701,2026-01-05,South,Bengaluru,Yoga Mat Pro,Sports,1,1184,1184,CUST-16641,App
UK-2026-101894,2026-03-10,West,Mumbai,Ethnic Dupatta,Fashion,1,504,504,CUST-73857,Website
UK-2026-104355,2026-06-03,South,Chennai,Football Size 5,Sports,1,896,896,CUST-41730,Website
UK-2026-101190,2026-02-02,Central,Indore,Noise-Cancelling Headphones,Electronics,1,8607,8607,CUST-69711,App
UK-2026-100640,2026-01-06,West,Surat,Power Bank 20000mAh,Electronics,3,1772,5316,CUST-79752,Marketplace
UK-2026-104668,2026-06-04,South,Kochi,Mirrorless Camera Lite,Electronics,1,29994,29994,CUST-49213,App
UK-2026-101006,2026-02-21,East,Bhubaneswar,43-inch Smart TV,Electronics,1,26853,26853,CUST-73252,App
UK-2026-104463,2026-06-13,North,Chandigarh,Wireless Earbuds Pro,Electronics,1,2932,2932,CUST-66713,App
UK-2026-104188,2026-06-22,South,Bengaluru,Wireless Earbuds Pro,Electronics,1,2927,2927,CUST-27410,Marketplace
UK-2026-100142,2026-01-21,North,Noida,Cotton Kurta Set,Fashion,1,1234,1234,CUST-98267,Website
UK-2026-103894,19/05/2026,South,Hyderabad,Modern Wall Clock,Home & Kitchen,1,813,813,CUST-26933,App
UK-2026-103288,2026-05-26,Central,Bhopal,Ionic Hair Dryer,Beauty,1,1868,1868,CUST-29862,App
UK-2026-100788,2026-02-13,North,Noida,Badminton Racket Set,Sports,1,2456,2456,CUST-77307,Website
UK-2026-103135,2026-05-22,West,Surat,Eau de Parfum 100ml,Beauty,1,1942,1942,CUST-46491,Website
UK-2026-100896,2026-02-17,West,Surat,Gym Gloves,Sports,2,509,1018,CUST-32346,Website
UK-2026-101035,2026-02-21,Central,Indore,Slim Fit Jeans,Fashion,1,1617,1617,CUST-26893,App
UK-2026-100864,2026-02-25,South,Kochi,Electric Kettle 1.5L,Home & Kitchen,3,1049,3147,CUST-79429,Website
UK-2026-101133,2026-02-19,East,Patna,Mirrorless Camera Lite,Electronics,1,30379,30379,CUST-39550,Website
UK-2026-101646,2026-03-25,West,Mumbai,Face Wash Combo,Beauty,1,464,464,CUST-28055,Marketplace
UK-2026-104488,2026-06-04,West,Surat,Mixer Grinder 750W,Home & Kitchen,1,3454,3454,CUST-99144,App
UK-2026-101315,2026-02-13,South,Bengaluru,43-inch Smart TV,Electronics,1,26491,26491,CUST-34999,App
UK-2026-100053,2026-01-27,South,Hyderabad,Slim Fit Jeans,Fashion,2,1648,3296,CUST-86125,Website
UK-2026-104358,2026-06-23,South,Cochin,Non-Stick Cookware Set,Home & Kitchen,2,2844,5688,CUST-34592,App
UK-2026-103957,2026-05-09,North,Gurugram,ionic hair dryer,Beauty,1,1951,1951,CUST-11391,App
UK-2026-102945,2026-04-30,North,Gurugram,Ionic Hair Dryer,Beauty,4,1931,7724,CUST-20382,Marketplace
UK-2026-100476,2026-01-01,West,Pune,Bluetooth Speaker Mini,Electronics,1,1497,1497,CUST-29982,Marketplace
UK-2026-104302,2026-06-12,South,Kochi,Makeup Brush Set,Beauty,1,1284,1284,CUST-13868,App
UK-2026-100175,2026-01-24,South,Hyderabad,Gym Gloves,Sports,1,503,503,CUST-42271,Website
UK-2026-103849,2026-05-29,East,Patna,Football Size 5,Sports,1,899,899,CUST-63493,App
UK-2026-103202,2026-05-20,Central,Raipur,Denim Jacket,Fashion,1,2252,2252,CUST-16124,Website
UK-2026-101651,2026-03-29,North,Noida,Non-Stick Cookware Set,Home & Kitchen,2,2819,5638,CUST-37494,Website
UK-2026-100027,2026-01-12,Central,Bhopal,Mixer Grinder 750W,Home & Kitchen,1,3293,3293,CUST-13857,App
UK-2026-103390,2026-05-14,Central,Indore,Electric Kettle 1.5L,Home & Kitchen,1,1121,1121,CUST-51853,Marketplace
UK-2026-104686,2026-06-11,South,Kochi,Bluetooth Speaker Mini,Electronics,1,1425,1425,CUST-13806,App
UK-2026-100687,2026-01-15,West,Mumbai,Power Bank 20000mAh,Electronics,2,1838,3676,CUST-35740,App
UK-2026-101320,2026-02-09,North,Chandigarh,Power Bank 20000mAh,Electronics,4,1765,7060,CUST-21625,App
UK-2026-102194,2026-03-11,Central,Nagpur,Smart Watch X2,Electronics,1,4652,4652,CUST-73085,App
UK-2026-100040,2026-01-09,South,Chennai,Smart Watch X2,Electronics,1,4329,4329,CUST-77307,App
UK-2026-103021,2026-04-02,South,Chennai,Matte Lipstick Set,Beauty,1,899,899,CUST-14771,App
UK-2026-103442,2026-05-23,South,Hyderabad,Running Sneakers,Fashion,1,2781,2781,CUST-82880,App
UK-2026-102246,2026-04-07,South,Chennai,Gym Gloves,Sports,3,519,1557,CUST-38594,App
UK-2026-100652,2026-01-25,East,Kolkata,Modern Wall Clock,Home & Kitchen,1,778,778,CUST-34390,App
UK-2026-103100,2026-05-23,North,Gurugram,Bluetooth Speaker Mini,Electronics,1,1463,1463,CUST-76353,Marketplace
UK-2026-102585,2026-04-11,East,Bhubaneswar,Running Sneakers,Fashion,2,2916,5832,CUST-32022,Website
UK-2026-101150,2026-02-18,North,Noida,Ultrabook Air 14,Electronics,1,31480,31480,CUST-37320,Marketplace
UK-2026-101643,2026-03-04,North,Delhi,Non-Stick Cookware Set,Home & Kitchen,3,2966,8898,CUST-82862,App
UK-2026-103429,2026-05-22,Central,Nagpur,Wireless Earbuds Pro,Electronics,-1,2908,2908,CUST-61143,Website
UK-2026-102300,2026-04-14,Central,Raipur,Air Fryer 5L,Home & Kitchen,1,5531,5531,CUST-80474,Website
UK-2026-104328,2026-06-09,South,Chennai,Electric Kettle 1.5L,Home & Kitchen,1,1071,1071,CUST-20352,Website
UK-2026-104513,2026-06-18,South,Hyderabad,Ethnic Dupatta,Fashion,3,501,1503,CUST-94258,Website
UK-2026-102679,2026-04-28,South,Hyderabad,Wireless Earbuds Pro,Electronics,1,2933,2933,CUST-89796,App
UK-2026-101000,2026-02-02,South,Chennai,Ultrabook Air 14,Electronics,2,30783,61566,CUST-76770,Website
UK-2026-101949,2026-03-04,North,Chandigarh,43-inch Smart TV,Electronics,1,24972,24972,CUST-66753,Marketplace
UK-2026-103769,15-05-26,West,Ahmedabad,Electric Kettle 1.5L,Home & Kitchen,1,1049,1049,CUST-46482,Marketplace
UK-2026-103713,2026-05-16,West,Surat,Noise-Cancelling Headphones,Electronics,2,8938,17876,CUST-78705,App
UK-2026-102217,2026-03-02,Central,Raipur,Ethnic Dupatta,Fashion,1,497,497,CUST-94647,App
UK-2026-100178,2026-01-02,North,Noida,Power Bank 20000mAh,Electronics,1,1822,1822,CUST-38838,App
UK-2026-100110,2026-01-20,South,Chennai,Leather Wallet,Fashion,1,927,927,CUST-78529,App
UK-2026-104045,2026-06-29,South,Hyderabad,Ethnic Dupatta,Fashion,2,494,988,CUST-98641,App
UK-2026-100772,2026-02-10,North,Chandigarh,Face Wash Combo,Beauty,1,446,446,CUST-26933,Website
UK-2026-102504,2026-04-07,South,Cochin,Smart Watch X2,Electronics,1,4450,4450,CUST-49044,Marketplace
UK-2026-102478,2026-04-14,South,Kochi,Yoga Mat Pro,Sports,2,1248,2496,CUST-41723,App
UK-2026-104583,2026-06-29,North,Noida,Badminton Racket Set,Sports,2,2535,5070,CUST-46313,App
UK-2026-102158,2026-03-30,South,Hyderabad,Cotton Kurta Set,Fashion,1,1276,1276,CUST-24465,Marketplace
UK-2026-102669,2026-04-29,West,Surat,Leather Wallet,Fashion,1,882,882,CUST-20901,Website
UK-2026-102362,2026-04-03,East,Bhubaneswar,Running Sneakers,Fashion,2,2759,5518,CUST-94583,App
UK-2026-103505,2026-05-15,South,Hyderabad,Ethnic Dupatta,Fashion,3,517,1551,CUST-30382,Website
UK-2026-104413,2026-06-20,East,Patna,Gym Gloves,Sports,2,515,1030,CUST-53248,App
UK-2026-100338,2026-01-17,South,Cochin,Cotton Bedsheet Set,Home & Kitchen,1,1335,1335,CUST-84647,Website
UK-2026-102760,2026-04-03,West,Surat,Smart Watch X2,Electronics,4,4475,17900,CUST-14576,App
UK-2026-102183,2026-03-18,South,Kochi,  Beard Grooming Kit,Beauty,2,1008,2016,CUST-40872,App
UK-2026-101094,2026-02-04,North,Chandigarh,Cricket Bat English Willow,Sports,2,9252,18504,CUST-40751,Website
UK-2026-100032,2026-01-15,South,Bengaluru,Noise-Cancelling Headphones,Electronics,3,9329,"27,987.00",CUST-95751,App
UK-2026-104321,2026-06-16,West,Ahmedabad,Ethnic Dupatta,Fashion,1,521,521,CUST-92617,Website
UK-2026-103368,2026-05-09,South,Bengaluru,Silk Saree,Fashion,1,3394,3394,CUST-94098,Website
UK-2026-104610,2026-06-15,North,Gurugram,Bluetooth Speaker Mini,Electronics,2,1459,2918,CUST-24646,Marketplace
UK-2026-104061,2026-06-16,West,Mumbai,Dinner Set 24pc,Home & Kitchen,2,2544,5088,CUST-14194,Marketplace
UK-2026-101244,2026-02-03,South,Kochi,Air Fryer 5L,Home & Kitchen,1,5725,5725,CUST-54687,Website
UK-2026-103994,2026-05-11,South,Kochi,Bluetooth Speaker Mini,Electronics,1,1544,1544,CUST-83285,Website
UK-2026-102211,2026-03-23,South,Hyderabad,Denim Jacket,Fashion,1,2306,2306,CUST-58730,App
UK-2026-102444,14-04-26,South,Kochi,Modern Wall Clock,Home & Kitchen,1,825,825,CUST-12459,Website
UK-2026-104060,2026-06-04,South,Chennai,Denim Jacket,Fashion,1,2251,2251,CUST-11024,App
UK-2026-102861,2026-04-18,South,Kochi,Gym Gloves,Sports,2,513,1026,CUST-92428,Website
UK-2026-104769,2026-06-22,Central,Nagpur,Running Sneakers,Fashion,1,2898,2898,CUST-88186,Website
UK-2026-100763,2026-02-15,South,Bengaluru,Formal Shirt,Fashion,1,1049,1049,CUST-91631,Website
UK-2026-102107,2026-03-25,South,Hyderabad,Cotton Bedsheet Set,Home & Kitchen,1,1437,1437,CUST-41734,Website
UK-2026-104145,2026-06-03,North,Chandigarh,Formal Shirt,Fashion,1,1075,1075,CUST-29874,Website
UK-2026-103186,2026-05-19,Central,Bhopal,Adjustable Dumbbells 15kg,Sports,1,5160,5160,CUST-31893,Website
UK-2026-102730,2026-04-05,North,Gurugram,Wireless Earbuds Pro,Electronics,1,2986,2986,CUST-57181,Website
UK-2026-102899,2026-04-27,North,Chandigarh,Vitamin C Serum,Beauty,1,678,,CUST-83525,App
UK-2026-104171,"Jun 1, 2026",South,Hyderabad,Dinner Set 24pc,Home & Kitchen,2,2516,5032,CUST-37095,Marketplace
UK-2026-104717,2026-06-03,Central,Raipur,Noise-Cancelling Headphones,Electronics,1,8919,8919,CUST-20378,Website
UK-2026-100095,2026-01-20,West,Ahmedabad,Silk Saree,Fashion,1,3483,3483,CUST-84985,Website
UK-2026-102855,2026-04-18,North,Noida,Modern Wall Clock,Home & Kitchen,1,802,802,CUST-87438,Marketplace
UK-2026-102958,2026-04-13,West,Ahmedabad,Mixer Grinder 750W,Home & Kitchen,2,3273,6546,CUST-17703,Website
UK-2026-100587,2026-01-13,East,Kolkata,Running Sneakers,Fashion,1,2739,2739,CUST-42209,App
UK-2026-101304,2026-02-17,Central,Raipur,Running Sneakers,Fashion,1,2938,2938,CUST-93459,Website
UK-2026-102649,2026-04-16,South,Bengaluru,Smart Watch X2,Electronics,2,4649,9298,CUST-40056,App
UK-2026-101571,2026-03-26,North,Chandigarh,Bluetooth Speaker Mini,Electronics,1,1536,1536,CUST-43217,Marketplace
UK-2026-104036,10-06-26,South,Bengaluru,Formal Shirt,Fashion,1,1047,1047,CUST-79002,Website
UK-2026-101080,2026-02-14,Central,Nagpur,Noise-Cancelling Headphones,Electronics,2,9288,18576,CUST-65306,Marketplace
UK-2026-103351,2026-05-13,North,Delhi,Running Sneakers,Fashion,1,2846,2846,CUST-37095,App
UK-2026-103438,2026-05-16,West,Mumbai,Cycling Helmet,Sports,2,1642,3284,CUST-12211,App
UK-2026-104658,2026-06-21,East,Guwahati,Adjustable Dumbbells 15kg,Sports,1,4938,4938,CUST-50915,App
UK-2026-104382,2026-06-07,East,Patna,Matte Lipstick Set,Beauty,1,941,941,CUST-49044,App
UK-2026-103184,2026-05-16,South,Chennai,Mirrorless Camera Lite,Electronics,1,27839,27839,CUST-20731,Marketplace
UK-2026-104200,2026-06-24,South,BLR,Mirrorless Camera Lite,Electronics,1,30191,30191,CUST-40131,App
UK-2026-101046,2026-02-27,North,Noida,Leather Wallet,Fashion,1,926,926,CUST-62251,Website
UK-2026-102846,2026-04-12,East,Bhubaneswar,Ethnic Dupatta,Fashion,1,504,504,CUST-43431,App
UK-2026-103013,2026-04-15,East,Bhubaneswar,Electric Kettle 1.5L,Home & Kitchen,1,1123,1123,CUST-81747,Marketplace
UK-2026-100951,2026-02-13,West,Ahmedabad,Modern Wall Clock,Home & Kitchen,1,771,771,CUST-13813,Marketplace
UK-2026-102594,2026-04-04,West,pune,Smart Watch X2,Electronics,1,4593,4593,CUST-94583,Marketplace
UK-2026-100474,2026-01-22,East,Patna,Face Wash Combo,Beauty,1,435,435,CUST-57181,Marketplace
UK-2026-101808,2026-03-01,South,Hyderabad,Electric Kettle 1.5L,Home & Kitchen,1,1057,1057,CUST-80522,Website
UK-2026-103087,2026-04-28,North,New Delhi,Power Bank 20000mAh,Electronics,1,1805,1805,CUST-71915,Website
UK-2026-101439,2026-02-26,East,Guwahati,Sunscreen SPF50,Beauty,1,538,538,CUST-71543,App
UK-2026-100413,2026-01-03,South,Hyderabad,Formal Shirt,Fashion,1,1077,1077,CUST-80449,Website
UK-2026-102841,2026-04-05,North,Noida,Adjustable Dumbbells 15kg,Sports,1,5121,5121,CUST-85914,Website
UK-2026-100087,2026-01-22,West,Surat,Electric Kettle 1.5L,Home & Kitchen,,1057,2114,CUST-88507,App
UK-2026-101196,2026-02-01,South,Madras,Noise-Cancelling Headphones,Electronics,2,9198,18396,CUST-40872,App
UK-2026-102644,2026-04-30,West,Mumbai,Sunscreen SPF50,Beauty,1,556,556,CUST-78977,App
UK-2026-100201,2026-01-21,East,Bhubaneswar,Gym Gloves,Sports,1,516,516,CUST-64866,Website
UK-2026-104915,2026-06-03,North,Chandigarh,Robot Vacuum R7,Home & Kitchen,1,18514,18514,CUST-39573,Marketplace
UK-2026-102339,08-04-26,South,Kochi,Silk Saree,Fashion,1,3364,3364,CUST-24693,App
UK-2026-104988,2026-06-15,Central,Bhopal,Ultrabook Air 14,Electronics,1,30386,30386,CUST-63136,Website
UK-2026-104823,2026-06-28,North,Chandigarh,Leather Wallet,Fashion,1,891,891,CUST-76410,App
UK-2026-100599,2026-01-18,East,Kolkata,Silk Saree,Fashion,4,3487,13948,CUST-56590,Website
UK-2026-103259,2026-05-27,South,Chennai,Noise-Cancelling Headphones,Electronics,1,8902,8902,CUST-19496,Marketplace
UK-2026-100633,2026-01-04,East,Guwahati,Ultrabook Air 14,Electronics,1,29235,29235,CUST-92315,App
UK-2026-103046,2026-04-24,South,Hyderabad,Bluetooth Speaker Mini,Electronics,1,1551,1551,CUST-51770,Marketplace
UK-2026-102639,2026-04-07,West,Pune,Cotton Bedsheet Set,Home & Kitchen,2,1340,2680,CUST-34812,App
UK-2026-104439,2026-06-18,West,Mumbai,Cycling Helmet,Sports,2,1601,3202,CUST-56250,App
UK-2026-103188,2026-05-25,Central,Nagpur,Mirrorless Camera Lite,Electronics,2,28424,56848,CUST-92255,Marketplace
UK-2026-100846,2026-02-09,South,Hyderabad,Denim Jacket,Fashion,4,2212,8848,CUST-64377,App
UK-2026-101647,2026-03-06,Central,Nagpur,Non-Stick Cookware Set,Home & Kitchen,2,2969,5938,CUST-65098,Marketplace
UK-2026-103467,2026-05-29,South,Chennai,Robot Vacuum R7,Home & Kitchen,1,18126,18126,CUST-50319,Website
UK-2026-102973,2026-04-19,West,Bombay,Ionic Hair Dryer,Beauty,1,1888,1888,CUST-75822,Website
UK-2026-101866,2026-03-28,South,Chennai,Beard Grooming Kit,Beauty,1,957,957,CUST-41826,App
UK-2026-100192,2026-01-09,North,Delhi,Sunscreen SPF50,Beauty,1,529,529,CUST-19614,App
UK-2026-103652,2026-05-21,North,Chandigarh,Robot Vacuum R7,Home & Kitchen,1,18906,18906,CUST-13806,Marketplace
UK-2026-103920,2026-05-24,West,Surat,Running Sneakers,Fashion,1,2927,2927,CUST-38250,Website
UK-2026-103357,2026-05-09,West,Pune,Denim Jacket,Fashion,1,2091,2091,CUST-83915,Website
UK-2026-104023,2026-06-11,Central,Bhopal,Vitamin C Serum,Beauty,2,677,,CUST-93516,App
UK-2026-103825,2026-05-22,West,Pune,Running Sneakers,Fashion,1,2748,2748,CUST-65035,App
UK-2026-100154,2026-01-17,East,Bhubaneswar,Power Bank 20000mAh,Electronics,1,1811,,CUST-79575,App
UK-2026-104203,2026-06-02,South,Chennai,Silk Saree,Fashion,1,3626,3626,CUST-93927,Website
UK-2026-101084,2026-02-17,South,Hyderabad,Mixer Grinder 750W,Home & Kitchen,1,3410,3410,CUST-48185,Marketplace
UK-2026-101197,2026-02-14,West,Pune,Air Fryer 5L,Home & Kitchen,2,5523,11046,CUST-70613,App
UK-2026-100236,2026-01-27,West,Surat,Sunscreen SPF50,Beauty,1,547,547,CUST-84497,Website
UK-2026-104863,2026-06-27,Central,Indore,Cotton Kurta Set,Fashion,1,1323,1323,CUST-10627,Website
UK-2026-102578,2026-04-17,West,Ahmedabad,Non-Stick Cookware Set,Home & Kitchen,1,2767,2767,CUST-25307,Website
UK-2026-101663,2026-03-23,North,Chandigarh,Cricket Bat English Willow,Sports,1,9192,9192,CUST-90094,Website
UK-2026-102466,2026-04-19,Central,Nagpur,Running Sneakers,Fashion,1,2824,2824,CUST-93459,Website
UK-2026-102752,2026-04-29,Central,Bhopal,Ethnic Dupatta,Fashion,1,496,496,CUST-44109,Website
UK-2026-100205,2026-01-04,West,Surat,Robot Vacuum R7,Home & Kitchen,1,19867,19867,CUST-68712,App
UK-2026-103661,2026-05-17,East,Guwahati,Ultrabook Air 14,Electronics,1,31333,31333,CUST-24726,Website
UK-2026-100525,2026-01-14,East,Bhubaneswar,Badminton Racket Set,Sports,1,2580,2580,CUST-52649,App
UK-2026-104395,2026-06-29,North,Noida,Vitamin C Serum,Beauty,2,712,1424,CUST-59329,App
UK-2026-100937,2026-02-20,North,Noida,Power Bank 20000mAh,Electronics,1,1790,1790,CUST-15984,App
UK-2026-103338,2026-05-30,North,New Delhi,43-inch Smart TV,Electronics,1,25894,25894,CUST-87186,Website
UK-2026-102308,2026-04-11,East,Patna,Silk Saree,Fashion,1,3519,3519,CUST-34984,Website
UK-2026-103584,2026-05-15,South,Kochi,Electric Kettle 1.5L,Home & Kitchen,1,1135,1135,CUST-20518,Website
UK-2026-102772,2026-04-23,South,Kochi,Bluetooth Speaker Mini,Electronics,2,1443,2886,CUST-18180,Website
UK-2026-100037,2026-01-29,South,Kochi,Noise-Cancelling Headphones,Electronics,1,8824,8824,CUST-33992,App
UK-2026-103497,2026-05-08,South,Bengaluru,Non-Stick Cookware Set,Home & Kitchen,1,2756,2756,CUST-83770,App
UK-2026-100420,2026-01-03,Central,Indore,Football Size 5,Sports,2,904,1808,CUST-14966,App
UK-2026-104760,2026-06-21,South,Hyderabad,Dinner Set 24pc,Home & Kitchen,1,2594,2594,CUST-64432,Marketplace
UK-2026-103569,2026-05-02,South,Kochi,Makeup Brush Set,Beauty,2,1275,2550,CUST-71140,Website
UK-2026-101129,2026-02-28,North,Gurugram,Denim Jacket,Fashion,1,2132,2132,CUST-55423,App
UK-2026-104031,2026-06-10,West,Bombay,Cotton Kurta Set,Fashion,2,1282,2564,CUST-84461,Website
UK-2026-103191,2026-05-26,South,Kochi,Mixer Grinder 750W,Home & Kitchen,2,3179,6358,CUST-62632,Website
UK-2026-101572,2026-03-30,East,Guwahati,Cycling Helmet,Sports,1,1592,1592,CUST-56036,Website
UK-2026-102859,2026-04-07,West,Pune,Electric Kettle 1.5L,Home & Kitchen,1,1063,1063,CUST-86717,App
UK-2026-103031,2026-04-30,North,Chandigarh,Cricket Bat English Willow,Sports,1,8685,8685,CUST-75121,Website
UK-2026-103856,2026-05-18,West,Pune,Running Sneakers,Fashion,1,2829,2829,CUST-85167,App
UK-2026-101813,2026-03-11,West,Mumbai,Smart Watch X2,Electronics,1,4444,4444,CUST-25084,Marketplace
UK-2026-102584,2026-04-14,North,Chandigarh,Eau de Parfum 100ml,Beauty,1,2065,2065,CUST-80754,App
UK-2026-101128,2026-02-15,West,Mumbai,Slim Fit Jeans,Fashion,2,1631,3262,CUST-11025,App
UK-2026-104114,2026-06-07,Central,Indore,Noise-Cancelling Headphones,Electronics,1,8617,8617,CUST-47450,Website
UK-2026-100703,2026-01-21,East,Kolkata,Gym Gloves,Sports,1,488,488,CUST-48687,App
UK-2026-104528,2026-06-18,West,Mumbai,Air Fryer 5L,Home & Kitchen,1,5733,5733,CUST-82600,Marketplace
UK-2026-103039,2026-04-20,North,Noida,Air Fryer 5L,Home & Kitchen,2,5400,10800,CUST-88289,Website
UK-2026-103080,2026-04-18,East,Kolkata,Slim Fit Jeans,Fashion,1,1531,1531,CUST-17735,Website
UK-2026-100209,2026-01-01,West,Surat,Electric Kettle 1.5L,Home & Kitchen,2,1099,2198,CUST-78965,Website
UK-2026-102149,2026-03-28,,Hyderabad,Ionic Hair Dryer,Beauty,1,1901,1901,CUST-99730,App
UK-2026-101828,13/03/2026,North,Gurugram,Vitamin C Serum,Beauty,1,665,665,CUST-62630,Marketplace
UK-2026-102114,2026-03-29,North,Noida,Silk Saree,Fashion,1,3528,3528,CUST-76734,App
UK-2026-102441,2026-04-30,North,Chandigarh,Matte Lipstick Set,Beauty,1,910,910,CUST-61959,App
UK-2026-100970,2026-02-05,South,Chennai,Air Fryer 5L,Home & Kitchen,2,5322,10644,CUST-11422,App
UK-2026-102716,2026-04-15,North,Gurugram,Noise-Cancelling Headphones,Electronics,2,8885,17770,CUST-78281,App
UK-2026-103301,2026-05-05,North,Noida,Foldable Treadmill T2,Sports,1,24010,24010,CUST-10665,Marketplace
UK-2026-104053,2026-06-08,South,Chennai,Non-Stick Cookware Set,Home & Kitchen,2,2925,5850,CUST-61063,Website
UK-2026-100542,2026-01-20,East,Guwahati,Football Size 5,Sports,1,893,893,CUST-31338,Marketplace
UK-2026-101361,2026-02-20,West,Mumbai,Eau de Parfum 100ml,Beauty,1,2051,2051,CUST-13806,App
UK-2026-100644,2026-01-05,Central,Indore,Smart Watch X2,Electronics,1,4552,4552,CUST-66865,App
UK-2026-103344,2026-05-14,South,Kochi,Cotton Kurta Set,Fashion,2,1272,2544,CUST-67931,Marketplace
UK-2026-104342,2026-06-30,West,Mumbai,Mirrorless Camera Lite,Electronics,1,27969,27969,CUST-36231,App
UK-2026-101881,2026-03-29,South,Kochi,Mirrorless Camera Lite,Electronics,1,30310,30310,CUST-66258,App
UK-2026-104523,2026-06-16,East,Bhubaneswar,Wireless Earbuds Pro,Electronics,1,2962,2962,CUST-48323,Marketplace
UK-2026-100403,2026-01-03,North,Chandigarh,Power Bank 20000mAh,Electronics,1,1762,1762,CUST-98888,Marketplace
UK-2026-102758,2026-04-04,South,Kochi,Robot Vacuum R7,Home & Kitchen,1,18335,18335,CUST-29964,App
UK-2026-102408,2026-04-12,North,New Delhi,Dinner Set 24pc,Home & Kitchen,1,2442,2442,CUST-69073,App
UK-2026-100753,2026-02-06,South,Hyderabad,Running Sneakers,Fashion,4,2807,11228,CUST-29077,Website
UK-2026-100352,2026-01-13,North,Chandigarh,Mixer Grinder 750W,Home & Kitchen,1,3324,,CUST-53083,App
UK-2026-100773,2026-02-20,,Pune,Bluetooth Speaker Mini,Electronics,1,1551,1551,CUST-50319,App
UK-2026-100677,2026-01-01,South,Bengaluru,Cycling Helmet,Sports,2,1657,3314,CUST-51370,App
UK-2026-103210,01-05-26,Central,Nagpur,Football Size 5,Sports,1,939,939,CUST-85548,App
UK-2026-104595,2026-06-09,West,Surat,Smart Watch X2,Electronics,1,4415,4415,CUST-61987,Website
UK-2026-100570,04-01-26,West,Mumbai,Denim Jacket,Fashion,1,2173,2173,CUST-93025,App
UK-2026-101394,2026-02-11,South,Bengaluru,Leather Wallet,Fashion,1,899,₹899,CUST-51238,Website
UK-2026-100079,2026-01-29,South,Hyderabad,Slim Fit Jeans,Fashion,1,1550,1550,CUST-11461,App
UK-2026-101678,2026-03-15,West,Surat,Wireless Earbuds Pro,Electronics,2,3053,6106,CUST-39987,App
UK-2026-104535,2026-06-27,East,Bhubaneswar,Power Bank 20000mAh,Electronics,1,1740,1740,CUST-32179,Marketplace
UK-2026-100933,2026-02-02,,Chennai,Face Wash Combo,Beauty,2,445,890,CUST-70639,Website
UK-2026-103860,2026-05-10,North,Chandigarh,Makeup Brush Set,Beauty,1,1342,1342,CUST-40721,Website
UK-2026-101901,2026-03-20,South,Chennai,Cotton Kurta Set,Fashion,1,1255,1255,CUST-70104,Website
UK-2026-100336,2026-01-07,East,Patna,Formal Shirt,Fashion,1,1135,1135,CUST-68908,Website
UK-2026-104434,2026-06-20,North,Delhi,43-inch Smart TV,Electronics,1,26093,26093,CUST-13632,App
UK-2026-102495,2026-04-03,West,Surat,43-inch Smart TV,Electronics,1,26544,26544,CUST-84795,Marketplace
UK-2026-103997,2026-05-17,South,Chennai,Leather Wallet,Fashion,1,941,941,CUST-91421,App
UK-2026-102105,2026-03-24,East,Bhubaneswar,Leather Wallet,Fashion,1,900,900,CUST-13949,Website
UK-2026-103659,2026-05-22,West,Pune,Cotton Kurta Set,Fashion,1,1258,1258,CUST-63584,Website
UK-2026-104633,2026-06-23,North,Noida,43-inch Smart TV,Electronics,1,27208,27208,CUST-94390,App
UK-2026-103263,2026-05-26,,Ahmedabad,Leather Wallet,Fashion,1,943,943,CUST-22072,Website
UK-2026-101710,2026-03-02,West,Surat,Dinner Set 24pc,Home & Kitchen,2,2415,4830 INR,CUST-74306,Website
UK-2026-103419,2026-05-01,South,Kochi,Modern Wall Clock,Home & Kitchen,2,783,1566,CUST-43991,App
UK-2026-101155,2026-02-20,Central,Bhopal,Non-Stick Cookware Set,Home & Kitchen,1,2879,2879,CUST-60977,App
UK-2026-102090,2026-03-02,South,Kochi,Power Bank 20000mAh,Electronics,2,1805,3610,CUST-80660,Website
UK-2026-104332,2026-06-16,North,Noida,Modern Wall Clock,Home & Kitchen,1,830,830,CUST-11226,App
UK-2026-101337,2026-02-20,Central,Bhopal,Mirrorless Camera Lite,Electronics,1,28736,28736,CUST-92119,Website
UK-2026-104087,2026-06-29,North,Chandigarh,Modern Wall Clock,Home & Kitchen,1,794,794,CUST-31893,Website
UK-2026-103526,2026-05-01,North,Chandigarh,Noise-Cancelling Headphones,Electronics,2,8605,17210,CUST-14194,App
UK-2026-103113,2026-05-16,South,Kochi,Cotton Bedsheet Set,Home & Kitchen,1,1386,"₹1,386",CUST-93516,App
UK-2026-101230,2026-02-24,,Bhubaneswar,Mirrorless Camera Lite,Electronics,4,28290,113160,CUST-54709,Marketplace
UK-2026-104406,2026-06-30,North,Delhi,Air Fryer 5L,Home & Kitchen,2,5408,10816,CUST-18198,Website
UK-2026-103525,2026-05-24,North,Noida,Wireless Earbuds Pro,Electronics,2,2865,5730,CUST-40220,Marketplace
UK-2026-101560,2026-03-06,North,Delhi,Bluetooth Speaker Mini,Electronics,1,1562,1562,CUST-80759,App
UK-2026-100660,2026-01-09,North,Delhi,Power Bank 20000mAh,Electronics,1,1867,1867,CUST-23052,Website
UK-2026-104237,2026-06-04,South,Hyderabad,Modern Wall Clock,Home & Kitchen,4,792,3168,CUST-48888,Website
UK-2026-101105,2026-02-22,North,Gurugram,Cricket Bat English Willow,Sports,1,9398,9398,CUST-15990,App
UK-2026-101581,2026-03-15,Central,Indore,Cricket Bat English Willow,Sports,,9215,9215,CUST-20112,App
UK-2026-101445,2026-02-07,East,Kolkata,Foldable Treadmill T2,Sports,1,25028,25028,CUST-32620,Marketplace
UK-2026-102927,2026-04-13,Central,Indore,Wireless Earbuds Pro,Electronics,1,2927,2927,CUST-13725,Website
UK-2026-104569,2026-06-08,North,Gurugram,Non-Stick Cookware Set,Home & Kitchen,2,2975,5950,CUST-30305,Marketplace
UK-2026-103231,07-05-26,South,Kochi,Cotton Kurta Set,Fashion,1,1286,1286,CUST-20278,Website
UK-2026-102911,2026-04-03,North,New Delhi,Vitamin C Serum,Beauty,1,719,719,CUST-28742,Marketplace
UK-2026-102326,2026-04-18,West,Pune,Slim Fit Jeans,Fashion,1,1662,1662,CUST-39590,App
UK-2026-102081,2026-03-09,East,Patna,Beard Grooming Kit,Beauty,1,1001,1001,CUST-32419,App
UK-2026-104710,2026-06-29,North,Noida,Leather Wallet,Fashion,1,888,888,CUST-64432,App
UK-2026-102284,2026-04-19,South,Hyderabad,Smart Watch X2,Electronics,1,4694,4694,CUST-39825,App
UK-2026-100322,2026-01-09,West,Surat,Air Fryer 5L,Home & Kitchen,1,5600,5600,CUST-14491,Website
UK-2026-101317,2026-02-13,West,Ahmedabad,Cricket Bat English Willow,Sports,1,8763,"8,763.00",CUST-61155,App
UK-2026-103192,2026-05-14,North,Delhi,Bluetooth Speaker Mini,Electronics,1,1535,1535,CUST-50915,Marketplace
UK-2026-101180,2026-02-21,East,Guwahati,Smart Watch X2,Electronics,1,4595,4595,CUST-51041,App
UK-2026-100832,2026-02-20,West,Mumbai,Eau de Parfum 100ml,Beauty,1,1946,1946,CUST-48583,Website
UK-2026-101419,2026-02-13,West,Surat,Running Sneakers,Fashion,1,2712,2712,CUST-84727,App
UK-2026-102285,2026-04-07,West,Surat,43-inch Smart TV,Electronics,2,25702,51404,CUST-61588,App
UK-2026-100654,2026-01-17,North,Gurugram,Electric Kettle 1.5L,Home & Kitchen,3,1137,3411,CUST-23271,Website
UK-2026-102662,2026-04-18,West,Pune,Wireless Earbuds Pro,Electronics,1,3088,3088,CUST-34592,Website
UK-2026-104254,2026-06-23,East,Guwahati,Wireless Earbuds Pro,Electronics,2,2851,5702,CUST-75780,App
UK-2026-102567,2026-04-17,North,Gurugram,Slim Fit Jeans,Fashion,1,1626,1626,CUST-89625,Marketplace
UK-2026-102399,2026-04-05,West,Ahmedabad,Ethnic Dupatta,Fashion,2,496,992,CUST-14066,Marketplace
UK-2026-104105,2026-06-05,West,Mumbai,Wireless Earbuds Pro,Electronics,1,3059,3059,CUST-59974,Marketplace
UK-2026-100345,2026-01-27,Central,Bhopal,Formal Shirt,Fashion,2,1073,2146,CUST-77706,Website
UK-2026-101992,2026-03-13,South,Hyderabad,Wireless Earbuds Pro,Electronics,1,2891,2891,CUST-89707,App
UK-2026-100383,2026-01-14,East,Guwahati,Bluetooth Speaker Mini,Electronics,,1544,3088,CUST-54160,Website
UK-2026-102792,2026-04-02,North,Noida,Formal Shirt,Fashion,2,1140,2280,CUST-76353,Marketplace
UK-2026-104565,2026-06-05,South,Chennai,Ultrabook Air 14,Electronics,2,31248,62496,CUST-86125,Website
UK-2026-103358,2026-05-10,West,Pune,Ionic Hair Dryer,Beauty,2,1851,3702,CUST-46154,Marketplace
UK-2026-101782,2026-03-21,West,Pune,Ultrabook Air 14,Electronics,2,29012,58024,CUST-51672,App
UK-2026-103547,2026-05-19,West,Mumbai,Mixer Grinder 750W,Home & Kitchen,1,3216,3216,CUST-91924,Website
UK-2026-101804,2026-03-17,South,Bengaluru,Modern Wall Clock,Home & Kitchen,1,778,778,CUST-73260,App
UK-2026-104935,03-06-26,West,Surat,Cricket Bat English Willow,Sports,2,9403,18806,CUST-44490,Website
UK-2026-102717,2026-04-02,South,Chennai,Makeup Brush Set,Beauty,1,1295,1295,CUST-69073,Website
UK-2026-103260,2026-05-02,North,Noida,Denim Jacket,Fashion,1,2129,2129,CUST-96052,App
UK-2026-100684,2026-01-10,South,Chennai,Modern Wall Clock,Home & Kitchen,1,760,760,CUST-19217,Marketplace
UK-2026-102300,2026-04-14,Central,Raipur,Air Fryer 5L,Home & Kitchen,1,5531,5531,CUST-80474,Website
UK-2026-103144,2026-05-09,North,Chandigarh,Robot Vacuum R7,Home & Kitchen,1,18290,18290,CUST-81712,Website
UK-2026-100025,"Jan 20, 2026",Central,Nagpur,Robot Vacuum R7,Home & Kitchen,1,19413,19413,CUST-64447,App
UK-2026-100039,2026-01-05,East,Kolkata,Cricket Bat English Willow,Sports,2,8733,17466,CUST-65160,Website
UK-2026-100564,2026-01-28,East,Guwahati,Cycling Helmet,Sports,1,1638,1638,CUST-26768,App
UK-2026-101852,2026-03-13,West,Surat,43-inch Smart TV,Electronics,1,24985,24985,CUST-95909,App
UK-2026-100334,2026-01-17,West,Pune,Badminton Racket Set,Sports,1,2464,,CUST-51853,App
UK-2026-101995,2026-03-25,West,Pune,Ultrabook Air 14,Electronics,1,28723,28723,CUST-33072,Website
UK-2026-100612,2026-01-29,West,Ahmedabad,Noise-Cancelling Headphones,Electronics,1,8724,8724,CUST-51219,App
UK-2026-100645,2026-01-26,South,Bengaluru,Non-Stick Cookware Set,Home & Kitchen,1,2764,2764,CUST-53546,Marketplace
UK-2026-104383,"Jun 18, 2026",North,Gurugram,Modern Wall Clock,Home & Kitchen,3,806,2418,CUST-30800,App
UK-2026-102853,2026-04-18,Central,Raipur,Makeup Brush Set,Beauty,2,1296,2592,CUST-31130,App
UK-2026-102551,2026-04-08,East,Kolkata,Modern Wall Clock,Home & Kitchen,1,784,₹784,CUST-51853,App
UK-2026-100127,2026-01-01,Central,Nagpur,Silk Saree,Fashion,2,3383,6766,CUST-44169,Website
UK-2026-102755,2026-04-06,South,Hyderabad,Noise-Cancelling Headphones,Electronics,2,8620,17240,CUST-82485,App
UK-2026-102475,2026-04-14,South,Kochi,Yoga Mat Pro,Sports,2,1219,2438,CUST-39292,Website
UK-2026-101562,2026-03-29,North,Noida,Slim Fit Jeans,Fashion,2,1616,3232,CUST-75367,App
UK-2026-101083,2026-02-20,East,Bhubaneswar,Ultrabook Air 14,Electronics,1,30687,30687,CUST-51226,Website
UK-2026-100454,2026-01-07,South,Hyderabad,Face Wash Combo,Beauty,2,452,904,CUST-82862,Website
UK-2026-103324,2026-05-20,South,Kochi,Cotton Kurta Set,Fashion,3,1250,3750,CUST-24693,App
UK-2026-102302,2026-04-05,North,Chandigarh,Yoga Mat Pro,Sports,2,1141,2282,CUST-38914,Website
UK-2026-102921,2026-04-19,East,Patna,Beard Grooming Kit,Beauty,1,1005,1005,CUST-45976,App
UK-2026-102875,2026-04-04,East,Guwahati,Wireless Earbuds Pro,Electronics,2,2859,5718,CUST-57804,Website
UK-2026-100469,2026-01-21,West,Mumbai,Yoga Mat Pro,Sports,1,1160,1160,CUST-42356,App
UK-2026-100125,2026-01-26,East,Guwahati,Dinner Set 24pc,Home & Kitchen,1,2532,2532,CUST-17703,Website
UK-2026-101915,2026-03-03,North,Delhi,Face Wash Combo,Beauty,1,455,455,CUST-50125,App
UK-2026-103632,2026-05-25,West,Ahmedabad,Dinner Set 24pc,Home & Kitchen,1,2416,2416,CUST-83901,App
UK-2026-102995,2026-04-19,North,Noida,Running Sneakers,Fashion,1,2876,2876,CUST-12211,App
UK-2026-103451,2026-05-15,East,Kolkata,Denim Jacket,Fashion,1,2130,2130,CUST-62250,App
UK-2026-104932,2026-06-30,South,Kochi,Foldable Treadmill T2,Sports,1,25139,25139,CUST-91421,Marketplace
UK-2026-102112,2026-03-26,West,Mumbai,Football Size 5,Sports,1,935,935,CUST-75271,Website
UK-2026-100723,2026-02-08,North,Chandigarh,Electric Kettle 1.5L,Home & Kitchen,1,1134,1134,CUST-16602,App
UK-2026-102778,2026-04-14,South,Hyderabad,Badminton Racket Set,Sports,4,2433,9732,CUST-92255,App
UK-2026-100033,2026-01-01,Central,Raipur,Mixer Grinder 750W,Home & Kitchen,1,3171,3171,CUST-53827,Website
UK-2026-101730,15-03-26,West,Surat,Gym Gloves,Sports,1,520,520,CUST-84461,App
UK-2026-104433,2026-06-17,West,Mumbai,Matte Lipstick Set,Beauty,4,941,3764,CUST-12211,App
UK-2026-101464,2026-03-16,South,Chennai,Cricket Bat English Willow,Sports,2,9327,18654,CUST-79798,App
UK-2026-100395,2026-01-14,West,Surat,Football Size 5,Sports,1,942,942,CUST-92024,App
UK-2026-100217,2026-01-22,Central,Raipur,Cotton Kurta Set,Fashion,1,1246,1246,CUST-66199,App
UK-2026-101610,2026-03-17,East,Guwahati,Cotton Bedsheet Set,Home & Kitchen,2,1386,2772,CUST-61734,App
UK-2026-103407,2026-05-20,North,Chandigarh,Gym Gloves,Sports,1,517,517,CUST-43428,Marketplace
UK-2026-103183,2026-05-05,South,Hyderabad,Bluetooth Speaker Mini,Electronics,1,1478,1478,CUST-77483,Website
UK-2026-101452,2026-03-06,North,Gurugram,Silk Saree,Fashion,1,3613,3613,CUST-78018,App
UK-2026-101138,2026-02-11,South,Chennai,Leather Wallet,Fashion,1,878,878,CUST-95627,App
UK-2026-102882,2026-04-19,West,Ahmedabad,  Bluetooth Speaker Mini,Electronics,1,1521,1521,CUST-77483,Marketplace
UK-2026-100223,2026-01-10,West,Pune,Smart Watch X2,Electronics,3,4663,13989,CUST-47784,Marketplace
UK-2026-103171,2026-05-29,West,Ahmedabad,Mirrorless Camera Lite,Electronics,1,29962,29962,CUST-32039,Website
UK-2026-101067,2026-02-14,West,Mumbai,Wireless Earbuds Pro,Electronics,1,3034,3034,CUST-89605,App
UK-2026-102212,2026-03-22,Central,Bhopal,43-inch Smart TV,Electronics,-1,24942,24942,CUST-37866,App
UK-2026-102065,09/03/2026,West,Pune,Eau de Parfum 100ml,Beauty,4,1940,7760,CUST-86623,App
UK-2026-104843,2026-06-17,Central,Nagpur,Ethnic Dupatta,Fashion,2,523,1046,CUST-68774,Website
UK-2026-100167,2026-01-16,West,Pune,Smart Watch X2,Electronics,1,4280,4280,CUST-32199,Website
UK-2026-100260,2026-01-08,North,Gurugram,Mixer Grinder 750W,Home & Kitchen,1,3264,3264,CUST-70760,App
UK-2026-101592,2026-03-15,East,Kolkata,Vitamin C Serum,Beauty,2,699,1398,CUST-95626,Website
UK-2026-100543,2026-01-23,Central,Nagpur,Gym Gloves,Sports,2,482,964,CUST-51120,Website
UK-2026-104694,2026-06-29,Central,Raipur,Cycling Helmet,Sports,2,1595,3190,CUST-72199,Marketplace
UK-2026-101673,2026-03-11,Central,Bhopal,Badminton Racket Set,Sports,1,2384,2384,CUST-61614,Marketplace
UK-2026-104440,2026-06-27,West,Surat,Mixer Grinder 750W,Home & Kitchen,1,3463,3463,CUST-28961,App
UK-2026-100245,2026-01-18,West,Mumbai,Wireless Earbuds Pro,Electronics,2,3129,6258,CUST-85795,App
UK-2026-103043,2026-04-11,East,Patna,Noise-Cancelling Headphones,Electronics,1,8628,8628,CUST-71246,Website
UK-2026-104521,2026-06-20,Central,Indore,Cotton Bedsheet Set,Home & Kitchen,1,1392,,CUST-89900,Marketplace
UK-2026-102392,2026-04-24,Central,Nagpur,Mirrorless Camera Lite,Electronics,2,27598,55196,CUST-61742,App
UK-2026-104412,2026-06-20,West,Ahmedabad,Denim Jacket,Fashion,1,2258,2258,CUST-77862,Website
UK-2026-100915,2026-02-06,North,Chandigarh,Robot Vacuum R7,Home & Kitchen,1,19640,19640,CUST-64770,Marketplace
UK-2026-100297,2026-01-25,South,Hyderabad,Football Size 5,Sports,3,902,2706,CUST-51853,App
UK-2026-103333,2026-05-14,East,Bhubaneswar,Denim Jacket,Fashion,1,2242,2242,CUST-62798,Marketplace
UK-2026-102214,2026-03-11,West,Surat,Mixer Grinder 750W,Home & Kitchen,3,3268,9804,CUST-98536,Website
UK-2026-104012,2026-05-23,North,Delhi,Face Wash Combo,Beauty,2,456,912,CUST-53622,App
UK-2026-104673,2026-06-30,West,Ahmedabad,Bluetooth Speaker Mini,Electronics,1,1457,1457,CUST-85788,Website
UK-2026-100160,2026-01-28,West,Ahmedabad,Non-Stick Cookware Set,Home & Kitchen,1,2950,2950,CUST-44169,Marketplace
UK-2026-100913,2026-02-01,South,Hyderabad,Smart Watch X2,Electronics,1,4443,4443,CUST-30453,Marketplace
UK-2026-103558,2026-05-17,South,Hyderabad,Eau de Parfum 100ml,Beauty,1,2090,2090,CUST-93849,Marketplace
UK-2026-100199,2026-01-16,North,Gurugram,Ethnic Dupatta,Fashion,1,502,502,CUST-69424,App
UK-2026-100088,2026-01-16,North,Delhi,Slim Fit Jeans,Fashion,2,1566,3132,CUST-88408,Website
UK-2026-102520,2026-04-17,South,Chennai,Cricket Bat English Willow,Sports,2,8604,17208,CUST-69827,Website
UK-2026-100319,2026-01-05,West,Surat,Cotton Kurta Set,Fashion,2,1320,2640,CUST-29348,App
UK-2026-104849,2026-06-17,South,Kochi,  Face Wash Combo,Beauty,1,429,429,CUST-61987,Marketplace
UK-2026-104265,2026-06-28,South,Hyderabad,Robot Vacuum R7,Home & Kitchen,3,19058,57174,CUST-58145,Website
UK-2026-102633,2026-04-16,South,Hyderabad,Sunscreen SPF50,Beauty,1,551,551,CUST-70389,Website
UK-2026-104035,2026-06-24,South,Chennai,Beard Grooming Kit,Beauty,1,969,969,CUST-13537,App
UK-2026-104885,2026-06-28,North,Chandigarh,Running Sneakers,Fashion,1,2781,2781,CUST-29448,App
UK-2026-104880,2026-06-11,North,Gurugram,Ethnic Dupatta,Fashion,2,504,1008,CUST-60035,Website
UK-2026-102769,2026-04-22,East,Bhubaneswar,Dinner Set 24pc,Home & Kitchen,1,2573,2573,CUST-51981,App
UK-2026-103228,2026-05-08,West,Ahmedabad,Denim Jacket   ,Fashion,1,2191,2191,CUST-92255,Marketplace
UK-2026-103733,2026-05-01,North,Gurugram,Noise-Cancelling Headphones,Electronics,2,8587,17174,CUST-64432,App
UK-2026-103523,2026-05-21,Central,Indore,Electric Kettle 1.5L,Home & Kitchen,1,1072,1072,CUST-97506,Marketplace
UK-2026-104213,2026-06-07,South,Bengaluru,Slim Fit Jeans,Fashion,3,1521,4563,CUST-75269,Website
UK-2026-101352,2026-02-13,East,Bhubaneswar,Face Wash Combo,Beauty,1,445,445,CUST-22587,Website
UK-2026-103612,2026-05-01,West,Mumbai,Robot Vacuum R7,Home & Kitchen,1,19302,19302,CUST-53248,Website
UK-2026-103402,2026-05-08,Central,Raipur,Robot Vacuum R7,Home & Kitchen,1,18303,18303,CUST-62831,Website
UK-2026-101297,2026-02-28,North,New Delhi,Ethnic Dupatta,Fashion,1,478,478,CUST-65202,Website
UK-2026-103348,2026-05-20,South,Chennai,Vitamin C Serum,Beauty,1,725,725,CUST-76287,App
UK-2026-100184,2026-01-11,South,Chennai,Wireless Earbuds Pro,Electronics,1,2877,2877,CUST-73197,Website
UK-2026-101052,2026-02-14,West,Bombay,Vitamin C Serum,Beauty,2,729,1458,CUST-76261,App
UK-2026-102930,2026-04-04,,Pune,Modern Wall Clock,Home & Kitchen,2,760,1520,CUST-11551,App
UK-2026-103666,2026-05-17,West,Pune,Face Wash Combo,Beauty,2,442,884,CUST-14066,Website
UK-2026-103974,2026-05-07,Central,Raipur,Yoga Mat Pro,Sports,1,1148,1148,CUST-39089,Marketplace
UK-2026-100369,2026-01-29,East,Bhubaneswar,Cycling Helmet,Sports,1,1525,1525,CUST-22802,App
UK-2026-101945,2026-03-19,South,Bangalore,Cricket Bat English Willow,Sports,1,8791,8791,CUST-91157,Website
UK-2026-102856,2026-04-14,South,Bengaluru,Eau de Parfum 100ml,Beauty,1,2011,2011,CUST-63750,App
UK-2026-104554,2026-06-01,Central,Bhopal,Ionic Hair Dryer,Beauty,1,1960,1960,CUST-44028,Website
UK-2026-103971,2026-05-31,North,Gurugram,Ethnic Dupatta,Fashion,1,492,492,CUST-42159,Marketplace
UK-2026-104990,2026-06-02,West,Pune,Running Sneakers,Fashion,1,2746,2746,CUST-80268,Website
UK-2026-102991,2026-04-11,North,Delhi,Power Bank 20000mAh,Electronics,1,1808,1808,CUST-71396,Marketplace
UK-2026-102143,2026-03-18,West,Surat,Power Bank 20000mAh,Electronics,1,1878,1878,CUST-61089,App
UK-2026-100866,2026-02-02,Central,Nagpur,Foldable Treadmill T2,Sports,1,25962,25962,CUST-58721,Marketplace
UK-2026-103772,2026-05-02,North,Gurugram,GYM GLOVES,Sports,1,479,479,CUST-87587,Marketplace
UK-2026-103332,2026-05-05,West,Surat   ,Denim Jacket,Fashion,2,2258,4516,CUST-97139,App
UK-2026-104834,2026-06-27,Central,Raipur,Noise-Cancelling Headphones,Electronics,3,8994,26982,CUST-21152,Marketplace
UK-2026-100604,2026-01-18,North,Delhi,Running Sneakers,Fashion,1,2761,2761,CUST-63056,App
UK-2026-102645,2026-04-20,West,Mumbai,Eau de Parfum 100ml,Beauty,1,1953,1953,CUST-31880,App
UK-2026-104311,2026-06-04,Central,Bhopal,Electric Kettle 1.5L,Home & Kitchen,2,1055,2110,CUST-16251,App
UK-2026-100364,2026-01-14,South,Hyderabad,Silk Saree,Fashion,4,3454,13816,CUST-33388,App
UK-2026-103423,2026-05-17,East,Guwahati,Matte Lipstick Set,Beauty,1,855,855,CUST-12820,Website
UK-2026-100306,2026-01-24,South,Hyderabad,Ethnic Dupatta,Fashion,2,488,976,CUST-27725,App
UK-2026-102487,2026-04-30,South,Bengaluru,43-inch Smart TV,Electronics,2,25269,50538,CUST-35532,App
UK-2026-104881,2026-06-18,North,Noida,Beard Grooming Kit,Beauty,2,1005,2010,CUST-14410,Website
UK-2026-100893,2026-02-03,South,Kochi,Wireless Earbuds Pro,Electronics,1,2989,2989,CUST-92571,Marketplace
UK-2026-104231,2026-06-13,South,Chennai,Matte Lipstick Set,Beauty,1,924,924,CUST-77660,App
UK-2026-104975,2026-06-18,East,Kolkata,Badminton Racket Set,Sports,1,2476,2476,CUST-61614,Website
UK-2026-103867,2026-05-13,North,Noida,Mirrorless Camera Lite,Electronics,1,30123,30123,CUST-73857,Marketplace
UK-2026-104212,2026-06-22,North,Gurugram,Air Fryer 5L,Home & Kitchen,1,5528,5528,CUST-48634,App
UK-2026-101283,2026-02-20,North,Chandigarh,Adjustable Dumbbells 15kg,Sports,1,5217,5217,CUST-25155,Marketplace
UK-2026-103268,2026-05-06,South,Kochi,Dinner Set 24pc,Home & Kitchen,1,2436,2436,CUST-17808,Website
UK-2026-100136,2026-01-09,Central,Indore,Bluetooth Speaker Mini,Electronics,1,1528,1528,CUST-52161,Website
UK-2026-102215,2026-03-19,South,Chennai,Beard Grooming Kit,Beauty,1,1008,1008,CUST-39017,Website
UK-2026-102838,2026-04-17,East,Patna,Vitamin C Serum,Beauty,1,677,677,CUST-26893,App
UK-2026-102337,2026-04-04,North,Noida,Foldable Treadmill T2,Sports,2,24075,48150,CUST-41442,Website
UK-2026-102365,2026-04-30,South,Kochi,Bluetooth Speaker Mini,Electronics,1,1446,1446,CUST-16602,Marketplace
UK-2026-103287,2026-05-12,North,Gurugram,Silk Saree,Fashion,1,3607,3607,CUST-27329,App
UK-2026-101770,2026-03-20,West,Mumbai,Yoga Mat Pro,Sports,3,1176,3528,CUST-45393,App
UK-2026-101457,2026-03-07,Central,Nagpur,Makeup Brush Set,Beauty,1,1307,1307,CUST-25731,App
UK-2026-100074,2026-01-01,South,Bengaluru,Robot Vacuum R7,Home & Kitchen,1,18882,18882,CUST-68901,Website
UK-2026-103692,2026-05-29,East,Kolkata,Ultrabook Air 14,Electronics,1,29187,29187,CUST-71648,Marketplace
UK-2026-104230,2026-06-04,East,Bhubaneswar,Leather Wallet,Fashion,1,908,908,CUST-41788,App
UK-2026-104789,2026-06-08,South,Bengaluru,Air Fryer 5L,Home & Kitchen,1,5661,5661,CUST-46008,Website
UK-2026-101448,2026-02-05,Central,Nagpur,Air Fryer 5L,Home & Kitchen,4,5621,22484,CUST-80648,App
UK-2026-102894,2026-04-10,Central,Raipur,Running Sneakers,Fashion,1,2767,2767,CUST-49950,App
UK-2026-101167,2026-02-06,North,Delhi,Foldable Treadmill T2,Sports,1,25507,25507,CUST-40872,Marketplace
UK-2026-102451,2026-04-06,South,Hyderabad,Wireless Earbuds Pro,Electronics,2,2990,5980,CUST-56747,Marketplace
UK-2026-101841,2026-03-21,East,Bhubaneswar,Adjustable Dumbbells 15kg,Sports,1,5231,"5,231.00",CUST-91934,App
UK-2026-103089,2026-04-18,North,Noida,Cotton Kurta Set,Fashion,1,1281,1281,CUST-34111,Website
UK-2026-101926,2026-03-03,East,Guwahati,Robot Vacuum R7,Home & Kitchen,1,18072,18072,CUST-29604,App
UK-2026-102125,2026-03-07,North,Delhi,Cotton Bedsheet Set,Home & Kitchen,2,1425,2850,CUST-50225,App
UK-2026-100387,2026-01-30,North,Gurugram,Formal Shirt,Fashion,1,1099,1099,CUST-50413,Website
UK-2026-100581,2026-01-07,West,Ahmedabad,Running Sneakers,Fashion,1,2880,2880,CUST-74359,Website
UK-2026-100949,2026-02-08,South,Chennai,Gym Gloves,Sports,1,513,513,CUST-11024,Website
UK-2026-100942,2026-02-19,Central,Bhopal,Ultrabook Air 14,Electronics,4,30146,120584,CUST-53917,Marketplace
UK-2026-101755,2026-03-31,South,Bengaluru,Leather Wallet,Fashion,1,879,879,CUST-77483,App
UK-2026-102002,2026-03-08,North,Chandigarh,Silk Saree,Fashion,3,3325,9975,CUST-60968,Website
UK-2026-104635,2026-06-25,South,Kochi,Denim Jacket,Fashion,1,2239,"2,239.00",CUST-42339,Website
UK-2026-102025,2026-03-19,East,Patna,Slim Fit Jeans,Fashion,2,1629,3258,CUST-36001,Marketplace
UK-2026-100360,2026-01-17,West,Mumbai,Vitamin C Serum,Beauty,1,687,687,CUST-71536,App
UK-2026-102721,2026-04-02,West,Pune,Smart Watch X2,Electronics,1,4553,4553,CUST-60035,Marketplace
UK-2026-104501,2026-06-27,South,Hyderabad,Vitamin C Serum,Beauty,2,724,1448,CUST-98003,App
UK-2026-104986,2026-06-08,North,Gurugram,Noise-Cancelling Headphones,Electronics,1,8672,8672,CUST-14226,Website
UK-2026-102718,2026-04-06,Central,Indore,43-inch Smart TV,Electronics,1,25550,25550,CUST-30754,Marketplace
UK-2026-100563,2026-01-13,West,Pune,Denim Jacket,Fashion,1,2241,2241,CUST-78281,Website
UK-2026-101906,2026-03-06,South,Bengaluru,Leather Wallet,Fashion,1,940,940,CUST-37137,Website
UK-2026-102796,2026-04-26,South,Kochi,Wireless Earbuds Pro,Electronics,1,2931,2931,CUST-15726,Website
UK-2026-101979,2026-03-16,East,Patna,Cotton Bedsheet Set,Home & Kitchen,1,1383,1383,CUST-95179,Website
UK-2026-101431,2026-02-04,North,Gurugram,Denim Jacket,Fashion,1,2174,2174,CUST-27410,Website
UK-2026-100662,2026-01-24,South,Bengaluru,Dinner Set 24pc,Home & Kitchen,1,2571,2571,CUST-16496,Marketplace
UK-2026-103630,2026-05-19,North,Chandigarh,Ionic Hair Dryer,Beauty,2,1839,3678,CUST-29964,Website
UK-2026-104822,2026-06-28,South,Chennai,Sunscreen SPF50,Beauty,1,575,575,CUST-17735,Website
UK-2026-103893,2026-05-13,South,Kochi,Bluetooth Speaker Mini,Electronics,1,1498,1498,CUST-87916,Marketplace
UK-2026-102923,27-04-26,Central,Bhopal,Robot Vacuum R7,Home & Kitchen,1,18434,18434,CUST-99670,App
UK-2026-102061,2026-03-23,North,Delhi,Yoga Mat Pro,Sports,4,1152,4608,CUST-87235,App
UK-2026-101769,2026-03-01,North,Noida,Noise-Cancelling Headphones,Electronics,1,8757,8757,CUST-57174,App
UK-2026-100986,2026-02-22,South,Hyderabad,Sunscreen SPF50,Beauty,,529,529,CUST-44490,App
UK-2026-104631,2026-06-04,South,Kochi,Matte Lipstick Set,Beauty,1,940,940,CUST-12459,Website
UK-2026-103058,2026-04-03,West,Pune,Adjustable Dumbbells 15kg,Sports,1,4803,4803,CUST-25005,Marketplace
UK-2026-102690,2026-04-19,North,Gurugram,Air Fryer 5L,Home & Kitchen,2,5721,11442,CUST-39536,Website
UK-2026-103190,2026-05-22,Central,Indore,Modern Wall Clock,Home & Kitchen,1,784,784,CUST-84656,App
UK-2026-103696,2026-05-25,Central,Indore,Robot Vacuum R7,Home & Kitchen,1,19638,19638,CUST-88361,Website
UK-2026-102563,2026-04-22,North,Noida,Makeup Brush Set,Beauty,1,1339,1339,CUST-80424,App
UK-2026-101298,2026-02-16,Central,Raipur,Makeup Brush Set,Beauty,1,1238,1238,CUST-33072,Website
UK-2026-101817,2026-03-29,North,Chandigarh,Robot Vacuum R7,Home & Kitchen,2,19505,39010,CUST-62831,App
UK-2026-104034,2026-06-16,South,Kochi,Vitamin C Serum,Beauty,1,715,715,CUST-19163,Website
UK-2026-101319,2026-02-12,West,Mumbai,Badminton Racket Set,Sports,1,2381,2381,CUST-20382,App
UK-2026-102951,2026-04-13,South,Chennai,Slim Fit Jeans,Fashion,1,1664,1664,CUST-34534,Website
UK-2026-103403,2026-05-23,North,Gurugram,Power Bank 20000mAh,Electronics,2,1887,3774,CUST-43570,Marketplace
UK-2026-104335,2026-06-03,East,Bhubaneswar,Yoga Mat Pro,Sports,2,1237,2474,CUST-80424,App
UK-2026-103532,2026-05-03,West,Surat,Ethnic Dupatta,Fashion,0,479,479,CUST-11551,App
UK-2026-103198,2026-05-29,West,Pune,Robot Vacuum R7,Home & Kitchen,1,18955,18955,CUST-60213,App
UK-2026-103388,2026-05-29,West,Pune,Bluetooth Speaker Mini,Electronics,1,1509,1509,CUST-40220,Marketplace
UK-2026-103282,2026-05-15,North,Chandigarh,Bluetooth Speaker Mini,Electronics,1,1570,1570,CUST-25204,App
UK-2026-100925,2026-02-08,West,Surat,Mirrorless Camera Lite,Electronics,1,28634,28634,CUST-12493,Website
UK-2026-101551,2026-03-08,South,Bengaluru,43-inch Smart TV,Electronics,1,25513,25513,CUST-95592,Website
UK-2026-100253,2026-01-18,Central,Indore,Eau de Parfum 100ml,Beauty,1,2032,2032,CUST-35913,App
UK-2026-101380,2026-02-06,South,Hyderabad,Leather Wallet,Fashion,1,907,907,CUST-51235,App
UK-2026-100041,2026-01-07,South,Bengaluru,Slim Fit Jeans,Fashion,2,1625,3250,CUST-67634,App
UK-2026-101224,2026-02-28,North,Chandigarh,Mirrorless Camera Lite,Electronics,1,28626,28626,CUST-92255,Marketplace
UK-2026-104437,2026-06-22,East,Bhubaneswar,Bluetooth Speaker Mini,Electronics,1,1466,1466,CUST-41788,Marketplace
UK-2026-101345,2026-02-14,North,Delhi,Mixer Grinder 750W,Home & Kitchen,1,3436,3436,CUST-32620,Website
UK-2026-101552,2026-03-20,North,Chandigarh,Running Sneakers,Fashion,2,2754,5508,CUST-55568,App
UK-2026-103757,2026-05-26,Central,Indore,Robot Vacuum R7,Home & Kitchen,1,18233,18233,CUST-61925,Website
UK-2026-102634,2026-04-08,North,Chandigarh,Ethnic Dupatta,Fashion,1,477,477,CUST-99143,Website
UK-2026-104208,2026-06-01,East,Patna,43-inch Smart TV,Electronics,1,26986,26986,CUST-75625,Marketplace
UK-2026-101169,2026-02-24,Central,Bhopal,Slim Fit Jeans,Fashion,1,1618,1618,CUST-30305,App
UK-2026-103642,2026-05-26,South,Chennai,Cotton Bedsheet Set,Home & Kitchen,3,1378,4134,CUST-36766,App
UK-2026-104070,2026-06-25,South,Hyderabad,Eau de Parfum 100ml,Beauty,2,2020,4040,CUST-85573,App
UK-2026-103986,2026-05-11,North,Gurugram,Bluetooth Speaker Mini,Electronics,2,1568,3136,CUST-95626,App
UK-2026-103889,2026-05-04,East,Bhubaneswar,ROBOT VACUUM R7,Home & Kitchen,1,18583,18583,CUST-90287,App
UK-2026-101494,2026-03-21,East,Guwahati,Wireless Earbuds Pro,Electronics,2,3072,6144,CUST-80834,Marketplace
UK-2026-101635,2026-03-11,East,Guwahati,Denim Jacket,Fashion,1,2250,2250,CUST-14309,App
UK-2026-102549,2026-04-13,East,Guwahati,Electric Kettle 1.5L,Home & Kitchen,1,1067,1067,CUST-38798,App
UK-2026-100918,2026-02-26,North,Delhi,Ethnic Dupatta,Fashion,1,480,480,CUST-65160,App
UK-2026-101798,2026-03-29,North,New Delhi,Makeup Brush Set,Beauty,1,1327,1327,CUST-81740,Website
UK-2026-102868,2026-04-08,South,Hyderabad,Ionic Hair Dryer,Beauty,3,1845,5535,CUST-39128,App
UK-2026-104870,2026-06-21,East,Bhubaneswar,Electric Kettle 1.5L,Home & Kitchen,1,1091,1091,CUST-80301,Website
UK-2026-100813,2026-02-07,North,Delhi,Robot Vacuum R7,Home & Kitchen,1,18299,18299,CUST-14694,Website
UK-2026-101234,2026-02-09,North,Chandigarh,Bluetooth Speaker Mini,Electronics,1,1553,1553,CUST-16104,Marketplace
UK-2026-103803,2026-05-13,North,Gurugram,Matte Lipstick Set,Beauty,1,897,897,CUST-13806,App
UK-2026-102902,2026-04-26,North,Noida,Gym Gloves,Sports,2,475,950,CUST-54232,Website
UK-2026-103700,2026-05-11,West,Surat,Mixer Grinder 750W,Home & Kitchen,0,3272,3272,CUST-52317,Marketplace
UK-2026-102990,2026-04-04,East,Guwahati,Bluetooth Speaker Mini,Electronics,3,1518,4554,CUST-20725,Marketplace
UK-2026-101690,08-03-26,North,Noida,Ultrabook Air 14,Electronics,1,28593,28593,CUST-34534,Website
UK-2026-104079,2026-06-01,Central,Nagpur,Smart Watch X2,Electronics,3,4461,13383,CUST-60496,Marketplace
UK-2026-103548,2026-05-29,West,Mumbai,Beard Grooming Kit,Beauty,2,1002,2004,CUST-97139,Website
UK-2026-102373,2026-04-28,South,Bengaluru,Power Bank 20000mAh,Electronics,-2,1721,1721,CUST-39817,App
UK-2026-103283,2026-05-22,North,Chandigarh,43-inch Smart TV,Electronics,2,27026,54052,CUST-86452,Website
UK-2026-102571,2026-04-06,North,Delhi,Denim Jacket,Fashion,2,2168,4336,CUST-68533,App
UK-2026-103486,2026-05-15,West,Surat,Bluetooth Speaker Mini,Electronics,,1516,4548,CUST-39292,App
UK-2026-104348,2026-06-23,North,Chandigarh,Ultrabook Air 14,Electronics,2,30447,60894,CUST-50413,App
UK-2026-101614,2026-03-13,East,Kolkata,Bluetooth Speaker Mini,Electronics,1,1526,1526,CUST-64211,Website
UK-2026-102610,2026-04-14,South,Kochi,Face Wash Combo,Beauty,1,431,431,CUST-91551,Website
UK-2026-103299,2026-05-24,South,Chennai,Bluetooth Speaker Mini,Electronics,1,1522,1522,CUST-36198,Marketplace
UK-2026-100029,2026-01-25,West,Mumbai,Electric Kettle 1.5L,Home & Kitchen,1,1134,1134,CUST-58179,App
UK-2026-103033,2026-04-04,East,Patna,Cycling Helmet,Sports,1,1575,1575,CUST-73908,App
UK-2026-101865,25/03/2026,West,Pune,Bluetooth Speaker Mini,Electronics,4,1504,6016,CUST-11465,Website
UK-2026-103009,2026-04-24,South,Bengaluru,Cotton Bedsheet Set,Home & Kitchen,2,1452,2904,CUST-57256,Website
UK-2026-101151,2026-02-13,South,Bengaluru,Mixer Grinder 750W,Home & Kitchen,2,3135,6270,CUST-56046,Marketplace
UK-2026-104165,2026-06-16,West,Mumbai,Slim Fit Jeans,Fashion,1,1606,1606,CUST-11147,App
UK-2026-104140,2026-06-26,North,Chandigarh,Vitamin C Serum,Beauty,1,718,718,CUST-41730,Marketplace
UK-2026-103981,2026-05-20,North,Noida,Makeup Brush Set,Beauty,1,1337,1337,CUST-18843,App
UK-2026-102780,2026-04-29,West,Ahmedabad,Bluetooth Speaker Mini,Electronics,1,1542,1542,CUST-33076,Website
UK-2026-100815,2026-02-08,South,Chennai,Modern Wall Clock,Home & Kitchen,2,784,1568,CUST-61086,App
UK-2026-100825,2026-02-05,South,Madras,Non-Stick Cookware Set,Home & Kitchen,4,2973,11892,CUST-36144,App
UK-2026-102111,2026-03-15,West,Surat,Air Fryer 5L,Home & Kitchen,1,5684,5684,CUST-52672,App
UK-2026-104655,"Jun 17, 2026",West,Surat,Badminton Racket Set,Sports,1,2580,2580,CUST-84656,App
UK-2026-101631,2026-03-12,East,Bhubaneswar,Ultrabook Air 14,Electronics,2,31238,62476,CUST-50125,App
UK-2026-100722,2026-02-08,West,Pune,Power Bank 20000mAh,Electronics,1,1781,1781,CUST-62632,App
UK-2026-101623,2026-03-10,North,Chandigarh,Noise-Cancelling Headphones,Electronics,1,9032,9032,CUST-90094,Marketplace
UK-2026-102122,2026-03-31,North,Chandigarh,Noise-Cancelling Headphones,Electronics,1,8848,8848,CUST-75013,Marketplace
UK-2026-104158,2026-06-24,West,Surat,Formal Shirt,Fashion,1,1093,1093,CUST-98003,Marketplace
UK-2026-103627,"May 13, 2026",North,Gurugram,Running Sneakers,Fashion,2,2888,5776,CUST-71680,Website
UK-2026-100441,2026-01-21,South,Bengaluru,Cotton Bedsheet Set,Home & Kitchen,1,1397,1397,CUST-55940,App
UK-2026-101911,2026-03-28,South,Chennai,Adjustable Dumbbells 15kg,Sports,1,4940,4940,CUST-78529,Website
UK-2026-103531,2026-05-25,East,Patna,Formal Shirt,Fashion,2,1099,2198,CUST-70639,App
UK-2026-102423,2026-04-01,North,Noida,Wireless Earbuds Pro,Electronics,1,3046,3046,CUST-79798,Marketplace
UK-2026-100026,2026-01-08,West,Mumbai,Face Wash Combo,Beauty,1,428,428,CUST-73197,App
UK-2026-103598,2026-05-09,South,chennai,Cycling Helmet,Sports,1,1603,1603,CUST-87776,App
UK-2026-100101,05-01-26,North,Delhi,Cotton Bedsheet Set,Home & Kitchen,2,1458,2916,CUST-93927,Website
UK-2026-104324,2026-06-03,North,Chandigarh,Vitamin C Serum,Beauty,1,716,716,CUST-65306,Marketplace
UK-2026-101456,2026-03-24,East,Bhubaneswar,Vitamin C Serum,Beauty,2,727,1454,CUST-67410,App
UK-2026-100819,2026-02-21,South,Kochi,Formal Shirt,Fashion,1,1092,1092,CUST-34999,App
UK-2026-100212,2026-01-15,South,Hyderabad,Matte Lipstick Set,Beauty,1,877,877,CUST-64432,App
UK-2026-104863,2026-06-27,Central,Indore,Cotton Kurta Set,Fashion,1,1323,1323,CUST-10627,Website
UK-2026-102007,2026-03-07,West,Mumbai,foldable treadmill t2,Sports,1,26007,26007,CUST-97006,Website
UK-2026-102849,2026-04-26,North,Noida,Running Sneakers,Fashion,,2848,2848,CUST-68954,App
UK-2026-100959,2026-02-26,Central,Bhopal,Electric Kettle 1.5L,Home & Kitchen,1,1100,1100,CUST-48268,App
UK-2026-104961,2026-06-21,North,Chandigarh,Cricket Bat English Willow,Sports,1,8664,8664,CUST-74952,Marketplace
UK-2026-100505,2026-01-25,Central,Indore,Silk Saree,Fashion,2,3572,7144,CUST-23235,Website
UK-2026-102193,2026-03-04,West,Surat,Denim Jacket,Fashion,1,2225,2225,CUST-32039,Website
UK-2026-104606,2026-06-03,West,Pune,Ionic Hair Dryer,Beauty,1,1818,1818,CUST-31749,App
UK-2026-102170,2026-03-21,South,Chennai,Noise-Cancelling Headphones,Electronics,3,8681,26043,CUST-93354,Website
UK-2026-103963,2026-05-03,North,Gurugram,Makeup Brush Set,Beauty,2,1286,2572,CUST-21081,Website
UK-2026-100302,2026-01-05,East,Patna,Yoga Mat Pro,Sports,1,1145,1145,CUST-74359,App
UK-2026-101844,2026-03-27,North,Gurgaon,Makeup Brush Set,Beauty,1,1363,1363,CUST-34962,App
UK-2026-102058,2026-03-04,West,Mumbai,Running Sneakers,Fashion,1,2787,"₹2,787",CUST-54687,App
UK-2026-101653,2026-03-08,South,Chennai,Dinner Set 24pc,Home & Kitchen,2,2417,4834,CUST-59329,Marketplace
UK-2026-101714,2026-03-01,Central,Indore,Cotton Kurta Set,Fashion,1,1277,1277,CUST-46229,App
UK-2026-100323,2026-01-09,South,Madras,Slim Fit Jeans,Fashion,4,1536,6144,CUST-32022,App
UK-2026-100572,2026-01-07,South,Bengaluru,Wireless Earbuds Pro,Electronics,1,2954,2954,CUST-75739,Website
UK-2026-101561,2026-03-24,East,Guwahati,Slim Fit Jeans,Fashion,2,1593,3186,CUST-53827,Marketplace
UK-2026-100618,2026-01-29,East,Kolkata,Mixer Grinder 750W,Home & Kitchen,1,3155,3155,CUST-85490,App
UK-2026-100987,2026-02-13,West,Mumbai,Leather Wallet,Fashion,1,918,918,CUST-36198,App
UK-2026-104965,2026-06-28,North,Chandigarh,Smart Watch X2,Electronics,1,4537,4537,CUST-58906,App
UK-2026-103214,2026-05-16,North,Noida,Beard Grooming Kit,Beauty,4,1034,4136,CUST-40259,Website
UK-2026-102534,2026-04-25,Central,  Bhopal,Ultrabook Air 14,Electronics,1,29320,29320,CUST-23787,Marketplace
UK-2026-101440,2026-02-26,Central,Raipur,Formal Shirt,Fashion,1,1070,1070,CUST-88923,Website
UK-2026-101379,2026-02-26,Central,Bhopal,Silk Saree,Fashion,1,3622,3622,CUST-76898,Marketplace
UK-2026-103226,2026-05-19,West,Ahmedabad,Matte Lipstick Set,Beauty,1,932,932,CUST-28819,App
UK-2026-102982,2026-04-04,West,Surat,43-inch Smart TV,Electronics,1,27293,27293,CUST-11025,Marketplace
UK-2026-104795,2026-06-15,South,Chennai,Foldable Treadmill T2,Sports,2,24686,49372,CUST-91551,Website
UK-2026-104322,2026-06-28,North,Gurugram,Smart Watch X2,Electronics,1,4597,"4,597.00",CUST-61734,Marketplace
UK-2026-103374,2026-05-26,Central,Bhopal,Foldable Treadmill T2,Sports,1,24545,24545,CUST-29692,Website
UK-2026-104697,2026-06-28,Central,Bhopal,Bluetooth Speaker Mini,Electronics,1,1508,1508,CUST-49379,App
UK-2026-100656,2026-01-11,South,Hyderabad,Silk Saree,Fashion,1,3510,3510,CUST-14694,Website
UK-2026-103658,2026-05-17,South,Kochi,Bluetooth Speaker Mini,Electronics,1,1468,1468,CUST-99369,Marketplace
UK-2026-104217,2026-06-17,North,Gurugram,Noise-Cancelling Headphones,Electronics,2,8605,17210,CUST-91644,Marketplace
UK-2026-100500,2026-01-14,South,Bengaluru,Beard Grooming Kit,Beauty,2,989,1978,CUST-75271,Website
UK-2026-102670,2026-04-03,West,Mumbai,Cycling Helmet,Sports,3,1636,"₹4,908",CUST-30474,Website
UK-2026-104066,2026-06-12,South,Bengaluru,Cycling Helmet,Sports,2,1596,3192,CUST-90801,Marketplace
UK-2026-104270,2026-06-14,West,Ahmedabad,Denim Jacket,Fashion,1,2101,2101 INR,CUST-15863,Website
UK-2026-102341,2026-04-04,East,Patna,Football Size 5,Sports,2,878,1756,CUST-38875,Website
UK-2026-104596,2026-06-27,South,Bengaluru   ,Modern Wall Clock,Home & Kitchen,1,821,821,CUST-86433,Marketplace
UK-2026-100120,2026-01-25,North,Noida,Cotton Kurta Set,Fashion,1,1316,1316,CUST-42566,Website
UK-2026-103057,2026-04-06,West,Surat,Bluetooth Speaker Mini,Electronics,1,1530,1530,CUST-98957,Marketplace
UK-2026-101367,2026-02-27,East,Guwahati,Matte Lipstick Set,Beauty,1,859,859,CUST-12237,Website
UK-2026-103797,2026-05-06,Central,Raipur,Wireless Earbuds Pro,Electronics,1,3114,3114,CUST-64712,Marketplace
UK-2026-103615,2026-05-17,Central,Bhopal,Slim Fit Jeans,Fashion,1,1538,1538,CUST-69017,Website
UK-2026-101565,2026-03-21,South,Hyderabad,Power Bank 20000mAh,Electronics,2,1815,,CUST-22413,Website
UK-2026-103564,"May 20, 2026",North,Gurugram,Cotton Kurta Set,Fashion,1,1250,1250,CUST-12991,Marketplace
UK-2026-101961,2026-03-20,Central,Raipur,Mirrorless Camera Lite,Electronics,1,30190,30190,CUST-20278,Website
UK-2026-101007,2026-02-22,West,Ahmedabad,Beard Grooming Kit,Beauty,1,969,969,CUST-43692,App
UK-2026-104680,01/06/2026,North,Gurugram,Beard Grooming Kit,Beauty,1,1024,1024,CUST-40564,App
UK-2026-103209,2026-05-30,West,Surat,Beard Grooming Kit,Beauty,1,958,958,CUST-59078,Website
UK-2026-103482,2026-05-27,South,Bengaluru,Mirrorless Camera Lite,Electronics,1,29216,29216,CUST-87921,Website
UK-2026-103830,2026-05-21,South,Hyderabad,Eau de Parfum 100ml,Beauty,1,2048,2048,CUST-85039,Marketplace
UK-2026-104626,2026-06-11,Central,Indore,Non-Stick Cookware Set,Home & Kitchen,1,2947,2947,CUST-60968,App
UK-2026-103590,2026-05-28,West,Surat,Power Bank 20000mAh,Electronics,,1881,1881,CUST-34405,Marketplace
UK-2026-102171,2026-03-08,West,Ahmedabad,Foldable Treadmill T2,Sports,1,25521,25521,CUST-32714,Website
UK-2026-102939,2026-04-19,Central,Indore,Noise-Cancelling Headphones,Electronics,1,9090,9090,CUST-45392,App
UK-2026-103401,2026-05-19,West,Mumbai,Running Sneakers,Fashion,1,2867,2867,CUST-36766,Website
UK-2026-104721,2026-06-27,South,Kochi,Cotton Kurta Set,Fashion,1,1262,1262,CUST-38822,Marketplace
UK-2026-103510,2026-05-21,East,Kolkata,Formal Shirt,Fashion,2,1065,2130,CUST-79002,App
UK-2026-102360,2026-04-27,Central,Bhopal,Ultrabook Air 14,Electronics,1,30479,30479,CUST-86942,App
UK-2026-100373,2026-01-30,Central,Nagpur,Non-Stick Cookware Set,Home & Kitchen,2,2987,5974,CUST-64040,Website
UK-2026-102411,2026-04-20,South,Bengaluru,Wireless Earbuds Pro,Electronics,1,2998,2998,CUST-85056,App
UK-2026-101382,"Feb 24, 2026",South,Kochi,Ethnic Dupatta,Fashion,1,495,495,CUST-99730,App
UK-2026-103633,2026-05-12,South,Chennai,Sunscreen SPF50,Beauty,1,526,526,CUST-38914,Marketplace
UK-2026-102468,2026-04-19,North,Noida,Adjustable Dumbbells 15kg,Sports,1,5119,5119,CUST-86452,Website
UK-2026-102869,2026-04-08,South,Chennai,Formal Shirt,Fashion,2,1090,2180,CUST-60035,App
UK-2026-102938,2026-04-27,Central,Bhopal,Matte Lipstick Set,Beauty,2,923,1846,CUST-89615,App
UK-2026-102371,2026-04-13,Central,Indore,Denim Jacket,Fashion,,2124,4248,CUST-77170,Website
UK-2026-101324,2026-02-12,West,Pune,Leather Wallet,Fashion,1,867,867,CUST-35109,Website
UK-2026-104063,2026-06-23,South,Kochi,Non-Stick Cookware Set,Home & Kitchen,1,2833,2833,CUST-71396,App
UK-2026-104282,2026-06-23,West,Surat,Ionic Hair Dryer,Beauty,1,1871,1871,CUST-44198,Website
UK-2026-102533,2026-04-02,East,Patna,Air Fryer 5L,Home & Kitchen,1,5466,5466 INR,CUST-82880,Marketplace
UK-2026-104069,2026-06-03,East,Patna,Running Sneakers,Fashion,2,2861,5722,CUST-41723,Website
UK-2026-103983,2026-05-03,West,Surat,Wireless Earbuds Pro,Electronics,1,2968,2968,CUST-47723,Marketplace
UK-2026-102818,2026-04-26,West,Pune,Noise-Cancelling Headphones,Electronics,1,8835,8835,CUST-49845,App
UK-2026-103663,2026-05-04,North,Gurugram,Eau de Parfum 100ml,Beauty,1,2038,2038,CUST-76790,Marketplace
UK-2026-104435,2026-06-02,East,Guwahati,Dinner Set 24pc,Home & Kitchen,2,2549,5098,CUST-11657,Marketplace
UK-2026-102569,2026-04-04,North,Chandigarh,Sunscreen SPF50,Beauty,3,571,1713,CUST-73580,Website
UK-2026-103517,2026-05-29,West,Mumbai,Power Bank 20000mAh,Electronics,1,1804,1804,CUST-27329,Marketplace
UK-2026-101240,2026-02-03,West,Ahmedabad,Ultrabook Air 14,Electronics,1,30365,30365,CUST-79002,Marketplace
UK-2026-104378,2026-06-06,South,Kochi,Football Size 5,Sports,1,910,910,CUST-90801,Website
UK-2026-104149,2026-06-10,East,Guwahati,Power Bank 20000mAh,Electronics,1,1739,1739,CUST-47784,App
UK-2026-102227,2026-03-19,South,Hyderabad,Slim Fit Jeans,Fashion,1,1544,1544,CUST-14576,Website
UK-2026-102231,2026-03-13,South,Chennai,Yoga Mat Pro,Sports,1,1211,1211,CUST-85174,Marketplace
UK-2026-103323,2026-05-16,North,Noida,Bluetooth Speaker Mini,Electronics,2,1479,"2,958.00",CUST-84459,Website
UK-2026-104410,2026-06-20,East,Kolkata,Dinner Set 24pc,Home & Kitchen,1,2390,2390,CUST-77404,Marketplace
UK-2026-104291,2026-06-03,South,Bengaluru,Cycling Helmet,Sports,3,1655,4965,CUST-70097,App
UK-2026-100283,2026-01-30,South,Chennai,Ultrabook Air 14,Electronics,1,29140,29140,CUST-26712,App
UK-2026-104327,2026-06-20,East,Patna,Dinner Set 24pc,Home & Kitchen,1,2621,2621,CUST-58065,Marketplace
UK-2026-101396,2026-02-04,West,Ahmedabad,Mixer Grinder 750W,Home & Kitchen,1,3402,3402,CUST-59175,App
UK-2026-103207,2026-05-04,West,Ahmedabad,Air Fryer 5L,Home & Kitchen,1,5640,5640,CUST-90287,App
UK-2026-102660,2026-04-04,North,Gurugram,Ionic Hair Dryer,Beauty,1,1863,1863,CUST-26579,App
UK-2026-102895,2026-04-20,South,Chennai,Robot Vacuum R7,Home & Kitchen,1,19002,19002,CUST-60795,App
UK-2026-102093,31-03-26,North,Noida,Beard Grooming Kit,Beauty,1,963,963,CUST-37673,App
UK-2026-104444,2026-06-26,North,Noida,Electric Kettle 1.5L,Home & Kitchen,1,1056,1056,CUST-29064,App
UK-2026-102815,2026-04-03,South,Hyderabad,Badminton Racket Set,Sports,1,2560,2560,CUST-28145,Marketplace
UK-2026-100736,2026-02-03,West,Pune,Vitamin C Serum,Beauty,4,698,2792,CUST-90713,Website
UK-2026-104720,2026-06-07,West,Bombay,Power Bank 20000mAh,Electronics,2,1784,3568,CUST-68901,Marketplace
UK-2026-104830,2026-06-13,East,Bhubaneswar,Non-Stick Cookware Set,Home & Kitchen,1,2992,2992,CUST-76678,Website
UK-2026-103886,2026-05-01,West,Ahmedabad,Noise-Cancelling Headphones,Electronics,1,8990,8990,CUST-26893,Marketplace
UK-2026-104753,2026-06-13,South,Bengaluru,Non-Stick Cookware Set,Home & Kitchen,1,2813,2813,CUST-33401,App
UK-2026-104424,2026-06-06,East,Bhubaneswar,Noise-Cancelling Headphones,Electronics,1,9251,9251,CUST-78705,Marketplace
UK-2026-104003,2026-05-06,Central,Indore,Silk Saree,Fashion,1,3338,3338,CUST-29839,App
UK-2026-103930,2026-05-15,North,Delhi,Yoga Mat Pro,Sports,2,1142,2284,CUST-80962,App
UK-2026-100582,2026-01-24,West,Surat,Non-Stick Cookware Set,Home & Kitchen,4,2923,11692,CUST-18404,App
UK-2026-104573,2026-06-02,North,Noida,Cricket Bat English Willow,Sports,1,8682,8682,CUST-60690,Website
UK-2026-100230,2026-01-16,West,Ahmedabad,Makeup Brush Set,Beauty,1,1331,1331,CUST-42047,Website
UK-2026-102346,2026-04-28,South,Bengaluru,Yoga Mat Pro,Sports,1,1225,1225,CUST-23959,Website
UK-2026-103903,2026-05-07,South,Kochi,Modern Wall Clock,Home & Kitchen,2,774,1548,CUST-70211,App
UK-2026-100414,2026-01-27,South,Hyderabad,Adjustable Dumbbells 15kg,Sports,1,4831,,CUST-54687,Website
UK-2026-101856,2026-03-01,South,Chennai,Running Sneakers,Fashion,1,2874,2874,CUST-69326,App
UK-2026-103347,2026-05-19,East,Bhubaneswar,Vitamin C Serum,Beauty,1,714,714,CUST-81050,Website
UK-2026-102963,2026-04-05,West,Mumbai,Electric Kettle 1.5L,Home & Kitchen,2,1102,2204,CUST-25969,Marketplace
UK-2026-102389,2026-04-30,Central,Bhopal,  Yoga Mat Pro,Sports,1,1144,1144,CUST-81662,Marketplace
UK-2026-101757,2026-03-27,North,Gurgaon,Denim Jacket,Fashion,1,2242,2242,CUST-53247,Website
UK-2026-104828,2026-06-20,South,Bengaluru,Robot Vacuum R7,Home & Kitchen,1,18407,18407,CUST-13801,Website
UK-2026-104306,2026-06-18,South,Kochi,Cotton Bedsheet Set,Home & Kitchen,1,1461,1461,CUST-41788,Marketplace
UK-2026-100547,2026-01-06,South,Chennai,Football Size 5,Sports,1,933,933,CUST-18884,App
UK-2026-100059,2026-01-25,East,Patna,Football Size 5,Sports,1,924,924,CUST-49154,App
UK-2026-103227,2026-05-20,South,Chennai,Ethnic Dupatta,Fashion,1,507,507,CUST-78465,Website
UK-2026-100104,2026-01-13,Central,Bhopal,Running Sneakers,Fashion,1,2899,2899,CUST-83294,App
UK-2026-104387,2026-06-21,South,Hyderabad,Robot Vacuum R7,Home & Kitchen,-1,19312,19312,CUST-97994,App
UK-2026-102012,2026-03-23,South,Kochi,Ionic Hair Dryer,Beauty,1,1852,1852,CUST-23787,Website
UK-2026-100797,2026-02-17,South,Bengaluru,Ultrabook Air 14,Electronics,2,31435,62870,CUST-27609,Website
UK-2026-102857,2026-04-18,South,Bengaluru,Beard Grooming Kit,Beauty,2,1004,2008,CUST-86597,Website
UK-2026-101626,2026-03-26,,Indore,Slim Fit Jeans,Fashion,1,1573,1573,CUST-46313,App
UK-2026-103118,"May 17, 2026",North,Gurugram,Dinner Set 24pc,Home & Kitchen,1,2483,2483,CUST-14430,App
UK-2026-103430,2026-05-18,North,Delhi,Cotton Bedsheet Set,Home & Kitchen,1,1436,1436,CUST-59806,App
UK-2026-101140,2026-02-02,West,Ahmedabad,Sunscreen SPF50,Beauty,2,539,1078,CUST-96914,Website
UK-2026-103308,2026-05-11,East,Guwahati,Mixer Grinder 750W,Home & Kitchen,2,3243,6486,CUST-65098,App
UK-2026-100008,2026-01-07,Central,Raipur,Running Sneakers,Fashion,1,2698,2698,CUST-32022,Website
UK-2026-101593,2026-03-14,North,Gurugram,Mixer Grinder 750W,Home & Kitchen,2,3190,6380,CUST-63493,Marketplace
UK-2026-101193,2026-02-20,West,Mumbai,Matte Lipstick Set,Beauty,1,919,919,CUST-68908,Website
UK-2026-104300,2026-06-20,North,Chandigarh,Ultrabook Air 14,Electronics,2,30507,61014 INR,CUST-13570,Marketplace
UK-2026-102354,2026-04-02,Central,Raipur,Face Wash Combo,Beauty,1,450,450,CUST-48709,App
UK-2026-103537,2026-05-31,East,Kolkata,Beard Grooming Kit,Beauty,1,975,975,CUST-70399,App
UK-2026-100906,2026-02-09,South,Kochi,Ultrabook Air 14,Electronics,1,28710,28710,CUST-73580,Marketplace
UK-2026-103107,2026-05-14,North,Delhi,Eau de Parfum 100ml,Beauty,1,1942,1942,CUST-42271,App
UK-2026-101533,2026-03-12,West,Surat,Silk Saree,Fashion,3,3357,10071,CUST-79076,App
UK-2026-104514,2026-06-22,West,Mumbai,43-inch Smart TV,Electronics,1,25358,25358,CUST-13804,App
UK-2026-101910,2026-03-30,South,Hyderabad,Matte Lipstick Set,Beauty,1,898,,CUST-46229,App
UK-2026-104512,2026-06-26,Central,Bhopal,Mirrorless Camera Lite,Electronics,1,27650,27650,CUST-53827,App
UK-2026-103234,2026-05-31,,Chennai,Denim Jacket,Fashion,1,2303,2303,CUST-78766,App
UK-2026-100746,2026-02-24,East,Guwahati,Slim Fit Jeans,Fashion,1,1556,1556,CUST-58790,App
UK-2026-103208,2026-05-07,East,Bhubaneswar,Makeup Brush Set,Beauty,1,1246,1246,CUST-76055,App
UK-2026-100666,2026-01-23,West,Ahmedabad,Sunscreen SPF50,Beauty,1,524,524,CUST-28819,App
UK-2026-104007,2026-05-26,North,Delhi,43-inch Smart TV,Electronics,1,26590,26590,CUST-69932,Website
UK-2026-101492,2026-03-25,West,Ahmedabad,Power Bank 20000mAh,Electronics,1,1807,1807 INR,CUST-70509,App
UK-2026-102251,2026-04-09,South,Hyderabad,Air Fryer 5L,Home & Kitchen,1,5771,5771,CUST-54232,App
UK-2026-100492,2026-01-14,North,Chandigarh,Sunscreen SPF50,Beauty,2,545,1090,CUST-91733,App
UK-2026-101879,2026-03-15,North,Gurugram,Smart Watch X2,Electronics,2,4476,8952,CUST-95181,Marketplace
UK-2026-102518,2026-04-06,North,Gurugram,Mixer Grinder 750W,Home & Kitchen,1,3181,3181,CUST-71140,Website
UK-2026-102885,2026-04-05,South,Kochi,Electric Kettle 1.5L,Home & Kitchen,4,1112,4448,CUST-50304,Marketplace
UK-2026-102377,2026-04-10,West,Mumbai,Wireless Earbuds Pro,Electronics,1,2980,2980,CUST-92996,Website
UK-2026-100741,2026-02-22,South,Hyderabad,Makeup Brush Set,Beauty,1,1332,1332,CUST-29876,App
UK-2026-104223,2026-06-12,South,Bengaluru,Mirrorless Camera Lite,Electronics,1,30311,30311,CUST-59974,Website
UK-2026-102834,2026-04-28,West,Pune,Bluetooth Speaker Mini,Electronics,1,1494,1494,CUST-34985,Website
UK-2026-100372,2026-01-05,South,Bengaluru,Badminton Racket Set,Sports,1,2428,2428,CUST-87186,Marketplace
UK-2026-103730,2026-05-27,North,Noida,Non-Stick Cookware Set,Home & Kitchen,1,3000,3000,CUST-45244,App
UK-2026-103359,2026-05-28,,Hyderabad,Cotton Kurta Set,Fashion,2,1248,2496,CUST-73390,App
UK-2026-102865,2026-04-27,East,Patna,Adjustable Dumbbells 15kg,Sports,2,4893,9786,CUST-22043,Website
UK-2026-101270,2026-02-20,Central,Raipur,Bluetooth Speaker Mini,Electronics,2,1525,3050,CUST-65798,Marketplace
UK-2026-101771,2026-03-10,South,Kochi,Electric Kettle 1.5L,Home & Kitchen,1,1066,1066,CUST-19469,Website
UK-2026-101889,2026-03-13,South,Hyderabad,Modern Wall Clock,Home & Kitchen,1,776,776,CUST-75475,App
UK-2026-100668,2026-01-29,South,Hyderabad,43-inch Smart TV,Electronics,1,27195,27195,CUST-35532,Website
UK-2026-102429,2026-04-14,East,Guwahati,Badminton Racket Set,Sports,1,2528,2528,CUST-85788,App
UK-2026-101389,2026-02-01,West,Mumbai,Cotton Kurta Set,Fashion,1,1326,1326,CUST-45475,App
UK-2026-102344,2026-04-17,West,Ahmedabad,Football Size 5,Sports,1,902,902,CUST-33052,Website
UK-2026-101214,2026-02-09,North,Delhi,Denim Jacket,Fashion,1,2127,2127,CUST-69024,Website
UK-2026-102528,2026-04-11,West,Mumbai,Cotton Bedsheet Set,Home & Kitchen,1,1411,1411,CUST-36231,Website
UK-2026-104771,2026-06-16,North,Delhi,Modern Wall Clock,Home & Kitchen,1,782,782,CUST-58714,Marketplace
UK-2026-101453,2026-03-12,North,Delhi,Ultrabook Air 14,Electronics,1,30830,30830,CUST-90811,App
UK-2026-104718,2026-06-03,West,Ahmedabad,Makeup Brush Set,Beauty,2,1306,2612,CUST-80884,Marketplace
UK-2026-104980,2026-06-21,East,Kolkata,Mirrorless Camera Lite,Electronics,2,28703,57406,CUST-50413,App
UK-2026-102886,2026-04-05,North,Gurugram,Wireless Earbuds Pro,Electronics,1,2865,2865,CUST-93558,Marketplace
UK-2026-103909,2026-05-19,South,Bengaluru,modern wall clock,Home & Kitchen,2,797,1594,CUST-30925,Website
UK-2026-102428,2026-04-29,South,Chennai,Mixer Grinder 750W,Home & Kitchen,2,3140,6280,CUST-94238,App
UK-2026-103791,2026-05-06,South,Bengaluru,Bluetooth Speaker Mini,Electronics,1,1460,1460,CUST-90627,Website
UK-2026-101920,2026-03-27,North,Noida,Power Bank 20000mAh,Electronics,1,1829,1829,CUST-74418,App
UK-2026-104625,2026-06-29,,Kolkata,Leather Wallet,Fashion,3,872,2616,CUST-90951,App
UK-2026-103600,2026-05-30,Central,Nagpur,Dinner Set 24pc,Home & Kitchen,2,2508,5016,CUST-58721,Website
UK-2026-103768,2026-05-01,South,Chennai,Smart Watch X2,Electronics,1,4390,4390,CUST-39362,App
UK-2026-103040,2026-04-26,West,Ahmedabad,Cricket Bat English Willow,Sports,1,8991,8991,CUST-61588,Website
UK-2026-103738,2026-05-27,West,Surat,Wireless Earbuds Pro,Electronics,1,2957,2957,CUST-58650,Marketplace
UK-2026-103720,2026-05-31,West,Pune,Eau de Parfum 100ml,Beauty,1,2073,2073,CUST-85914,Website
UK-2026-102918,2026-04-30,South,Bengaluru,Wireless Earbuds Pro,Electronics,1,3034,3034,CUST-99879,App
UK-2026-104642,2026-06-26,North,Noida,Electric Kettle 1.5L,Home & Kitchen,2,1092,2184,CUST-13857,App
UK-2026-100984,2026-02-11,West,Surat,Denim Jacket,Fashion,2,2186,4372,CUST-49044,App
UK-2026-100121,2026-01-26,West,Ahmedabad,Wireless Earbuds Pro,Electronics,1,3053,3053,CUST-18893,Website
UK-2026-100754,2026-02-02,East,Kolkata,Smart Watch X2,Electronics,2,4569,9138,CUST-31535,App
UK-2026-100497,21-01-26,South,Hyderabad,Silk Saree,Fashion,2,3516,7032,CUST-34108,Website
UK-2026-100293,2026-01-06,West,Mumbai,Air Fryer 5L,Home & Kitchen,3,5412,16236,CUST-80474,Marketplace
UK-2026-102100,2026-03-20,South,Chennai,Face Wash Combo,Beauty,2,457,914,CUST-82242,App
UK-2026-100187,2026-01-01,,Hyderabad,Wireless Earbuds Pro,Electronics,1,2886,2886,CUST-32620,Website
UK-2026-102416,2026-04-28,North,Chandigarh,Ionic Hair Dryer,Beauty,1,1958,1958,CUST-74620,Marketplace
UK-2026-102612,2026-04-18,South,Chennai   ,Running Sneakers,Fashion,2,2879,5758,CUST-68369,Website
UK-2026-100022,2026-01-14,North,Gurugram,Ethnic Dupatta,Fashion,1,494,494,CUST-24693,App
UK-2026-103593,2026-05-17,West,Pune,Makeup Brush Set,Beauty,2,1245,2490,CUST-37359,App
UK-2026-102239,2026-03-09,West,Mumbai,Noise-Cancelling Headphones,Electronics,1,9118,9118,CUST-30305,Website
UK-2026-104836,2026-06-09,Central,Indore,Wireless Earbuds Pro,Electronics,1,2904,2904,CUST-51120,App
UK-2026-102157,2026-03-08,Central,Bhopal,Mirrorless Camera Lite,Electronics,,28667,28667,CUST-75253,Marketplace
UK-2026-102224,15/03/2026,East,Patna,Electric Kettle 1.5L,Home & Kitchen,1,1081,1081,CUST-17468,App
UK-2026-104940,2026-06-16,South,Bangalore,Robot Vacuum R7,Home & Kitchen,1,19094,19094,CUST-60910,Website
UK-2026-104855,2026-06-27,South,Chennai,Slim Fit Jeans,Fashion,1,1585,1585,CUST-54523,Website
UK-2026-104269,2026-06-01,East,Patna,Noise-Cancelling Headphones,Electronics,1,8813,,CUST-19346,Marketplace
UK-2026-101170,2026-02-17,West,Mumbai,Smart Watch X2,Electronics,1,4456,4456,CUST-94528,Marketplace
UK-2026-103421,2026-05-28,West,Pune,Foldable Treadmill T2,Sports,,26007,52014,CUST-77082,Marketplace
UK-2026-103345,2026-05-01,Central,Raipur,Vitamin C Serum,Beauty,1,709,709,CUST-52881,App
UK-2026-102317,2026-04-03,Central,Raipur,Foldable Treadmill T2,Sports,1,25372,25372,CUST-30364,Website
UK-2026-103063,2026-04-09,Central,Bhopal,Formal Shirt,Fashion,1,1112,1112,CUST-27942,App
UK-2026-102186,2026-03-16,South,Chennai,Dinner Set 24pc,Home & Kitchen,1,2497,2497,CUST-55136,Website
UK-2026-100274,2026-01-24,West,Ahmedabad,Non-Stick Cookware Set,Home & Kitchen,2,2767,5534,CUST-14159,Website
UK-2026-103731,2026-05-21,Central,Bhopal,Wireless Earbuds Pro,Electronics,1,2872,2872,CUST-51672,Website
UK-2026-104430,2026-06-03,South,Hyderabad,Modern Wall Clock,Home & Kitchen,1,799,799,CUST-64595,Website
UK-2026-100161,2026-01-27,North,Delhi,Air Fryer 5L,Home & Kitchen,1,5644,5644,CUST-75121,App
UK-2026-100485,2026-01-03,East,Bhubaneswar,Bluetooth Speaker Mini,Electronics,1,1489,1489,CUST-52890,Website
UK-2026-103599,2026-05-29,West,Ahmedabad,Wireless Earbuds Pro,Electronics,1,3066,3066,CUST-50951,App
UK-2026-101871,2026-03-04,West,Pune,Mirrorless Camera Lite,Electronics,1,29350,29350,CUST-33401,App
UK-2026-104861,2026-06-21,South,Hyderabad,Face Wash Combo,Beauty,2,457,914,CUST-17869,App
UK-2026-101208,2026-02-24,North,Gurugram,Eau de Parfum 100ml,Beauty,1,1912,1912,CUST-85903,App
UK-2026-101295,2026-02-18,North,Noida,Modern Wall Clock,Home & Kitchen,4,806,3224,CUST-66496,Marketplace
UK-2026-104073,2026-06-27,,Kochi,Badminton Racket Set,Sports,1,2619,2619,CUST-92996,App
UK-2026-100671,2026-01-05,South,Chennai,Ultrabook Air 14,Electronics,1,30342,30342,CUST-44046,Marketplace
UK-2026-100247,2026-01-06,North,Chandigarh,Non-Stick Cookware Set,Home & Kitchen,1,2815,2815,CUST-25715,Website
UK-2026-100898,2026-02-05,West,Mumbai,Beard Grooming Kit,Beauty,2,1019,2038,CUST-74693,Website
UK-2026-102275,2026-04-16,South,Bengaluru,Noise-Cancelling Headphones,Electronics,2,9070,18140,CUST-46154,App
UK-2026-104713,2026-06-15,South,Kochi,Ultrabook Air 14,Electronics,1,31463,31463,CUST-30800,Marketplace
UK-2026-102932,2026-04-15,South,Bengaluru,Yoga Mat Pro,Sports,1,1175,1175,CUST-32477,Website
UK-2026-102010,2026-03-10,South,Hyderabad,Cotton Bedsheet Set,Home & Kitchen,1,1409,1409,CUST-72369,App
UK-2026-101899,2026-03-19,North,Noida,Badminton Racket Set,Sports,1,2567,2567,CUST-10627,App
UK-2026-100546,2026-01-07,North,Noida,Cotton Bedsheet Set,Home & Kitchen,1,1464,1464,CUST-32650,App
UK-2026-100745,2026-02-12,West,Pune,Slim Fit Jeans,Fashion,1,1588,1588,CUST-31757,Website
UK-2026-103424,2026-05-06,North,Noida,Cotton Bedsheet Set,Home & Kitchen,2,1401,2802,CUST-97006,Marketplace
UK-2026-104100,2026-06-16,North,Delhi,Air Fryer 5L,Home & Kitchen,1,5725,5725,CUST-58497,App
UK-2026-101075,2026-02-07,East,Bhubaneswar,Power Bank 20000mAh,Electronics,3,1877,5631,CUST-24120,Website
UK-2026-104590,2026-06-15,East,Patna,Wireless Earbuds Pro,Electronics,1,2928,2928,CUST-16124,Marketplace
UK-2026-104797,2026-06-06,South,Kochi,Power Bank 20000mAh,Electronics,2,1865,3730,CUST-83936,Marketplace
UK-2026-100848,2026-02-17,North,Gurugram,Slim Fit Jeans,Fashion,1,1597,1597,CUST-90094,Website
UK-2026-100595,2026-01-20,,Kolkata,Formal Shirt,Fashion,1,1051,1051,CUST-23058,App
UK-2026-102023,2026-03-10,North,Gurugram,Denim Jacket,Fashion,1,2111,2111,CUST-68954,Website
UK-2026-100952,2026-02-12,West,Pune,Bluetooth Speaker Mini,Electronics,2,1537,3074,CUST-74562,Marketplace
UK-2026-100498,2026-01-15,North,Chandigarh,Denim Jacket,Fashion,1,2180,"₹2,180",CUST-35740,Marketplace
UK-2026-104630,2026-06-16,North,Noida,Vitamin C Serum,Beauty,3,665,1995,CUST-58364,App
UK-2026-103823,2026-05-30,Central,Raipur,Cotton Kurta Set,Fashion,3,1346,4038,CUST-30482,Website
UK-2026-100151,2026-01-22,West,Mumbai,Dinner Set 24pc,Home & Kitchen,1,2442,"2,442.00",CUST-13806,Website
UK-2026-101012,2026-02-07,West,Pune,Formal Shirt,Fashion,2,1062,2124,CUST-25104,App
UK-2026-103637,2026-05-28,North,Delhi,Foldable Treadmill T2,Sports,3,26151,"₹78,453",CUST-98158,Website
UK-2026-100873,2026-02-27,North,Chandigarh,Ethnic Dupatta,Fashion,1,520,520,CUST-19863,Marketplace
UK-2026-101812,2026-03-23,South,Hyderabad,Mixer Grinder 750W,Home & Kitchen,1,3265,3265,CUST-43328,Website
UK-2026-103453,"May 14, 2026",Central,Indore,Robot Vacuum R7,Home & Kitchen,1,19897,19897,CUST-18939,App
UK-2026-102603,2026-04-25,West,Pune,Robot Vacuum R7,Home & Kitchen,1,18256,18256,CUST-90699,Marketplace
UK-2026-101818,2026-03-15,North,Gurugram,Ethnic Dupatta,Fashion,1,510,510,CUST-76770,Website
UK-2026-100113,2026-01-22,South,Chennai,Badminton Racket Set,Sports,1,2387,2387,CUST-81662,Website
UK-2026-100514,2026-01-12,West,Pune,Ionic Hair Dryer,Beauty,2,1949,3898,CUST-63404,Website
UK-2026-100277,2026-01-30,Central,Indore,Air Fryer 5L,Home & Kitchen,2,5756,11512,CUST-85174,App
UK-2026-102920,2026-04-01,Central,Bhopal,Leather Wallet,Fashion,1,891,891,CUST-28870,App
UK-2026-104657,2026-06-14,West,Pune,Power Bank 20000mAh,Electronics,1,1719,1719,CUST-25870,Website
UK-2026-104949,2026-06-05,West,Pune,Football Size 5,Sports,3,922,2766,CUST-73405,Marketplace
UK-2026-100463,2026-01-03,Central,Indore,Electric Kettle 1.5L,Home & Kitchen,2,1130,2260,CUST-92627,Website
UK-2026-101211,2026-02-11,North,Gurugram,Foldable Treadmill T2,Sports,1,26212,26212,CUST-41570,Website
UK-2026-101366,2026-02-16,West,Ahmedabad,Ionic Hair Dryer,Beauty,1,1974,1974,CUST-86452,Website
UK-2026-104379,2026-06-02,Central,Nagpur,Ultrabook Air 14,Electronics,2,29680,59360,CUST-88408,App
UK-2026-102501,2026-04-15,South,Bengaluru,Cricket Bat English Willow,Sports,1,8937,8937,CUST-93849,App
UK-2026-103334,2026-05-18,South,Kochi,Badminton Racket Set,Sports,1,2608,2608,CUST-92045,Website
UK-2026-102245,2026-04-26,South,Kochi,Formal Shirt,Fashion,2,1098,2196,CUST-52228,Website
UK-2026-101820,2026-03-03,North,Noida,Cotton Bedsheet Set,Home & Kitchen,2,1355,2710,CUST-26579,App
UK-2026-101935,2026-03-02,East,Kolkata,Formal Shirt,Fashion,2,1090,2180,CUST-50244,App
UK-2026-100046,2026-01-02,West,Surat,Ultrabook Air 14,Electronics,2,30847,61694,CUST-50125,App
UK-2026-103793,2026-05-05,North,Gurugram,Power Bank 20000mAh,Electronics,1,1845,1845,CUST-44686,App
UK-2026-101115,2026-02-11,West,Ahmedabad,Robot Vacuum R7,Home & Kitchen,-2,18218,18218,CUST-14415,Website
UK-2026-103784,2026-05-02,South,Kochi,Ultrabook Air 14,Electronics,1,28645,28645,CUST-90699,App
UK-2026-100778,2026-02-06,West,Surat,Dinner Set 24pc,Home & Kitchen,1,2588,2588,CUST-21160,Marketplace
UK-2026-104920,2026-06-15,South,Hyderabad,Yoga Mat Pro,Sports,2,1145,2290,CUST-35913,Marketplace
UK-2026-101156,2026-02-27,North,Gurugram,Bluetooth Speaker Mini,Electronics,2,1510,3020,CUST-96973,App
UK-2026-102972,2026-04-27,North,Delhi,Vitamin C Serum,Beauty,1,717,717,CUST-43328,App
UK-2026-100231,2026-01-18,West,Surat,Cotton Kurta Set,Fashion,1,1265,1265,CUST-18201,Website
UK-2026-102005,2026-03-22,East,Bhubaneswar,Makeup Brush Set,Beauty,1,1343,1343,CUST-90673,Website
UK-2026-100859,2026-02-23,Central,Bhopal,Noise-Cancelling Headphones,Electronics,2,9061,18122,CUST-65337,App
UK-2026-103123,2026-05-27,North,Delhi,Makeup Brush Set,Beauty,1,1277,1277,CUST-76437,App
UK-2026-100342,2026-01-28,West,Mumbai,Cricket Bat English Willow,Sports,1,9322,9322,CUST-68712,App
UK-2026-104895,2026-06-24,East,Bhubaneswar,Denim Jacket,Fashion,1,2287,2287,CUST-48009,Website
UK-2026-104930,2026-06-11,West,Surat,Cycling Helmet,Sports,1,1585,1585,CUST-55576,App
UK-2026-100266,2026-01-03,North,Gurugram,Leather Wallet,Fashion,2,916,1832,CUST-53616,Website
UK-2026-102727,2026-04-20,East,Guwahati,Running Sneakers,Fashion,1,2916,2916,CUST-92119,App
UK-2026-102299,2026-04-24,Central,  Raipur,Makeup Brush Set,Beauty,1,1297,1297,CUST-58179,App
UK-2026-102879,2026-04-11,North,Noida,Modern Wall Clock,Home & Kitchen,1,777,777,CUST-37411,Website
UK-2026-103719,2026-05-04,West,Mumbai,Running Sneakers,Fashion,2,2837,5674,CUST-13039,App
UK-2026-104168,2026-06-27,West,Surat,Leather Wallet,Fashion,3,870,2610,CUST-96632,App
UK-2026-104428,2026-06-23,Central,Bhopal,Ultrabook Air 14,Electronics,2,28777,57554,CUST-79336,App
UK-2026-101299,2026-02-13,North,Delhi,Gym Gloves,Sports,3,480,1440,CUST-19633,Website
UK-2026-100082,2026-01-21,East,Patna,Smart Watch X2,Electronics,1,4712,4712,CUST-98655,Marketplace
UK-2026-103404,2026-05-20,East,Bhubaneswar,Ultrabook Air 14,Electronics,2,29424,58848,CUST-53616,Marketplace
UK-2026-102063,2026-03-04,South,Bengaluru,Ultrabook Air 14,Electronics,2,29114,58228,CUST-21994,Marketplace
UK-2026-104123,2026-06-30,South,Hyderabad,Silk Saree,Fashion,3,3629,10887,CUST-76424,Website
UK-2026-100062,2026-01-24,Central,Raipur,Yoga Mat Pro,Sports,3,1151,3453,CUST-77483,Website
UK-2026-102128,2026-03-26,West,Ahmedabad,Face Wash Combo,Beauty,1,456,456,CUST-73872,Website
UK-2026-103068,2026-04-20,West,Mumbai,Yoga Mat Pro,Sports,1,1169,1169,CUST-30453,Website
UK-2026-102415,2026-04-13,North,Chandigarh,Electric Kettle 1.5L,Home & Kitchen,2,1086,2172,CUST-31757,App
UK-2026-104028,2026-06-26,South,Chennai,Ultrabook Air 14,Electronics,2,30645,61290,CUST-32249,Website
UK-2026-104080,2026-06-28,West,Pune,Yoga Mat Pro,Sports,2,1220,2440,CUST-36088,App
UK-2026-103871,2026-05-21,South,Bengaluru,Dinner Set 24pc,Home & Kitchen,1,2596,2596,CUST-69284,App
UK-2026-100437,13/01/2026,South,Kochi,Ethnic Dupatta,Fashion,1,514,514,CUST-98888,App
UK-2026-102051,2026-03-13,South,Kochi,Slim Fit Jeans,Fashion,1,1567,1567,CUST-96556,App
UK-2026-103175,2026-05-10,South,Madras,Foldable Treadmill T2,Sports,1,25433,25433,CUST-19703,App
UK-2026-102845,2026-04-26,East,Guwahati,Leather Wallet,Fashion,1,926,926,CUST-78777,App
UK-2026-104998,2026-06-04,South,Hyderabad,Cotton Kurta Set,Fashion,4,1323,5292,CUST-80449,App
UK-2026-100471,2026-01-13,South,Hyderabad,Air Fryer 5L,Home & Kitchen,1,5522,5522,CUST-69424,Marketplace
UK-2026-103044,2026-04-03,West,Mumbai,Power Bank 20000mAh,Electronics,1,1796,1796,CUST-31338,Marketplace
UK-2026-102076,2026-03-03,North,Noida,Running Sneakers,Fashion,1,2902,2902,CUST-92449,App
UK-2026-102636,2026-04-20,Central,Bhopal,Leather Wallet,Fashion,1,931,931,CUST-68360,App
UK-2026-102652,2026-04-06,North,Noida,Vitamin C Serum,Beauty,3,681,"2,043.00",CUST-15821,Marketplace
UK-2026-103884,2026-05-12,Central,Bhopal,Cotton Kurta Set,Fashion,1,1236,1236,CUST-48680,Website
UK-2026-104491,2026-06-03,South,Bengaluru,Face Wash Combo,Beauty,1,465,465,CUST-34999,App
UK-2026-102556,2026-04-08,North,Delhi,Denim Jacket,Fashion,1,2175,2175,CUST-20378,Website
UK-2026-102176,2026-03-20,North,New Delhi,Bluetooth Speaker Mini,Electronics,1,1469,1469,CUST-81920,Website
UK-2026-100278,2026-01-08,North,Delhi,Running Sneakers,Fashion,1,2687,2687,CUST-93016,Website
UK-2026-104179,2026-06-18,North,Chandigarh,Running Sneakers,Fashion,1,2732,2732,CUST-94942,Marketplace
UK-2026-100558,2026-01-22,North,Delhi,Modern Wall Clock,Home & Kitchen,2,800,1600,CUST-95851,App
UK-2026-101950,2026-03-04,West,Mumbai,Non-Stick Cookware Set,Home & Kitchen,1,2873,2873,CUST-38319,Marketplace
UK-2026-102350,23-04-26,South,Hyderabad,Leather Wallet,Fashion,4,920,3680,CUST-41788,Website
UK-2026-101125,2026-02-01,North,Gurugram,Leather Wallet,Fashion,2,880,1760,CUST-80834,App
UK-2026-103874,2026-05-10,West,Ahmedabad,Ionic Hair Dryer,Beauty,3,1839,5517,CUST-57256,App
UK-2026-100790,2026-02-04,East,Bhubaneswar,Vitamin C Serum,Beauty,2,673,1346,CUST-26141,App
UK-2026-104497,2026-06-06,Central,Nagpur,Wireless Earbuds Pro,Electronics,2,3101,6202,CUST-79451,Marketplace
UK-2026-102465,2026-04-24,West,Pune,Modern Wall Clock,Home & Kitchen,1,821,821,CUST-44169,Marketplace
UK-2026-102291,2026-04-18,West,Pune,Face Wash Combo,Beauty,1,445,445,CUST-90673,Website
UK-2026-101057,2026-02-03,North,Noida,Running Sneakers,Fashion,2,2862,"5,724.00",CUST-18170,App
UK-2026-102887,2026-04-04,South,Kochi,Slim Fit Jeans,Fashion,2,1531,3062,CUST-84647,App
UK-2026-101192,2026-02-28,North,Chandigarh,Gym Gloves,Sports,1,492,492 INR,CUST-85903,Website
UK-2026-103385,2026-05-16,Central,Bhopal,Cotton Bedsheet Set,Home & Kitchen,1,1415,1415,CUST-64440,Website
UK-2026-103550,2026-05-31,North,Noida,Cotton Kurta Set,Fashion,2,1264,2528,CUST-33124,Website
UK-2026-102015,2026-03-13,North,Noida,Eau de Parfum 100ml,Beauty,2,1928,3856,CUST-39825,App
UK-2026-103367,2026-05-18,West,Mumbai,Power Bank 20000mAh,Electronics,2,1740,3480,CUST-31467,Marketplace
UK-2026-100216,2026-01-03,Central,Raipur,Silk Saree,Fashion,1,3548,3548,CUST-87995,Website
UK-2026-103973,2026-05-03,North,Gurugram,Non-Stick Cookware Set,Home & Kitchen,1,2862,2862,CUST-44109,App
UK-2026-100031,2026-01-24,North,Noida,Wireless Earbuds Pro,Electronics,1,3105,3105,CUST-21583,Website
UK-2026-104817,2026-06-21,West,Mumbai,Face Wash Combo,Beauty,1,464,464,CUST-50230,App
UK-2026-102994,2026-04-06,,Pune,Power Bank 20000mAh,Electronics,1,1803,1803,CUST-44301,App
UK-2026-101160,2026-02-14,South,Madras,Cricket Bat English Willow,Sports,1,8841,8841,CUST-31130,App
UK-2026-102843,2026-04-03,South,Chennai,Gym Gloves,Sports,1,492,492,CUST-41618,App
UK-2026-103606,2026-05-19,South,Chennai,Wireless Earbuds Pro,Electronics,1,2938,2938,CUST-14066,Marketplace
UK-2026-101637,2026-03-03,North,Delhi,Silk Saree,Fashion,1,3488,3488,CUST-18536,App
UK-2026-101740,2026-03-10,North,Chandigarh,Slim Fit Jeans,Fashion,3,1661,4983,CUST-25155,Marketplace
UK-2026-102353,2026-04-03,East,Kolkata,Bluetooth Speaker Mini,Electronics,1,1568,1568,CUST-37095,App
UK-2026-102833,2026-04-23,West,Pune,Running Sneakers,Fashion,2,2808,5616,CUST-75799,App
UK-2026-103088,2026-04-20,South,Kochi,Bluetooth Speaker Mini,Electronics,1,1434,1434,CUST-86597,Marketplace
UK-2026-102652,2026-04-06,North,Noida,Vitamin C Serum,Beauty,3,681,"2,043.00",CUST-15821,Marketplace
UK-2026-100097,2026-01-04,Central,Bhopal,Adjustable Dumbbells 15kg,Sports,0,5192,5192,CUST-25969,Marketplace
UK-2026-103062,2026-04-26,East,Kolkata,Smart Watch X2,Electronics,1,4721,4721,CUST-77706,Marketplace
UK-2026-104954,2026-06-18,North,Gurugram,Matte Lipstick Set,Beauty,2,862,1724,CUST-24133,App
UK-2026-104541,2026-06-07,West,Ahmedabad,43-inch Smart TV,Electronics,4,24874,99496,CUST-28819,Marketplace
UK-2026-101031,2026-02-27,South,Kochi,Denim Jacket,Fashion,1,2167,2167,CUST-44588,Website
UK-2026-104004,2026-05-25,South,Bengaluru,Badminton Racket Set,Sports,1,2504,2504,CUST-70399,App
UK-2026-103485,2026-05-02,South,Hyderabad,Ethnic Dupatta,Fashion,1,523,523,CUST-20382,Website
UK-2026-100377,2026-01-18,South,Chennai,Noise-Cancelling Headphones,Electronics,1,9399,9399,CUST-71475,App
UK-2026-100418,2026-01-15,West,Mumbai,Mixer Grinder 750W,Home & Kitchen,1,3332,3332,CUST-53029,Website
UK-2026-100381,2026-01-22,North,Noida,43-inch Smart TV,Electronics,2,27005,54010,CUST-12991,App
UK-2026-104791,2026-06-27,North,Gurugram,Wireless Earbuds Pro,Electronics,1,3076,3076,CUST-18438,App
UK-2026-104098,2026-06-08,North,Chandigarh,Power Bank 20000mAh,Electronics,2,1749,3498,CUST-13840,Marketplace
UK-2026-103824,2026-05-13,West,Ahmedabad,43-inch Smart TV,Electronics,1,26980,26980,CUST-51879,Website
UK-2026-104729,2026-06-11,South,Kochi,Electric Kettle 1.5L,Home & Kitchen,1,1063,1063,CUST-24147,App
UK-2026-103543,2026-05-25,East,Patna,Cotton Kurta Set,Fashion,3,1299,3897,CUST-96926,Website
UK-2026-102836,2026-04-14,North,Gurugram,Makeup Brush Set,Beauty,1,1303,1303,CUST-13986,App
UK-2026-103027,2026-04-25,South,Bengaluru,Modern Wall Clock,Home & Kitchen,1,786,786,CUST-86452,Marketplace
UK-2026-101398,2026-02-26,South,Hyderabad,Air Fryer 5L,Home & Kitchen,1,5690,5690 INR,CUST-23427,App
UK-2026-102839,2026-04-29,North,Chandigarh,Dinner Set 24pc,Home & Kitchen,1,2567,2567,CUST-49154,App
UK-2026-102955,2026-04-21,North,Chandigarh,Leather Wallet,Fashion,1,917,917,CUST-26884,Website
UK-2026-100968,2026-02-27,Central,Nagpur,Smart Watch X2,Electronics,2,4441,8882,CUST-97209,Marketplace
UK-2026-100218,2026-01-29,Central,Raipur,Slim Fit Jeans,Fashion,2,1519,3038,CUST-32022,App
UK-2026-103125,2026-05-17,North,Chandigarh,Mixer Grinder 750W,Home & Kitchen,1,3236,3236,CUST-88889,Website
UK-2026-100886,2026-02-08,South,Chennai,Matte Lipstick Set,Beauty,1,900,900,CUST-77830,App
UK-2026-103119,16-05-26,North,Noida,Power Bank 20000mAh,Electronics,1,1729,1729,CUST-22434,Marketplace
UK-2026-100573,2026-01-26,North,Noida,Denim Jacket,Fashion,1,2305,2305,CUST-44109,Website
UK-2026-104481,2026-06-10,Central,Indore,Running Sneakers,Fashion,2,2752,5504,CUST-83936,Website
UK-2026-104401,2026-06-09,East,Bhubaneswar,Noise-Cancelling Headphones,Electronics,2,9151,,CUST-92315,App
UK-2026-102892,2026-04-24,South,Bengaluru,Leather Wallet,Fashion,1,938,938,CUST-31467,App
UK-2026-102598,2026-04-16,South,Kochi,Ionic Hair Dryer,Beauty,1,1971,1971,CUST-28145,Website
UK-2026-104534,2026-06-26,West,Mumbai,Adjustable Dumbbells 15kg,Sports,4,4752,19008,CUST-32982,App
UK-2026-104350,2026-06-30,East,Guwahati,Running Sneakers,Fashion,1,2883,2883,CUST-17111,Website
UK-2026-102349,2026-04-10,North,Gurugram,Adjustable Dumbbells 15kg,Sports,1,4824,4824,CUST-90287,App
UK-2026-104901,2026-06-10,,Patna,Formal Shirt,Fashion,1,1108,1108,CUST-50304,App
UK-2026-101416,2026-02-08,North,Noida,Ultrabook Air 14,Electronics,0,28687,28687,CUST-83591,App
UK-2026-102027,2026-03-05,South,Bengaluru,Silk Saree,Fashion,1,3334,3334,CUST-23577,App
UK-2026-102672,2026-04-28,Central,Indore,Dinner Set 24pc,Home & Kitchen,2,2509,5018,CUST-36744,Website
UK-2026-102508,2026-04-06,South,Kochi,Denim Jacket,Fashion,1,2277,2277,CUST-51208,App
UK-2026-102210,2026-03-06,West,Ahmedabad,Smart Watch X2,Electronics,-1,4579,18316,CUST-53083,Marketplace
UK-2026-103412,04-05-26,South,Chennai,Formal Shirt,Fashion,3,1057,3171,CUST-18969,App
UK-2026-101667,2026-03-13,North,Chandigarh,Non-Stick Cookware Set,Home & Kitchen,1,2853,2853,CUST-44952,Website
UK-2026-101019,2026-02-15,Central,Indore,Noise-Cancelling Headphones,Electronics,1,8571,8571,CUST-57571,Website
UK-2026-103714,2026-05-10,South,Kochi,Ethnic Dupatta,Fashion,2,504,1008,CUST-97994,Website
UK-2026-100946,2026-02-15,South,Hyderabad,Foldable Treadmill T2,Sports,1,23948,23948,CUST-39373,App
UK-2026-102161,2026-03-10,South,Bengaluru,Slim Fit Jeans,Fashion,1,1665,1665,CUST-37133,App
UK-2026-102011,2026-03-05,South,Chennai,Wireless Earbuds Pro,Electronics,1,3126,3126,CUST-77387,Marketplace
UK-2026-100295,2026-01-28,West,Surat,43-inch Smart TV,Electronics,1,24893,24893,CUST-17436,Website
UK-2026-103286,2026-05-11,West,Pune,Air Fryer 5L,Home & Kitchen,1,5296,5296,CUST-64774,App
UK-2026-100311,2026-01-11,South,Chennai,Ultrabook Air 14,Electronics,2,30745,61490,CUST-49213,Marketplace
UK-2026-103278,2026-05-11,East,Patna,Bluetooth Speaker Mini,Electronics,2,1568,3136,CUST-53462,App
UK-2026-104068,2026-06-09,West,Surat,Silk Saree,Fashion,1,3509,3509,CUST-14576,App
UK-2026-104482,2026-06-28,North,Chandigarh,Running Sneakers,Fashion,1,2765,2765,CUST-51847,Website
UK-2026-100948,2026-02-23,South,Bangalore,Power Bank 20000mAh,Electronics,1,1862,1862,CUST-79938,App
UK-2026-100479,2026-01-16,South,Kochi,Cycling Helmet,Sports,1,1597,1597,CUST-39166,Marketplace
UK-2026-100261,2026-01-02,North,Chandigarh,Silk Saree,Fashion,1,3667,3667,CUST-84795,App
UK-2026-100063,2026-01-12,South,Hyderabad,Dinner Set 24pc,Home & Kitchen,1,2442,2442,CUST-47833,Website
UK-2026-101428,09-02-26,North,Delhi,Ionic Hair Dryer,Beauty,2,1991,3982,CUST-41442,App
UK-2026-104286,2026-06-12,East,Kolkata,Robot Vacuum R7,Home & Kitchen,1,18757,18757,CUST-95983,App
UK-2026-102293,2026-04-28,East,Patna,Robot Vacuum R7,Home & Kitchen,2,19936,39872,CUST-42271,App
UK-2026-102773,2026-04-09,North,Delhi,Sunscreen SPF50,Beauty,2,553,1106,CUST-57571,App
UK-2026-104762,2026-06-28,South,Kochi,Ionic Hair Dryer,Beauty,-1,1899,1899,CUST-77821,App
UK-2026-104396,2026-06-10,North,Gurugram,Leather Wallet,Fashion,1,901,901,CUST-93016,Website
UK-2026-101370,2026-02-17,East,Guwahati,Cotton Kurta Set,Fashion,1,1244,,CUST-22043,Website
UK-2026-102280,2026-04-24,South,Kochi,Robot Vacuum R7,Home & Kitchen,3,19292,57876,CUST-23235,Website
UK-2026-103933,2026-05-23,West,Pune,Cricket Bat English Willow,Sports,1,9375,9375,CUST-38798,App
UK-2026-104735,2026-06-03,East,Kolkata,Running Sneakers,Fashion,2,2861,5722,CUST-39154,Marketplace
UK-2026-104281,2026-06-20,North,Delhi,Yoga Mat Pro,Sports,1,1189,1189,CUST-80782,Website
UK-2026-101639,2026-03-20,East,Guwahati,Bluetooth Speaker Mini,Electronics,1,1552,1552,CUST-47917,App
UK-2026-103270,2026-05-16,West,Surat,Yoga Mat Pro,Sports,1,1170,1170,CUST-78965,Marketplace
UK-2026-100196,2026-01-16,East,Kolkata,Formal Shirt,Fashion,1,1128,1128,CUST-73084,App
UK-2026-101071,2026-02-28,East,Patna,Robot Vacuum R7,Home & Kitchen,1,19333,19333,CUST-22250,Website
UK-2026-102175,2026-03-03,North,Noida,Makeup Brush Set,Beauty,1,1341,1341,CUST-83013,Website
UK-2026-102745,"Apr 26, 2026",East,Kolkata,Modern Wall Clock,Home & Kitchen,4,830,3320,CUST-92996,App
UK-2026-104981,2026-06-14,Central,Indore,Formal Shirt,Fashion,1,1047,1047,CUST-32932,Website
UK-2026-103941,2026-05-16,North,Delhi,43-inch Smart TV,Electronics,2,25618,51236,CUST-54495,Marketplace
UK-2026-103048,2026-04-05,South,Kochi,Wireless Earbuds Pro,Electronics,2,2944,5888 INR,CUST-27942,App
UK-2026-101376,2026-02-10,West,Pune,Power Bank 20000mAh,Electronics,2,1837,3674,CUST-99670,Marketplace
UK-2026-103354,2026-05-26,West,Surat,Air Fryer 5L,Home & Kitchen,2,5364,10728,CUST-76055,App
UK-2026-101040,2026-02-25,South,Bengaluru,Face Wash Combo,Beauty,1,439,439,CUST-79669,App
UK-2026-102096,2026-03-09,Central,Indore,Slim Fit Jeans,Fashion,1,1620,1620,CUST-20249,App
UK-2026-100151,2026-01-22,West,Mumbai,Dinner Set 24pc,Home & Kitchen,1,2442,"2,442.00",CUST-13806,Website
UK-2026-101323,2026-02-04,South,Kochi,Noise-Cancelling Headphones,Electronics,1,9045,9045,CUST-94284,App
UK-2026-102072,2026-03-15,East,Kolkata,Bluetooth Speaker Mini,Electronics,1,1563,1563,CUST-56590,Website
UK-2026-100131,2026-01-17,West,Surat,Leather Wallet,Fashion,1,932,,CUST-20749,App
UK-2026-104042,2026-06-23,North,Noida,Beard Grooming Kit,Beauty,3,955,2865,CUST-56683,App
UK-2026-104732,2026-06-19,North,Gurugram,Mixer Grinder 750W,Home & Kitchen,1,3140,3140,CUST-75278,Marketplace
UK-2026-101438,2026-02-02,South,Hyderabad,Cotton Kurta Set,Fashion,2,1267,2534,CUST-44465,App
UK-2026-104568,2026-06-30,South,Chennai,Smart Watch X2,Electronics,1,4506,4506,CUST-93858,Marketplace
UK-2026-103016,2026-04-24,West,Mumbai,Slim Fit Jeans,Fashion,2,1607,3214,CUST-38193,Marketplace
UK-2026-100480,2026-01-15,South,Hyderabad,43-inch Smart TV,Electronics,2,26979,53958,CUST-31338,Website
UK-2026-103366,2026-05-10,West,Pune,Cotton Bedsheet Set,Home & Kitchen,3,1467,4401,CUST-87776,Marketplace
UK-2026-100794,2026-02-19,North,Chandigarh,Cycling Helmet,Sports,1,1635,1635,CUST-58175,App
UK-2026-102165,2026-03-22,Central,Indore,Wireless Earbuds Pro,Electronics,1,3058,3058,CUST-86050,App
UK-2026-102812,2026-04-05,East,Bhubaneswar,Ultrabook Air 14,Electronics,2,28821,57642,CUST-98591,App
UK-2026-104089,2026-06-25,South,Bengaluru,Noise-Cancelling Headphones,Electronics,1,9234,9234,CUST-33523,Marketplace
UK-2026-104571,2026-06-01,,Kochi,Yoga Mat Pro,Sports,1,1250,1250,CUST-96289,Marketplace
UK-2026-102140,2026-03-20,North,Gurugram,Modern Wall Clock,Home & Kitchen,1,824,824,CUST-31535,App
UK-2026-100983,2026-02-17,South,Kochi,Matte Lipstick Set,Beauty,2,896,1792,CUST-79541,App
UK-2026-101784,2026-03-24,East,Patna,Power Bank 20000mAh,Electronics,1,1811,1811,CUST-77865,Website
UK-2026-101963,2026-03-12,North,Gurugram,Adjustable Dumbbells 15kg,Sports,0,4935,9870,CUST-22882,Website
UK-2026-103987,21-05-26,North,Gurugram,Bluetooth Speaker Mini,Electronics,1,1484,1484,CUST-12126,App
UK-2026-100118,2026-01-07,West,Ahmedabad,Cotton Kurta Set,Fashion,1,1332,1332,CUST-50908,Website
UK-2026-100174,2026-01-01,West,Mumbai,Makeup Brush Set,Beauty,1,1239,1239,CUST-37094,App
UK-2026-104240,2026-06-11,East,Patna,Silk Saree,Fashion,2,3389,6778,CUST-77830,App
UK-2026-102383,2026-04-25,South,Hyderabad,Football Size 5,Sports,1,889,889,CUST-27172,Website
UK-2026-103281,2026-05-20,North,Delhi,Gym Gloves,Sports,1,497,497,CUST-65063,Marketplace
UK-2026-104505,2026-06-24,South,Chennai,Noise-Cancelling Headphones,Electronics,2,8706,17412,CUST-53616,Marketplace
UK-2026-103253,2026-05-13,West,Mumbai,Face Wash Combo,Beauty,4,466,1864,CUST-72369,Website
UK-2026-104283,2026-06-18,North,Delhi,Electric Kettle 1.5L,Home & Kitchen,1,1074,1074,CUST-79945,Marketplace
UK-2026-101532,2026-03-11,South,Hyderabad,Dinner Set 24pc,Home & Kitchen,2,2525,5050,CUST-84727,Website
UK-2026-100713,2026-01-11,South,Bengaluru,Running Sneakers,Fashion,2,2715,5430,CUST-78655,App
UK-2026-101924,2026-03-12,North,Noida,Cricket Bat English Willow,Sports,1,9001,9001,CUST-24095,Marketplace
UK-2026-104736,2026-06-11,South,Bengaluru,Noise-Cancelling Headphones,Electronics,1,8870,8870,CUST-48431,Marketplace
UK-2026-101722,2026-03-17,North,Gurugram,Electric Kettle 1.5L,Home & Kitchen,1,1054,1054,CUST-32146,App
UK-2026-101802,2026-03-03,South,Bengaluru,Slim Fit Jeans,Fashion,2,1618,3236,CUST-36766,Website
UK-2026-104678,2026-06-07,North,Gurugram,Electric Kettle 1.5L,Home & Kitchen,1,1067,1067,CUST-60738,App
UK-2026-104978,2026-06-09,South,Bengaluru,Bluetooth Speaker Mini,Electronics,2,1469,2938,CUST-67931,App
UK-2026-101111,2026-02-25,North,Gurgaon,Bluetooth Speaker Mini,Electronics,1,1478,1478,CUST-88569,Website
UK-2026-102024,2026-03-25,Central,Raipur,Ultrabook Air 14,Electronics,1,30765,30765,CUST-74418,App
UK-2026-101777,2026-03-11,North,Chandigarh,Slim Fit Jeans,Fashion,2,1562,3124,CUST-51672,App
UK-2026-103923,2026-05-08,East,Kolkata,Mixer Grinder 750W,Home & Kitchen,2,3323,6646,CUST-64303,Website
UK-2026-104338,2026-06-04,North,Gurugram,Dinner Set 24pc,Home & Kitchen,1,2410,2410,CUST-77660,Marketplace
UK-2026-101269,2026-02-16,South,Hyderabad,Formal Shirt,Fashion,1,1058,1058,CUST-76662,App
UK-2026-101783,2026-03-31,Central,Bhopal,Cricket Bat English Willow,Sports,1,9276,9276,CUST-53083,App
UK-2026-101286,2026-02-22,West,Surat,Football Size 5,Sports,1,943,943,CUST-88507,Website
UK-2026-104786,2026-06-30,Central,Indore,Cotton Bedsheet Set,Home & Kitchen,1,1360,1360,CUST-78018,App
UK-2026-100235,2026-01-24,West,Surat,Ultrabook Air 14,Electronics,1,30742,30742,CUST-42566,Website
UK-2026-101965,2026-03-15,West,Pune,Ultrabook Air 14,Electronics,4,29292,117168,CUST-42271,Website
UK-2026-102198,2026-03-07,Central,Bhopal,Denim Jacket,Fashion,1,2110,2110,CUST-97821,App
UK-2026-101888,29-03-26,South,Chennai,Ultrabook Air 14,Electronics,3,29006,87018,CUST-30283,Marketplace
UK-2026-102243,2026-04-28,South,Bengaluru,Ultrabook Air 14,Electronics,1,31052,31052,CUST-32847,App
UK-2026-104368,2026-06-24,East,Patna,Makeup Brush Set,Beauty,1,1274,1274,CUST-47450,Website
UK-2026-102496,2026-04-09,Central,Nagpur,Electric Kettle 1.5L,Home & Kitchen,2,1124,2248,CUST-42159,Website
UK-2026-100096,2026-01-17,South,Bengaluru,Denim Jacket,Fashion,1,2246,2246,CUST-17576,App
UK-2026-104799,2026-06-29,East,Bhubaneswar,Noise-Cancelling Headphones,Electronics,4,9004,36016,CUST-54495,App
UK-2026-104099,2026-06-25,South,Bengaluru,Ultrabook Air 14,Electronics,1,29584,29584,CUST-15984,Marketplace
UK-2026-104754,2026-06-21,South,Chennai,Dinner Set 24pc,Home & Kitchen,2,2416,4832,CUST-87323,Website
UK-2026-104088,2026-06-12,East,Kolkata,Formal Shirt,Fashion,1,1122,1122,CUST-35109,Marketplace
UK-2026-102738,2026-04-17,Central,Nagpur,Power Bank 20000mAh,Electronics,2,1783,3566,CUST-98194,App
UK-2026-103552,2026-05-16,South,Chennai,Bluetooth Speaker Mini,Electronics,1,1424,1424,CUST-78237,Website
UK-2026-100938,2026-02-08,West,Surat,Slim Fit Jeans,Fashion,1,1520,1520,CUST-57256,App
UK-2026-102737,2026-04-19,West,Mumbai,Ultrabook Air 14,Electronics,1,31114,31114,CUST-83915,App
UK-2026-100538,2026-01-23,South,Bengaluru,Leather Wallet,Fashion,2,925,1850,CUST-32536,Website
UK-2026-103365,2026-05-20,North,Chandigarh,Cricket Bat English Willow,Sports,1,8846,8846,CUST-18170,App
UK-2026-104540,2026-06-25,South,Chennai,Matte Lipstick Set,Beauty,1,865,865,CUST-63750,Website
UK-2026-103339,2026-05-30,Central,Raipur,Mixer Grinder 750W,Home & Kitchen,3,3219,9657,CUST-84168,Website
UK-2026-103512,2026-05-19,East,Bhubaneswar,Badminton Racket Set,Sports,1,2479,2479,CUST-57084,App
UK-2026-104169,2026-06-07,West,Mumbai,Wireless Earbuds Pro,Electronics,1,2888,2888,CUST-95851,App
UK-2026-104999,2026-06-09,North,Chandigarh,Bluetooth Speaker Mini,Electronics,4,1565,,CUST-92996,App
UK-2026-101835,2026-03-07,East,Patna,Non-Stick Cookware Set,Home & Kitchen,1,2880,2880,CUST-62250,App
UK-2026-103635,2026-05-19,North,Gurugram,Mirrorless Camera Lite,Electronics,1,30149,30149,CUST-38354,Marketplace
UK-2026-103853,2026-05-09,West,Mumbai,Modern Wall Clock,Home & Kitchen,2,828,1656,CUST-92000,App
UK-2026-102732,2026-04-19,South,Kochi,Silk Saree,Fashion,4,3495,13980,CUST-97994,Website
UK-2026-100785,2026-02-22,North,Delhi,Gym Gloves,Sports,1,478,478,CUST-49545,App
UK-2026-104121,2026-06-07,West,Surat,43-inch Smart TV,Electronics,1,25485,25485,CUST-35981,Marketplace
UK-2026-104067,2026-06-27,Central,Raipur,Formal Shirt,Fashion,,1125,3375,CUST-86433,Marketplace
UK-2026-101499,2026-03-27,South,kochi,Slim Fit Jeans,Fashion,2,1576,3152,CUST-12513,Website
UK-2026-100025,"Jan 20, 2026",Central,Nagpur,Robot Vacuum R7,Home & Kitchen,1,19413,19413,CUST-64447,App
UK-2026-104818,2026-06-21,Central,Raipur,Mixer Grinder 750W,Home & Kitchen,,3416,3416,CUST-75822,App
UK-2026-100203,2026-01-04,North,Chandigarh,Air Fryer 5L,Home & Kitchen,2,5628,11256,CUST-75121,Marketplace
UK-2026-103355,2026-05-19,East,Patna,Dinner Set 24pc,Home & Kitchen,1,2375,2375,CUST-47267,Marketplace
UK-2026-102201,2026-03-12,West,Pune,Wireless Earbuds Pro,Electronics,1,2876,2876,CUST-61063,App
UK-2026-100495,2026-01-09,Central,Bhopal,Denim Jacket   ,Fashion,1,2175,2175,CUST-56219,Website
UK-2026-101725,2026-03-28,West,Ahmedabad,Sunscreen SPF50,Beauty,1,557,557,CUST-29917,Website
UK-2026-103060,2026-04-29,North,Noida,Dinner Set 24pc,Home & Kitchen,1,2505,2505,CUST-44124,Marketplace
UK-2026-102156,2026-03-28,Central,Indore,Mirrorless Camera Lite,Electronics,1,28285,28285,CUST-36144,Marketplace
UK-2026-102981,2026-04-09,West,Ahmedabad,Noise-Cancelling Headphones,Electronics,1,8811,8811,CUST-34962,Marketplace
UK-2026-100355,2026-01-07,West,Mumbai,Eau de Parfum 100ml,Beauty,1,2003,2003,CUST-58730,App
UK-2026-101070,2026-02-16,East,Guwahati,Cotton Kurta Set,Fashion,1,1303,1303,CUST-93317,App
UK-2026-100443,2026-01-17,North,Noida,Gym Gloves,Sports,2,502,1004,CUST-68172,App
UK-2026-100672,2026-01-29,West,Surat,Gym Gloves,Sports,1,512,512,CUST-15561,Website
UK-2026-100105,2026-01-27,South,Chennai,Silk Saree,Fashion,1,3477,3477,CUST-81364,Website
UK-2026-104597,2026-06-23,Central,Raipur,Slim Fit Jeans,Fashion,1,1547,1547,CUST-96319,Website
UK-2026-101073,2026-02-24,South,Hyderabad,Denim Jacket,Fashion,3,2185,"6,555.00",CUST-32822,App
UK-2026-100071,2026-01-31,North,Noida,Slim Fit Jeans,Fashion,4,1620,6480,CUST-18404,App
UK-2026-102526,2026-04-28,West,Surat,Beard Grooming Kit,Beauty,1,1014,"1,014.00",CUST-49689,App
UK-2026-101132,2026-02-18,West,Pune,Dinner Set 24pc,Home & Kitchen,1,2399,2399,CUST-84270,Website
UK-2026-102685,2026-04-08,North,Gurugram,Noise-Cancelling Headphones,Electronics,1,9202,9202,CUST-12188,Marketplace
UK-2026-100220,2026-01-11,North,Chandigarh,Formal Shirt   ,Fashion,1,1124,1124,CUST-60388,App
UK-2026-101446,2026-02-05,South,Bengaluru,Yoga Mat Pro,Sports,2,1235,2470,CUST-92298,Marketplace
UK-2026-103389,2026-05-30,Central,Indore,Yoga Mat Pro,Sports,1,1216,1216,CUST-47897,Marketplace
UK-2026-101103,2026-02-21,East,Patna,Cotton Kurta Set,Fashion,1,1303,1303,CUST-76813,Website
UK-2026-102627,2026-04-14,South,Kochi,Robot Vacuum R7,Home & Kitchen,-2,19788,19788,CUST-18884,App
UK-2026-102692,2026-04-08,South,Chennai,Cotton Kurta Set,Fashion,2,1305,2610,CUST-69073,App
UK-2026-101706,2026-03-18,South,Chennai,Modern Wall Clock,Home & Kitchen,3,766,2298,CUST-13632,App
UK-2026-102481,2026-04-06,South,Chennai,Noise-Cancelling Headphones,Electronics,1,9371,9371,CUST-33388,App
UK-2026-101484,2026-03-12,South,Bengaluru,Bluetooth Speaker Mini,Electronics,0,1543,1543,CUST-98477,Marketplace
UK-2026-100881,2026-02-04,North,Chandigarh,Wireless Earbuds Pro,Electronics,3,2929,8787,CUST-24641,App
UK-2026-103099,2026-05-14,West,Ahmedabad,Cotton Bedsheet Set,Home & Kitchen,1,1348,,CUST-78448,App
UK-2026-104559,2026-06-20,North,Noida,Eau de Parfum 100ml,Beauty,2,2055,4110,CUST-17436,Marketplace
UK-2026-103394,2026-05-20,East,Bhubaneswar,Mixer Grinder 750W,Home & Kitchen,1,3277,3277,CUST-39128,Marketplace
UK-2026-101938,2026-03-28,North,Noida,Face Wash Combo,Beauty,1,442,442,CUST-64325,App
UK-2026-102132,2026-03-05,North,Chandigarh,Running Sneakers,Fashion,1,2776,2776,CUST-92542,App
UK-2026-104234,2026-06-08,West,Mumbai,Slim Fit Jeans,Fashion,2,1619,3238,CUST-20001,Website
UK-2026-103972,2026-05-30,East,Bhubaneswar,Football Size 5,Sports,1,900,900,CUST-94583,Website
UK-2026-103059,2026-04-16,West,Ahmedabad,Beard Grooming Kit,Beauty,1,995,995,CUST-20025,App
UK-2026-101466,2026-03-05,East,Patna,Yoga Mat Pro,Sports,2,1244,2488,CUST-10162,App
UK-2026-104336,2026-06-08,East,Kolkata,Badminton Racket Set,Sports,2,2466,4932,CUST-88923,App
UK-2026-101880,2026-03-08,North,Noida,Ultrabook Air 14,Electronics,1,31363,31363,CUST-23595,Website
UK-2026-103361,2026-05-30,South,Chennai,Beard Grooming Kit,Beauty,1,1004,1004,CUST-18404,Website
UK-2026-100358,2026-01-28,West,Mumbai,Football Size 5,Sports,1,855,855,CUST-16124,Website
UK-2026-100637,2026-01-16,East,Guwahati,Matte Lipstick Set,Beauty,1,895,895,CUST-71915,Marketplace
UK-2026-101182,2026-02-08,West,Surat,Silk Saree,Fashion,1,3449,3449,CUST-24123,App
UK-2026-102127,"Mar 19, 2026",North,Noida,Power Bank 20000mAh,Electronics,1,1714,1714,CUST-20378,Marketplace
UK-2026-103645,2026-05-24,North,Noida,Bluetooth Speaker Mini,Electronics,1,1536,1536,CUST-59175,Marketplace
UK-2026-104226,2026-06-02,East,Guwahati,Beard Grooming Kit,Beauty,1,956,956,CUST-44198,App
UK-2026-104280,2026-06-02,West,Pune,Gym Gloves,Sports,1,503,503,CUST-71543,Website
UK-2026-102257,2026-04-12,North,Chandigarh,Vitamin C Serum,Beauty,1,720,720,CUST-91925,App
UK-2026-103506,2026-05-08,East,Kolkata,Cotton Bedsheet Set,Home & Kitchen,1,1453,1453,CUST-69366,Website
UK-2026-104756,2026-06-07,West,Pune,Cotton Bedsheet Set,Home & Kitchen,1,1337,1337,CUST-99879,Website
UK-2026-103064,2026-04-14,West,Surat,Face Wash Combo,Beauty,1,445,445,CUST-32249,Marketplace
UK-2026-103165,2026-05-02,West,Surat,Leather Wallet,Fashion,2,890,1780,CUST-76662,Website
UK-2026-104022,2026-06-20,West,Mumbai,Modern Wall Clock,Home & Kitchen,1,778,778,CUST-12345,Marketplace
UK-2026-102059,2026-03-12,West,Surat,Makeup Brush Set,Beauty,2,1276,2552,CUST-42271,App
UK-2026-101511,2026-03-03,South,Kochi,Cricket Bat English Willow,Sports,2,9049,18098,CUST-61836,Website
UK-2026-103095,2026-05-13,South,Kochi,Face Wash Combo,Beauty,1,447,447,CUST-45888,Website
UK-2026-103073,2026-04-25,South,Kochi,Mixer Grinder 750W,Home & Kitchen,4,3160,12640,CUST-56045,Marketplace
UK-2026-102438,2026-04-15,North,Noida,Formal Shirt,Fashion,1,1106,1106,CUST-68906,Website
UK-2026-101589,2026-03-11,South,Hyderabad,Yoga Mat Pro,Sports,1,1144,1144,CUST-21107,App
UK-2026-100643,2026-01-23,South,Chennai,Running Sneakers,Fashion,1,2683,2683,CUST-73872,App
UK-2026-100272,2026-01-24,South,Hyderabad,Wireless Earbuds Pro,Electronics,1,3105,3105,CUST-24120,Marketplace
UK-2026-101502,2026-03-03,West,Ahmedabad,Cycling Helmet,Sports,1,1608,1608,CUST-77865,Marketplace
UK-2026-103595,2026-05-27,Central,Indore,Running Sneakers,Fashion,2,2779,5558,CUST-50889,App
UK-2026-101503,2026-03-11,West,Mumbai,Foldable Treadmill T2,Sports,1,23783,23783,CUST-75174,App
UK-2026-100366,2026-01-26,Central,Nagpur,Matte Lipstick Set,Beauty,1,921,921,CUST-38452,App
UK-2026-102763,2026-04-10,West,Ahmedabad,Matte Lipstick Set,Beauty,1,875,875,CUST-17468,App
UK-2026-101501,2026-03-17,South,Bengaluru,Foldable Treadmill T2,Sports,1,24474,24474,CUST-20731,App
UK-2026-103116,2026-05-13,South,Hyderabad,Ultrabook Air 14,Electronics,1,30774,30774,CUST-48323,Website
UK-2026-103336,2026-05-27,North,Chandigarh,Cotton Bedsheet Set,Home & Kitchen,2,1460,2920,CUST-51981,Marketplace
UK-2026-101013,2026-02-19,South,Hyderabad,Ethnic Dupatta,Fashion,1,507,507,CUST-88289,Marketplace
UK-2026-101998,2026-03-06,North,Gurugram,Modern Wall Clock,Home & Kitchen,2,812,1624,CUST-34592,App
UK-2026-103115,2026-05-05,North,Chandigarh,Silk Saree,Fashion,1,3553,3553,CUST-83915,Website
UK-2026-103501,2026-05-10,West,Pune,Power Bank 20000mAh,Electronics,1,1811,1811,CUST-21081,Marketplace
UK-2026-103798,2026-05-01,South,Cochin,Ultrabook Air 14,Electronics,2,30518,61036,CUST-24277,App
UK-2026-101893,2026-03-16,South,Chennai,Robot Vacuum R7,Home & Kitchen,1,18184,18184,CUST-11520,Website
UK-2026-104452,2026-06-02,South,Kochi,Noise-Cancelling Headphones,Electronics,2,8971,17942,CUST-53650,Marketplace
UK-2026-102840,2026-04-29,Central,Indore,Noise-Cancelling Headphones,Electronics,2,8720,17440,CUST-95071,App
UK-2026-104888,2026-06-12,North,Delhi,Formal Shirt,Fashion,2,1059,2118,CUST-58304,Marketplace
UK-2026-100540,2026-01-10,West,Pune,Smart Watch X2,Electronics,1,4708,4708,CUST-64432,Marketplace
UK-2026-103669,02/05/2026,North,Delhi,Ultrabook Air 14,Electronics,2,31095,62190,CUST-99326,Website
UK-2026-100353,26/01/2026,North,Delhi,Mirrorless Camera Lite,Electronics,1,28150,28150,CUST-87570,App
UK-2026-102327,2026-04-08,East,Guwahati,Ethnic Dupatta,Fashion,1,489,489,CUST-20081,App
UK-2026-104650,2026-06-12,West,Mumbai,Noise-Cancelling Headphones,Electronics,3,8709,26127,CUST-33128,App
UK-2026-103995,2026-05-19,East,Bhubaneswar,Running Sneakers,Fashion,1,2851,2851,CUST-54160,App
UK-2026-100347,2026-01-08,South,Kochi,Power Bank 20000mAh,Electronics,1,1722,1722,CUST-54687,App
UK-2026-104077,2026-06-18,West,Ahmedabad,Silk Saree,Fashion,2,3408,6816,CUST-70613,App
UK-2026-104636,2026-06-16,East,Guwahati,Makeup Brush Set,Beauty,1,1288,1288,CUST-50858,App
UK-2026-104972,2026-06-12,West,Ahmedabad,Denim Jacket,Fashion,1,2283,2283,CUST-52618,App
UK-2026-101077,2026-02-04,North,Delhi,Cotton Bedsheet Set,Home & Kitchen,1,1352,1352,CUST-28164,Website
UK-2026-101480,2026-03-15,North,Chandigarh,Air Fryer 5L,Home & Kitchen,,5395,5395,CUST-93927,Website
UK-2026-101166,2026-02-17,East,Patna,Air Fryer 5L,Home & Kitchen,1,5617,5617,CUST-52048,App
UK-2026-100020,2026-01-30,East,Kolkata,Mirrorless Camera Lite,Electronics,1,29283,29283,CUST-84727,App
UK-2026-100242,2026-01-09,South,Cochin,Foldable Treadmill T2,Sports,1,25989,25989,CUST-28054,Website
UK-2026-103050,2026-04-16,East,Guwahati,Modern Wall Clock,Home & Kitchen,1,817,817,CUST-63691,App
UK-2026-102877,2026-04-28,North,Gurgaon,Air Fryer 5L,Home & Kitchen,1,5572,5572,CUST-58918,Marketplace
UK-2026-101966,2026-03-07,South,Hyderabad,Leather Wallet,Fashion,2,867,1734,CUST-74336,App
UK-2026-103728,2026-05-30,North,Gurugram,Noise-Cancelling Headphones,Electronics,2,9206,18412,CUST-18843,Website
UK-2026-101088,2026-02-19,South,Hyderabad,Cotton Kurta Set,Fashion,1,1300,1300,CUST-15726,App
UK-2026-103200,2026-05-14,North,Noida,Beard Grooming Kit,Beauty,1,951,951,CUST-43217,App
UK-2026-100878,2026-02-20,East,Patna,Ultrabook Air 14,Electronics,1,30202,30202,CUST-18252,Website
UK-2026-101281,2026-02-17,,Patna,Mixer Grinder 750W,Home & Kitchen,1,3323,3323,CUST-56250,Website
UK-2026-104330,2026-06-01,West,Ahmedabad,Adjustable Dumbbells 15kg,Sports,1,5074,5074,CUST-54399,Website
UK-2026-103096,2026-05-13,North,Gurugram,Power Bank 20000mAh,Electronics,2,1799,3598,CUST-75066,App
UK-2026-100331,2026-01-23,North,Chandigarh,Power Bank 20000mAh,Electronics,2,1828,3656,CUST-65160,App
UK-2026-101112,2026-02-13,South,Hyderabad,Mixer Grinder 750W,Home & Kitchen,1,3411,3411,CUST-18773,App
UK-2026-102503,2026-04-03,South,Chennai,Ethnic Dupatta,Fashion,1,480,480,CUST-18100,App
UK-2026-101135,2026-02-06,South,Bengaluru,Modern Wall Clock,Home & Kitchen,1,789,789,CUST-23533,Marketplace
UK-2026-100068,2026-01-08,West,Mumbai,Cotton Kurta Set,Fashion,1,1272,1272,CUST-42339,Website
UK-2026-102870,2026-04-07,South,Kochi,Makeup Brush Set,Beauty,4,1237,4948,CUST-33303,App
UK-2026-100710,2026-01-20,West,Ahmedabad,Noise-Cancelling Headphones,Electronics,1,9065,9065,CUST-65875,App
UK-2026-102440,2026-04-23,South,Hyderabad,Matte Lipstick Set,Beauty,1,913,913,CUST-62642,App
UK-2026-100482,2026-01-29,West,Pune,Silk Saree,Fashion,1,3432,3432,CUST-74129,App
UK-2026-102223,2026-03-27,East,Bhubaneswar,Bluetooth Speaker Mini,Electronics,1,1439,1439,CUST-54460,App
UK-2026-103057,2026-04-06,West,Surat,Bluetooth Speaker Mini,Electronics,1,1530,1530,CUST-98957,Marketplace
UK-2026-100921,2026-02-17,East,Guwahati,Power Bank 20000mAh,Electronics,1,1860,1860,CUST-55899,Marketplace
UK-2026-102821,2026-04-05,North,Chandigarh,Leather Wallet,Fashion,1,929,929,CUST-30933,App
UK-2026-102591,2026-04-28,,Surat,Ultrabook Air 14,Electronics,2,29919,59838,CUST-23745,Website
UK-2026-100930,2026-02-02,South,Bengaluru,Robot Vacuum R7,Home & Kitchen,1,18588,18588,CUST-54399,Website
UK-2026-102781,"Apr 8, 2026",North,Noida,Mirrorless Camera Lite,Electronics,1,30410,30410,CUST-10439,App
UK-2026-103010,2026-04-13,East,Bhubaneswar,Matte Lipstick Set,Beauty,1,909,909,CUST-64933,App
UK-2026-101363,2026-02-02,East,Guwahati,Ethnic Dupatta,Fashion,1,481,481,CUST-97209,Website
UK-2026-101420,2026-02-16,North,Chandigarh,Ethnic Dupatta,Fashion,-2,492,492,CUST-43427,Website
UK-2026-101171,2026-02-19,West,Mumbai,Cotton Kurta Set,Fashion,1,1350,1350,CUST-15990,Website
UK-2026-103581,2026-05-17,South,Bengaluru,Football Size 5,Sports,1,895,895,CUST-78893,Marketplace
UK-2026-101654,2026-03-17,East,Bhubaneswar,Matte Lipstick Set,Beauty,3,944,2832,CUST-12706,App
UK-2026-103499,2026-05-19,North,Noida,43-inch Smart TV,Electronics,3,26726,80178,CUST-64581,Website
UK-2026-101715,2026-03-10,Central,Nagpur,Denim Jacket,Fashion,3,2236,6708,CUST-30382,App
UK-2026-102436,2026-04-27,North,Gurugram,Dinner Set 24pc,Home & Kitchen,2,2523,5046,CUST-19615,Website
UK-2026-104092,2026-06-02,North,Chandigarh,Yoga Mat Pro,Sports,2,1189,2378,CUST-13949,Marketplace
UK-2026-104473,2026-06-13,North,Noida,Cotton Kurta Set,Fashion,1,1332,1332,CUST-65160,Website
UK-2026-104002,2026-05-31,North,Noida,Gym Gloves,Sports,1,497,497,CUST-78379,Website
UK-2026-103917,2026-05-14,East,Kolkata,Mirrorless Camera Lite,Electronics,1,29295,29295,CUST-66444,App
UK-2026-104094,2026-06-09,South,Kochi,Mixer Grinder 750W,Home & Kitchen,3,3231,9693,CUST-46396,Website
UK-2026-100453,2026-01-12,Central,Indore,Ultrabook Air 14,Electronics,2,29030,58060,CUST-67660,Marketplace
UK-2026-102967,2026-04-06,North,Delhi,Bluetooth Speaker Mini,Electronics,1,1450,1450,CUST-62632,App
UK-2026-101503,2026-03-11,West,Mumbai,Foldable Treadmill T2,Sports,1,23783,23783,CUST-75174,App
UK-2026-102120,2026-03-06,East,Kolkata,Robot Vacuum R7,Home & Kitchen,1,18299,18299,CUST-24120,Website
UK-2026-104973,2026-06-16,East,Bhubaneswar,Silk Saree,Fashion,1,3570,"3,570.00",CUST-17111,App
UK-2026-100856,2026-02-24,South,Hyderabad,Formal Shirt,Fashion,1,1150,1150,CUST-58918,App
UK-2026-103395,2026-05-10,South,Kochi,Cotton Kurta Set,Fashion,1,1350,1350,CUST-52317,App
UK-2026-100858,2026-02-14,South,Kochi,Eau de Parfum 100ml,Beauty,2,2026,4052,CUST-25970,Website
UK-2026-100164,2026-01-27,North,New Delhi,Matte Lipstick Set,Beauty,1,877,877,CUST-95056,App
UK-2026-103168,2026-05-22,North,Noida,Smart Watch X2,Electronics,1,4343,4343,CUST-13804,App
UK-2026-100412,2026-01-22,South,Bengaluru,Ionic Hair Dryer,Beauty,1,1901,1901,CUST-61618,Website
UK-2026-104215,2026-06-29,East,Guwahati,Cricket Bat English Willow,Sports,2,8644,17288,CUST-77241,Website
UK-2026-104876,2026-06-28,North,Gurugram,Eau de Parfum 100ml,Beauty,2,2090,4180,CUST-63391,App
UK-2026-104917,2026-06-10,South,Bengaluru,Air Fryer 5L,Home & Kitchen,1,5467,5467,CUST-89853,Marketplace
UK-2026-104146,2026-06-30,West,Surat,Mirrorless Camera Lite,Electronics,3,29383,88149,CUST-79076,App
UK-2026-104649,2026-06-24,North,Chandigarh,Air Fryer 5L,Home & Kitchen,,5256,10512,CUST-72731,App
UK-2026-101640,2026-03-23,West,Pune,Modern Wall Clock,Home & Kitchen,2,835,1670,CUST-32714,Website
UK-2026-101982,2026-03-12,North,Chandigarh,Badminton Racket Set,Sports,1,2413,2413,CUST-25155,Marketplace
UK-2026-100489,2026-01-13,North,Noida,Noise-Cancelling Headphones,Electronics,2,8627,,CUST-85333,Marketplace
UK-2026-103657,2026-05-15,North,Noida,Beard Grooming Kit,Beauty,1,973,973,CUST-41446,Marketplace
UK-2026-102318,2026-04-30,North,Noida,Mixer Grinder 750W,Home & Kitchen,1,3398,3398,CUST-56694,App
UK-2026-102281,2026-04-02,West,Mumbai,Slim Fit Jeans,Fashion,1,1669,1669,CUST-86986,Marketplace
UK-2026-103534,2026-05-20,East,Patna,Formal Shirt,Fashion,1,1044,1044,CUST-51209,Website
UK-2026-102386,2026-04-30,East,Guwahati,Mirrorless Camera Lite,Electronics,,28295,28295,CUST-90801,App
UK-2026-100800,2026-02-03,,Guwahati,Ultrabook Air 14,Electronics,2,30389,60778,CUST-10162,App
UK-2026-102537,2026-04-18,West,Surat,Adjustable Dumbbells 15kg,Sports,1,4960,4960,CUST-79076,App
UK-2026-100423,2026-01-07,Central,Nagpur,Robot Vacuum R7,Home & Kitchen,2,19429,38858,CUST-56917,Website
UK-2026-102298,2026-04-12,Central,Indore,Ultrabook Air 14,Electronics,1,30531,30531,CUST-23235,Marketplace
UK-2026-102756,2026-04-07,North,Chandigarh,Mirrorless Camera Lite,Electronics,1,28265,28265,CUST-53616,Website
UK-2026-100425,2026-01-08,Central,Indore,Eau de Parfum 100ml,Beauty,1,1952,1952,CUST-64325,App
UK-2026-100056,2026-01-12,West,Bombay,Robot Vacuum R7,Home & Kitchen,1,19298,19298,CUST-55160,App
UK-2026-100787,2026-02-24,East,Kolkata,Ionic Hair Dryer,Beauty,1,1938,1938,CUST-73800,App
UK-2026-100273,2026-01-30,North,Noida,Bluetooth Speaker Mini,Electronics,2,1505,3010,CUST-23574,App
UK-2026-104174,2026-06-11,West,Mumbai,Yoga Mat Pro,Sports,1,1222,1222,CUST-49002,Website
UK-2026-102333,2026-04-06,South,Kochi,Bluetooth Speaker Mini,Electronics,3,1503,4509,CUST-69265,Website
UK-2026-103309,2026-05-01,South,Hyderabad,Sunscreen SPF50,Beauty,1,569,569,CUST-32601,App
UK-2026-101645,2026-03-18,,Mumbai,Slim Fit Jeans,Fashion,1,1597,1597,CUST-98655,App
UK-2026-101268,2026-02-13,East,Kolkata,Slim Fit Jeans,Fashion,1,1635,1635,CUST-33786,Marketplace
UK-2026-102352,2026-04-01,,Ahmedabad,Power Bank 20000mAh,Electronics,2,1737,3474,CUST-17848,App
UK-2026-102369,2026-04-09,North,Noida,Leather Wallet,Fashion,1,854,854,CUST-39166,Website
UK-2026-104253,08/06/2026,North,Chandigarh,Sunscreen SPF50,Beauty,1,558,558,CUST-61089,App
UK-2026-103951,2026-05-17,North,Chandigarh,Noise-Cancelling Headphones,Electronics,1,9274,,CUST-96209,Marketplace
UK-2026-100124,2026-01-23,South,Kochi,Ultrabook Air 14,Electronics,1,30495,"₹30,495",CUST-92161,Website
UK-2026-101005,2026-02-10,North,Noida,43-inch Smart TV,Electronics,1,26743,26743,CUST-19916,App
UK-2026-101669,2026-03-03,West,Ahmedabad,Power Bank 20000mAh,Electronics,1,1882,1882,CUST-60690,App
UK-2026-102507,2026-04-24,Central,Bhopal,Noise-Cancelling Headphones,Electronics,1,8977,8977,CUST-28460,App
UK-2026-104653,2026-06-09,North,Gurugram,Power Bank 20000mAh,Electronics,1,1814,1814,CUST-74336,Website
UK-2026-101768,2026-03-23,South,Madras,Cotton Bedsheet Set,Home & Kitchen,2,1346,2692,CUST-54523,Website
UK-2026-101293,2026-02-17,Central,Bhopal,Cricket Bat English Willow,Sports,1,8851,8851,CUST-50938,App
UK-2026-104953,2026-06-24,South,Hyderabad,Smart Watch X2,Electronics,1,4723,4723,CUST-23574,App
UK-2026-104969,2026-06-12,South,Kochi,Noise-Cancelling Headphones,Electronics,1,9085,9085,CUST-23787,Marketplace
UK-2026-102406,2026-04-28,Central,Indore,Makeup Brush Set,Beauty,2,1311,2622,CUST-84497,App
UK-2026-103237,22-05-26,Central,Raipur,Badminton Racket Set,Sports,1,2391,2391,CUST-39590,App
UK-2026-102595,2026-04-25,West,Ahmedabad,Robot Vacuum R7,Home & Kitchen,1,18192,18192,CUST-68374,Website
UK-2026-101805,2026-03-04,West,Surat,Leather Wallet,Fashion,1,894,894,CUST-93092,Website
UK-2026-104910,2026-06-02,,Bhubaneswar,Ultrabook Air 14,Electronics,2,29097,58194,CUST-54399,App
UK-2026-101113,2026-02-08,North,Gurugram,Power Bank 20000mAh,Electronics,2,1865,3730,CUST-31467,Marketplace
UK-2026-100919,2026-02-11,East,Patna,Cotton Bedsheet Set,Home & Kitchen,1,1436,1436,CUST-67505,Website
UK-2026-100981,2026-02-03,South,Bengaluru,43-inch Smart TV,Electronics,1,25049,25049,CUST-33128,Website
UK-2026-100075,2026-01-06,West,Bombay,Cotton Kurta Set,Fashion,1,1333,1333,CUST-29813,App
UK-2026-104115,2026-06-23,North,Delhi,Ethnic Dupatta,Fashion,4,493,1972,CUST-63613,App
UK-2026-101538,2026-03-27,South,Chennai,Non-Stick Cookware Set,Home & Kitchen,1,2765,2765,CUST-89796,Marketplace
UK-2026-100907,2026-02-23,Central,Nagpur,Wireless Earbuds Pro   ,Electronics,1,3016,3016,CUST-11884,Website
UK-2026-104016,2026-05-23,South,Bengaluru,Smart Watch X2,Electronics,2,4520,9040,CUST-98441,App
UK-2026-104663,2026-06-01,East,Guwahati,Ethnic Dupatta,Fashion,1,512,512,CUST-85914,Website
UK-2026-104422,2026-06-01,South,Bengaluru,Foldable Treadmill T2,Sports,1,23786,23786,CUST-55477,App
UK-2026-104103,2026-06-29,South,Hyderabad,Mixer Grinder 750W,Home & Kitchen,1,3213,3213,CUST-86394,App
UK-2026-103841,2026-05-05,,Bhopal,Matte Lipstick Set,Beauty,1,858,858,CUST-98194,App
UK-2026-100208,2026-01-25,South,Kochi,Ultrabook Air 14,Electronics,1,28516,28516,CUST-92627,Website
UK-2026-100450,2026-01-07,South,Chennai,Power Bank 20000mAh,Electronics,1,1859,1859,CUST-16137,Marketplace
UK-2026-102693,2026-04-22,North,Gurugram,Electric Kettle 1.5L,Home & Kitchen,1,1067,1067,CUST-97139,Marketplace
UK-2026-102214,2026-03-11,West,Surat,Mixer Grinder 750W,Home & Kitchen,3,3268,9804,CUST-98536,Website
UK-2026-100350,2026-01-09,West,Pune,Sunscreen SPF50,Beauty,,522,1044,CUST-84647,Website
UK-2026-101895,2026-03-26,,Mumbai,Power Bank 20000mAh,Electronics,1,1841,1841,CUST-13537,Website
UK-2026-104126,2026-06-17,North,Noida,Robot Vacuum R7,Home & Kitchen,1,18432,18432,CUST-66254,App
UK-2026-101562,2026-03-29,North,Noida,Slim Fit Jeans,Fashion,2,1616,3232,CUST-75367,App
UK-2026-104443,2026-06-14,Central,Nagpur,Non-Stick Cookware Set,Home & Kitchen,1,2983,2983,CUST-95056,Marketplace
UK-2026-103415,2026-05-21,Central,Raipur,Adjustable Dumbbells 15kg,Sports,-2,5242,5242,CUST-97506,Marketplace
UK-2026-102666,2026-04-15,West,Ahmedabad,Dinner Set 24pc,Home & Kitchen,2,2445,4890,CUST-66865,Marketplace
UK-2026-100657,2026-01-19,East,Guwahati,Cotton Bedsheet Set,Home & Kitchen,1,1372,1372,CUST-95983,Website
UK-2026-101772,2026-03-31,West,Surat,Ethnic Dupatta,Fashion,2,502,1004,CUST-94902,Marketplace
UK-2026-101641,"Mar 11, 2026",East,Kolkata,Mixer Grinder 750W,Home & Kitchen,1,3157,3157,CUST-91644,App
UK-2026-101254,2026-02-23,West,Ahmedabad,Wireless Earbuds Pro,Electronics,1,2951,2951,CUST-10838,Marketplace
UK-2026-104411,2026-06-24,North,Noida,Smart Watch X2,Electronics,1,4405,4405,CUST-34492,Marketplace
UK-2026-104667,2026-06-21,West,Surat,Sunscreen SPF50,Beauty,1,548,548,CUST-33262,Website
UK-2026-100001,2026-01-19,South,Hyderabad,Yoga Mat Pro,Sports,1,1242,1242,CUST-36082,Website
UK-2026-102031,18/03/2026,North,Noida,Eau de Parfum 100ml,Beauty,1,1980,1980,CUST-76770,Website
UK-2026-101545,2026-03-12,North,Gurugram,Cotton Bedsheet Set,Home & Kitchen,1,1417,1417,CUST-68261,App
UK-2026-102819,2026-04-25,North,Noida,Dinner Set 24pc,Home & Kitchen,1,2477,2477,CUST-50936,Website
UK-2026-102606,2026-04-14,East,Guwahati,Dinner Set 24pc,Home & Kitchen,1,2582,2582,CUST-72199,Website
UK-2026-102480,01/04/2026,North,Noida,Beard Grooming Kit,Beauty,1,1041,1041,CUST-37472,Website
UK-2026-101371,2026-02-16,West,Mumbai,Eau de Parfum 100ml,Beauty,1,2065,2065,CUST-99057,Website
UK-2026-103681,2026-05-03,South,Kochi,Adjustable Dumbbells 15kg,Sports,1,5242,5242,CUST-51981,Website
UK-2026-102565,2026-04-13,South,Hyderabad,Cotton Kurta Set,Fashion,1,1268,1268,CUST-37756,App
UK-2026-101158,"Feb 7, 2026",East,Bhubaneswar,Cotton Kurta Set,Fashion,1,1277,1277,CUST-13039,Marketplace
UK-2026-104005,2026-05-02,East,Guwahati,Cotton Bedsheet Set,Home & Kitchen,1,1331,1331,CUST-20782,Website
UK-2026-102062,2026-03-11,West,Pune,Mirrorless Camera Lite,Electronics,3,28773,86319,CUST-44465,Marketplace
UK-2026-100626,2026-01-09,West,Surat,Running Sneakers,Fashion,2,2819,5638,CUST-69827,App
UK-2026-103470,2026-05-03,South,Kochi,Foldable Treadmill T2,Sports,1,24225,24225,CUST-63691,Website
UK-2026-103241,2026-05-16,West,Surat,Formal Shirt,Fashion,1,1103,1103,CUST-70827,Website
UK-2026-101045,2026-02-13,South,Hyderabad,Wireless Earbuds Pro,Electronics,1,3053,3053,CUST-46578,App
UK-2026-103832,2026-05-23,South,Bengaluru,Noise-Cancelling Headphones,Electronics,2,9357,18714,CUST-29917,App
UK-2026-104536,2026-06-25,North,Noida,Modern Wall Clock,Home & Kitchen,1,806,806,CUST-74418,Website
UK-2026-102542,2026-04-29,South,Kochi,Non-Stick Cookware Set,Home & Kitchen,1,3017,3017,CUST-12211,Website
UK-2026-104822,2026-06-28,South,Chennai,Sunscreen SPF50,Beauty,1,575,575,CUST-17735,Website
UK-2026-101402,2026-02-01,Central,Bhopal,Dinner Set 24pc,Home & Kitchen,1,2405,2405,CUST-50465,App
UK-2026-103496,09/05/2026,East,Bhubaneswar,Smart Watch X2,Electronics,1,4333,4333,CUST-17576,App
UK-2026-102486,2026-04-02,East,Patna,Ionic Hair Dryer,Beauty,1,1830,1830,CUST-46277,Marketplace
UK-2026-101858,2026-03-28,Central,Nagpur,Non-Stick Cookware Set,Home & Kitchen,2,2972,5944,CUST-65022,App
UK-2026-103835,2026-05-02,North,Noida,Dinner Set 24pc,Home & Kitchen,1,2437,2437,CUST-45992,Website
UK-2026-104027,2026-06-14,South,Hyderabad,Wireless Earbuds Pro,Electronics,1,3062,3062,CUST-45183,Marketplace
UK-2026-101032,2026-02-24,North,Delhi,Face Wash Combo,Beauty,2,453,906,CUST-82669,Website
UK-2026-101144,2026-02-19,West,Surat,Cotton Bedsheet Set,Home & Kitchen,2,1382,2764,CUST-96955,App
UK-2026-104658,2026-06-21,East,Guwahati,Adjustable Dumbbells 15kg,Sports,1,4938,4938,CUST-50915,App
UK-2026-101803,"Mar 12, 2026",North,Chandigarh,Adjustable Dumbbells 15kg,Sports,1,5126,5126,CUST-51770,App
UK-2026-103410,2026-05-24,East,Kolkata,Foldable Treadmill T2,Sports,1,23756,23756,CUST-85174,Website
UK-2026-100129,2026-01-09,,Pune,Cotton Bedsheet Set,Home & Kitchen,2,1462,2924,CUST-34610,Website
UK-2026-104225,2026-06-25,North,Noida,Cricket Bat English Willow,Sports,2,8991,17982,CUST-75278,App
UK-2026-104228,2026-06-05,East,Guwahati,Smart Watch X2,Electronics,3,4621,13863,CUST-45244,App
UK-2026-100402,2026-01-13,East,Guwahati,Denim Jacket,Fashion,1,2261,2261,CUST-12706,App
UK-2026-103551,2026-05-15,West,Pune,Robot Vacuum R7,Home & Kitchen,1,19432,19432,CUST-33262,Website
UK-2026-100716,2026-01-08,North,Noida,Foldable Treadmill T2,Sports,2,25839,"₹51,678",CUST-44391,App
UK-2026-103086,2026-04-23,North,Chandigarh,Face Wash Combo,Beauty,3,460,1380,CUST-97506,App
UK-2026-103275,2026-05-23,,Kochi,Leather Wallet,Fashion,1,928,928,CUST-40259,App
UK-2026-100737,2026-02-12,North,Noida,Denim Jacket,Fashion,1,2306,2306,CUST-34962,Website
UK-2026-104970,2026-06-23,North,Delhi,Power Bank 20000mAh,Electronics,3,1810,5430,CUST-32822,Website
UK-2026-101756,2026-03-21,North,Noida,Foldable Treadmill T2,Sports,1,23836,23836,CUST-23235,Marketplace
UK-2026-103636,2026-05-10,South,Hyderabad,Wireless Earbuds Pro,Electronics,1,2900,2900,CUST-92571,Marketplace
UK-2026-101749,2026-03-20,East,Guwahati,Beard Grooming Kit,Beauty,1,951,951,CUST-44301,App
UK-2026-103582,2026-05-16,West,Surat,Running Sneakers,Fashion,2,2798,5596,CUST-51879,App
UK-2026-102937,2026-04-20,South,Kochi,Slim Fit Jeans,Fashion,1,1535,1535,CUST-12009,App
UK-2026-103815,2026-05-29,North,Noida,Running Sneakers,Fashion,1,2775,2775,CUST-82485,App
UK-2026-100231,2026-01-18,West,Surat,Cotton Kurta Set,Fashion,1,1265,1265,CUST-18201,Website
UK-2026-101634,2026-03-16,West,Pune,Ethnic Dupatta,Fashion,1,481,481,CUST-40872,Website
UK-2026-103578,2026-05-19,Central,Raipur,Electric Kettle 1.5L,Home & Kitchen,2,1098,2196,CUST-81747,Marketplace
UK-2026-100954,2026-02-23,North,New Delhi,Noise-Cancelling Headphones,Electronics,1,9068,9068,CUST-81060,App
UK-2026-100717,2026-01-28,West,Ahmedabad,Yoga Mat Pro,Sports,1,1200,1200,CUST-74825,App
UK-2026-101344,2026-02-15,North,Chandigarh,Slim Fit Jeans,Fashion,1,1634,1634,CUST-12188,App
UK-2026-101206,2026-02-28,South,Chennai,Modern Wall Clock,Home & Kitchen,1,837,837,CUST-85795,App
UK-2026-100705,2026-01-09,North,Gurugram,Ultrabook Air 14,Electronics,1,30578,30578,CUST-91644,Website
UK-2026-104244,2026-06-21,South,Chennai,Matte Lipstick Set,Beauty,1,893,893,CUST-55045,Website
UK-2026-101274,2026-02-20,North,Delhi,Running Sneakers,Fashion,1,2873,2873,CUST-27329,App
UK-2026-103926,2026-05-08,South,Chennai,Wireless Earbuds Pro,Electronics,1,2891,2891,CUST-36198,Marketplace
UK-2026-100821,2026-02-18,North,Noida,Cotton Kurta Set,Fashion,2,1330,2660,CUST-74947,App
UK-2026-104345,2026-06-05,South,Hyderabad,Makeup Brush Set,Beauty,2,1342,2684,CUST-36001,App
UK-2026-104955,2026-06-05,Central,Bhopal,Modern Wall Clock,Home & Kitchen,1,793,793,CUST-47967,App
UK-2026-101927,2026-03-03,South,Chennai,ROBOT VACUUM R7,Home & Kitchen,2,18233,36466,CUST-69633,App
UK-2026-104209,2026-06-22,West,Ahmedabad,Badminton Racket Set,Sports,2,2476,4952,CUST-22705,Marketplace
UK-2026-101025,2026-02-22,South,Bengaluru,Yoga Mat Pro,Sports,1,1185,1185,CUST-13107,App
UK-2026-100760,2026-02-07,North,Gurugram,Ultrabook Air 14,Electronics,1,30941,30941,CUST-62831,Marketplace
UK-2026-101479,2026-03-03,West,Mumbai,Non-Stick Cookware Set,Home & Kitchen,1,2805,"₹2,805",CUST-86669,Website
UK-2026-100990,2026-02-10,Central,Raipur,Leather Wallet,Fashion,1,870,870,CUST-62173,Website
UK-2026-103964,2026-05-19,North,Gurugram,Dinner Set 24pc,Home & Kitchen,1,2601,2601,CUST-24914,App
UK-2026-102529,2026-04-19,North,Noida,Running Sneakers,Fashion,3,2904,8712,CUST-61925,App
UK-2026-104905,2026-06-17,South,Chennai,Noise-Cancelling Headphones,Electronics,1,9167,9167,CUST-44465,App
UK-2026-100908,2026-02-03,North,Delhi,Bluetooth Speaker Mini,Electronics,2,1487,2974,CUST-78733,App
UK-2026-100013,2026-01-17,North,Noida,Ethnic Dupatta,Fashion,2,507,1014,CUST-44588,Website
UK-2026-100061,2026-01-11,East,Bhubaneswar,Wireless Earbuds Pro,Electronics,1,2993,2993,CUST-41723,App
UK-2026-102983,2026-04-09,Central,Bhopal,Yoga Mat Pro,Sports,1,1152,1152,CUST-74278,Marketplace
UK-2026-102594,2026-04-04,West,pune,Smart Watch X2,Electronics,1,4593,4593,CUST-94583,Marketplace
UK-2026-104421,2026-06-28,West,Pune,Air Fryer 5L,Home & Kitchen,1,5742,5742,CUST-84525,App
UK-2026-104708,2026-06-24,South,Hyderabad,Cotton Bedsheet Set,Home & Kitchen,1,1348,1348,CUST-75253,Website
UK-2026-104801,2026-06-21,South,Bengaluru,Formal Shirt,Fashion,1,1147,1147,CUST-16730,App
UK-2026-103845,05/05/2026,North,Gurugram,Denim Jacket,Fashion,1,2195,2195,CUST-73960,Marketplace
UK-2026-100344,2026-01-14,South,Kochi,Cotton Bedsheet Set,Home & Kitchen,1,1467,1467,CUST-33401,App
UK-2026-101953,2026-03-31,South,Bangalore,Smart Watch X2,Electronics,1,4548,4548,CUST-60035,Website
UK-2026-101028,2026-02-25,North,Chandigarh,Sunscreen SPF50,Beauty,1,568,568,CUST-69633,App
UK-2026-102154,2026-03-06,South,Chennai,Ultrabook Air 14,Electronics,2,28625,57250,CUST-24646,Website
UK-2026-103575,2026-05-26,North,Gurugram,Badminton Racket Set,Sports,1,2437,2437,CUST-24465,App
UK-2026-102545,2026-04-17,Central,Nagpur,Formal Shirt,Fashion,4,1091,4364,CUST-58165,App
UK-2026-104111,2026-06-28,East,Kolkata,Sunscreen SPF50,Beauty,1,541,541,CUST-96209,App
UK-2026-101671,2026-03-22,West,Mumbai,Noise-Cancelling Headphones,Electronics,1,8918,8918,CUST-44789,App
UK-2026-101386,2026-02-18,West,Surat,Vitamin C Serum,Beauty,2,674,1348,CUST-12956,Website
UK-2026-102605,25-04-26,West,Mumbai,Non-Stick Cookware Set,Home & Kitchen,3,2999,8997,CUST-29862,App
UK-2026-100326,2026-01-26,West,Ahmedabad,Slim Fit Jeans,Fashion,1,1586,1586,CUST-84149,App
UK-2026-100593,2026-01-05,Central,Bhopal,Wireless Earbuds Pro,Electronics,1,2982,2982,CUST-19500,Website
UK-2026-100348,2026-01-01,South,Bengaluru,Matte Lipstick Set,Beauty,1,917,917,CUST-73580,Marketplace
UK-2026-101794,2026-03-26,North,Chandigarh,Foldable Treadmill T2,Sports,2,24488,48976,CUST-96661,Website
UK-2026-101553,2026-03-09,West,Surat,Mirrorless Camera Lite,Electronics,1,28727,28727,CUST-85096,App
UK-2026-101223,"Feb 17, 2026",West,Surat,43-inch Smart TV,Electronics,1,25472,25472,CUST-35482,App
UK-2026-104659,2026-06-03,East,Bhubaneswar,Dinner Set 24pc,Home & Kitchen,1,2470,2470,CUST-32536,Website
UK-2026-102083,2026-03-12,East,Guwahati,Modern Wall Clock,Home & Kitchen,1,833,833,CUST-58364,Website
UK-2026-101326,2026-02-04,South,Bengaluru,Wireless Earbuds Pro,Electronics,2,3026,6052,CUST-63418,App
UK-2026-102656,2026-04-25,South,Bengaluru,Denim Jacket,Fashion,3,2289,6867,CUST-25393,Marketplace
UK-2026-102999,2026-04-26,South,Chennai,Face Wash Combo,Beauty,1,460,460,CUST-99209,App
UK-2026-102880,2026-04-28,South,Hyderabad,Noise-Cancelling Headphones,Electronics,1,9230,9230,CUST-60761,Website
UK-2026-100700,2026-01-30,Central,Nagpur,Bluetooth Speaker Mini,Electronics,1,1492,1492,CUST-28145,Website
UK-2026-101008,2026-02-08,South,Madras,Slim Fit Jeans,Fashion,2,1575,3150,CUST-13813,Website
UK-2026-101892,2026-03-21,North,Chandigarh,Gym Gloves,Sports,1,484,484,CUST-99209,App
UK-2026-103330,2026-05-27,North,Chandigarh,43-inch smart tv,Electronics,1,26636,26636,CUST-79945,App
UK-2026-102405,2026-04-04,South,Bengaluru,Power Bank 20000mAh,Electronics,1,1734,1734,CUST-54399,App
UK-2026-100590,2026-01-18,East,Kolkata,Running Sneakers,Fashion,1,2918,2918,CUST-89819,App
UK-2026-103400,2026-05-03,North,Delhi,Eau de Parfum 100ml,Beauty,1,1915,1915,CUST-43875,Marketplace
UK-2026-100054,2026-01-02,North,Gurugram,Foldable Treadmill T2,Sports,1,24385,24385,CUST-78379,App
UK-2026-102687,2026-04-21,South,Kochi,Electric Kettle 1.5L,Home & Kitchen,4,1054,4216,CUST-80929,App
UK-2026-100324,2026-01-17,,Chandigarh,Mixer Grinder 750W,Home & Kitchen,1,3242,3242,CUST-60787,App
UK-2026-103416,"May 8, 2026",South,Kochi,43-inch Smart TV,Electronics,1,26545,26545,CUST-10816,Marketplace
UK-2026-101348,2026-02-17,North,Gurugram,Matte Lipstick Set,Beauty,1,920,920,CUST-19127,Website
UK-2026-103393,2026-05-20,North,Chandigarh,Vitamin C Serum,Beauty,1,688,688,CUST-30655,App
UK-2026-102629,2026-04-13,South,Bengaluru,Leather Wallet,Fashion,1,902,902,CUST-73212,App
UK-2026-104013,2026-05-27,West,Ahmedabad,Mirrorless Camera Lite,Electronics,2,30422,60844,CUST-59456,Website
UK-2026-104558,2026-06-25,East,Patna,Wireless Earbuds Pro,Electronics,1,3095,3095,CUST-90742,Marketplace
UK-2026-101767,2026-03-10,North,Delhi,Mixer Grinder 750W,Home & Kitchen,2,3402,6804,CUST-50640,Marketplace
UK-2026-102033,2026-03-10,West,Pune,DENIM JACKET,Fashion,1,2096,2096,CUST-17436,Website
UK-2026-100747,2026-02-15,North,Delhi,Slim Fit Jeans,Fashion,2,1598,3196,CUST-34812,App
UK-2026-103328,2026-05-26,West,Surat,Power Bank 20000mAh,Electronics,1,1878,1878,CUST-80268,Marketplace
UK-2026-103106,2026-05-01,North,Delhi,Cycling Helmet,Sports,1,1557,1557,CUST-72369,Website
UK-2026-102418,"Apr 26, 2026",West,Pune,Cotton Kurta Set,Fashion,2,1285,2570,CUST-68829,Website
UK-2026-103800,2026-05-10,South,Kochi,Leather Wallet,Fashion,1,904,904,CUST-87995,App
UK-2026-102866,2026-04-30,West,Pune,Electric Kettle 1.5L,Home & Kitchen,1,1046,1046,CUST-55093,App
UK-2026-100299,2026-01-11,North,Chandigarh,Cotton Kurta Set,Fashion,3,1341,4023,CUST-14910,Website
UK-2026-101488,27/03/2026,Central,Bhopal,43-inch Smart TV,Electronics,2,26009,52018,CUST-83013,Marketplace
UK-2026-100362,2026-01-05,Central,Raipur,Mirrorless Camera Lite,Electronics,2,28610,57220,CUST-82669,App
UK-2026-103279,2026-05-19,Central,Raipur,Smart Watch X2,Electronics,1,4297,4297,CUST-88408,Marketplace
UK-2026-100487,2026-01-10,North,Chandigarh,Ethnic Dupatta,Fashion,1,507,,CUST-55093,App
UK-2026-104644,2026-06-05,North,Gurugram,Eau de Parfum 100ml,Beauty,1,2074,2074,CUST-85399,Website
UK-2026-104812,2026-06-07,South,Kochi,Slim Fit Jeans,Fashion,1,1563,1563,CUST-97821,App
UK-2026-100194,2026-01-26,East,Bhubaneswar,Gym Gloves,Sports,1,498,498,CUST-74336,App
UK-2026-104864,2026-06-19,North,Noida,Mirrorless Camera Lite,Electronics,1,27869,27869,CUST-30482,Website
UK-2026-102736,2026-04-20,East,Patna,Noise-Cancelling Headphones,Electronics,1,9307,,CUST-45142,Website
UK-2026-100477,2026-01-26,South,Bengaluru,Foldable Treadmill T2,Sports,1,25221,25221,CUST-23873,App
UK-2026-100392,2026-01-04,Central,Bhopal,Dinner Set 24pc,Home & Kitchen,1,2600,2600 INR,CUST-64730,App
UK-2026-103865,2026-05-07,South,Bengaluru,Leather Wallet,Fashion,1,943,943,CUST-18252,Website
UK-2026-104398,2026-06-18,Central,Raipur,Foldable Treadmill T2,Sports,1,24556,24556,CUST-72875,App
UK-2026-101801,2026-03-18,Central,Nagpur,Bluetooth Speaker Mini,Electronics,1,1464,1464,CUST-56747,Website
UK-2026-104314,2026-06-19,South,Bengaluru,Leather Wallet,Fashion,1,884,884,CUST-59329,Website
UK-2026-101708,2026-03-23,Central,Indore,Robot Vacuum R7,Home & Kitchen,1,19870,19870,CUST-22072,Website
UK-2026-104371,2026-06-21,North,Noida,43-inch Smart TV,Electronics,1,24884,24884,CUST-81364,Marketplace
UK-2026-102306,2026-04-13,North,Noida,Wireless Earbuds Pro,Electronics,3,2954,8862,CUST-31880,Website
UK-2026-103619,2026-05-16,North,Noida,Wireless Earbuds Pro,Electronics,3,3144,9432,CUST-43973,App
UK-2026-102375,"Apr 24, 2026",East,Bhubaneswar,Slim Fit Jeans,Fashion,1,1659,1659,CUST-76287,App
UK-2026-102554,2026-04-02,South,Kochi,Cricket Bat English Willow,Sports,1,8977,8977,CUST-60977,Website
UK-2026-101809,2026-03-20,West,Surat,Matte Lipstick Set,Beauty,1,937,937,CUST-78529,Marketplace
UK-2026-100673,2026-01-09,East,Patna,Adjustable Dumbbells 15kg,Sports,2,4787,9574,CUST-34976,App
UK-2026-104532,2026-06-01,North,Noida,Electric Kettle 1.5L,Home & Kitchen,2,1129,2258,CUST-48431,Marketplace
UK-2026-100560,2026-01-31,West,Pune,Wireless Earbuds Pro,Electronics,1,3123,3123,CUST-90673,Marketplace
UK-2026-101218,2026-02-16,East,Guwahati,Power Bank 20000mAh,Electronics,1,1849,1849,CUST-71140,Marketplace
UK-2026-101996,2026-03-24,West,Mumbai,Ultrabook Air 14,Electronics,1,29817,29817,CUST-24377,App
UK-2026-103437,2026-05-21,West,Ahmedabad,Face Wash Combo,Beauty,1,470,470,CUST-64882,Website
UK-2026-104766,2026-06-14,West,Pune,Electric Kettle 1.5L,Home & Kitchen,1,1102,1102,CUST-88486,App
UK-2026-101054,2026-02-17,West,Surat,Smart Watch X2,Electronics,3,4332,12996,CUST-96661,App
UK-2026-101137,2026-02-12,North,Noida,Face Wash Combo,Beauty,2,468,936,CUST-63720,App
UK-2026-104377,2026-06-26,South,Bengaluru,Matte Lipstick Set,Beauty,1,920,920,CUST-49404,App
UK-2026-104798,2026-06-27,South,Hyderabad,Electric Kettle 1.5L,Home & Kitchen,1,1075,1075,CUST-12876,App
UK-2026-101602,2026-03-17,West,Mumbai,Beard Grooming Kit,Beauty,2,1035,2070,CUST-88361,App
UK-2026-104963,2026-06-11,East,Guwahati,Makeup Brush Set,Beauty,1,1253,1253,CUST-17111,Website
UK-2026-104072,2026-06-17,West,Surat,Bluetooth Speaker Mini,Electronics,1,1496,1496,CUST-60761,Website
UK-2026-103991,2026-05-17,South,Bengaluru,Cotton Kurta Set,Fashion,1,1275,1275,CUST-99670,Website
UK-2026-101650,2026-03-30,West,Mumbai,Face Wash Combo,Beauty,4,436,1744,CUST-95339,Website
UK-2026-102103,2026-03-27,West,Ahmedabad,Silk Saree,Fashion,3,3586,10758,CUST-57571,Marketplace
UK-2026-101346,2026-02-16,Central,Raipur,Slim Fit Jeans,Fashion,1,1595,1595,CUST-95339,App
UK-2026-103201,2026-05-09,East,Bhubaneswar,Leather Wallet,Fashion,2,940,1880,CUST-10162,Website
UK-2026-104699,2026-06-28,North,Chandigarh,Ethnic Dupatta,Fashion,1,499,499,CUST-10627,App
UK-2026-103229,2026-05-20,North,Gurugram,Yoga Mat Pro,Sports,1,1220,1220,CUST-25961,Marketplace
UK-2026-103641,2026-05-27,North,Delhi,Matte Lipstick Set,Beauty,1,857,857,CUST-82742,App
UK-2026-101692,2026-03-25,North,Gurugram,Non-Stick Cookware Set,Home & Kitchen,1,2946,2946,CUST-57174,App
UK-2026-104264,2026-06-08,South,Hyderabad,Smart Watch X2,Electronics,1,4483,4483,CUST-74278,App
UK-2026-103545,2026-05-12,North,Chandigarh,Non-Stick Cookware Set,Home & Kitchen,2,2941,5882,CUST-39987,Marketplace
UK-2026-100183,2026-01-20,South,Chennai,Dinner Set 24pc,Home & Kitchen,4,2576,10304,CUST-22110,Marketplace
UK-2026-101776,2026-03-15,East,Kolkata,Foldable Treadmill T2,Sports,1,25895,25895,CUST-24277,Website
UK-2026-100692,2026-01-17,West,Pune,Non-Stick Cookware Set,Home & Kitchen,1,2972,2972,CUST-46354,App
UK-2026-102553,2026-04-25,South,Madras,Modern Wall Clock,Home & Kitchen,2,832,1664,CUST-76734,Website
UK-2026-100303,2026-01-01,South,Bengaluru,Bluetooth Speaker Mini,Electronics,1,1562,1562,CUST-80892,Marketplace
UK-2026-101442,2026-02-10,North,Delhi,Leather Wallet,Fashion,1,868,868,CUST-79002,Website
UK-2026-100857,2026-02-04,South,Chennai,Cricket Bat English Willow,Sports,1,9236,9236,CUST-99143,Website
UK-2026-101878,2026-03-22,South,Bengaluru,Beard Grooming Kit,Beauty,1,1048,1048,CUST-14494,App
UK-2026-100606,2026-01-06,North,Chandigarh,Air Fryer 5L,Home & Kitchen,1,5632,5632,CUST-49295,App
UK-2026-104162,2026-06-14,West,Pune,Football Size 5,Sports,1,908,908,CUST-73872,Website
UK-2026-104860,2026-06-01,North,Gurugram,Gym Gloves,Sports,1,504,504,CUST-13154,Marketplace
UK-2026-102402,2026-04-30,South,Hyderabad,Bluetooth Speaker Mini,Electronics,1,1571,1571,CUST-29064,Website
UK-2026-102476,2026-04-13,,Patna,Eau de Parfum 100ml,Beauty,1,1918,1918,CUST-32650,App
UK-2026-103134,2026-05-04,North,Chandigarh,Noise-Cancelling Headphones,Electronics,2,8901,17802,CUST-85399,Marketplace
UK-2026-104260,2026-06-17,South,Bengaluru,Beard Grooming Kit,Beauty,1,974,974,CUST-59701,Marketplace
UK-2026-101130,2026-02-05,East,Guwahati,Matte Lipstick Set,Beauty,1,903,903,CUST-73857,App
UK-2026-101490,2026-03-04,North,Delhi,Denim Jacket,Fashion,1,2305,2305,CUST-68435,App
UK-2026-103880,2026-05-14,South,Kochi,Running Sneakers,Fashion,1,2744,2744,CUST-97017,App
UK-2026-101876,2026-03-12,South,Hyderabad,Electric Kettle 1.5L,Home & Kitchen,2,1109,2218,CUST-94287,App
UK-2026-101849,2026-03-03,West,Mumbai,Air Fryer 5L,Home & Kitchen,1,5737,5737,CUST-45198,App
UK-2026-100992,2026-02-02,South,Chennai,Yoga Mat Pro,Sports,1,1244,1244,CUST-34390,App
UK-2026-103522,2026-05-09,West,Surat,Ethnic Dupatta,Fashion,1,475,475,CUST-33128,App
UK-2026-102116,2026-03-31,,Hyderabad,Wireless Earbuds Pro,Electronics,1,2947,2947,CUST-59819,Marketplace
UK-2026-100085,2026-01-14,South,Kochi,Face Wash Combo,Beauty,1,432,432,CUST-25870,App
UK-2026-100156,03/01/2026,South,Bengaluru,Noise-Cancelling Headphones,Electronics,2,9035,18070,CUST-11390,App
UK-2026-102379,2026-04-10,South,Hyderabad,Formal Shirt,Fashion,1,1090,1090,CUST-39590,Marketplace
UK-2026-100089,2026-01-30,West,Surat,Cotton Kurta Set,Fashion,1,1259,1259,CUST-52649,Website
UK-2026-102809,2026-04-13,South,Kochi,Ethnic Dupatta,Fashion,1,522,522,CUST-72409,App
UK-2026-102459,2026-04-25,North,Gurugram,Ethnic Dupatta,Fashion,4,506,2024,CUST-26933,Marketplace
UK-2026-103007,2026-04-23,South,Cochin,Non-Stick Cookware Set,Home & Kitchen,3,2962,8886,CUST-41618,Website
UK-2026-102112,2026-03-26,West,Mumbai,Football Size 5,Sports,1,935,935,CUST-75271,Website
UK-2026-100181,"Jan 16, 2026",North,Gurugram,Dinner Set 24pc,Home & Kitchen,1,2410,2410,CUST-20278,Marketplace
UK-2026-104046,2026-06-03,South,Kochi,Bluetooth Speaker Mini,Electronics,1,1564,1564,CUST-38641,App
UK-2026-101688,2026-03-25,South,Kochi,Bluetooth Speaker Mini,Electronics,1,1496,1496,CUST-20025,Marketplace
UK-2026-100926,2026-02-28,South,Kochi,Robot Vacuum R7,Home & Kitchen,1,18942,18942,CUST-51236,Website
UK-2026-100159,2026-01-10,Central,Bhopal,Eau de Parfum 100ml,Beauty,1,1939,1939,CUST-29391,App
UK-2026-101698,2026-03-16,Central,Raipur,Badminton Racket Set,Sports,1,2451,2451,CUST-73580,App
UK-2026-104557,2026-06-30,South,Hyderabad,Makeup Brush Set,Beauty,1,1314,1314,CUST-82908,App
UK-2026-102799,2026-04-08,South,Hyderabad,Modern Wall Clock,Home & Kitchen,1,812,812,CUST-91382,Website
UK-2026-102163,2026-03-28,East,Guwahati,Cotton Kurta Set,Fashion,1,1324,1324,CUST-31889,Website
UK-2026-101122,2026-02-10,South,Chennai,Formal Shirt,Fashion,2,1135,2270,CUST-69326,App
UK-2026-100549,2026-01-13,West,Ahmedabad,43-inch Smart TV,Electronics,3,27053,81159,CUST-34610,Website
UK-2026-103436,2026-05-23,West,Ahmedabad,Formal Shirt,Fashion,1,1071,1071,CUST-49845,App
UK-2026-102823,2026-04-10,North,Delhi,Beard Grooming Kit,Beauty,1,1038,1038,CUST-85004,App
UK-2026-103343,2026-05-12,South,Kochi,Adjustable Dumbbells 15kg,Sports,1,4816,4816,CUST-63237,Marketplace
UK-2026-102889,2026-04-29,South,Kochi,Mixer Grinder 750W,Home & Kitchen,4,3384,13536,CUST-17576,Marketplace
UK-2026-101905,2026-03-11,Central,Raipur,Gym Gloves,Sports,1,480,480,CUST-78281,Website
UK-2026-101773,2026-03-12,Central,Bhopal,Ultrabook Air 14,Electronics,2,31327,62654,CUST-50889,App
UK-2026-104347,2026-06-12,South,Hyderabad,Bluetooth Speaker Mini,Electronics,1,1480,1480,CUST-44124,Website
UK-2026-102523,2026-04-26,North,Chandigarh,Formal Shirt,Fashion,1,1081,1081,CUST-62884,Website
UK-2026-104233,2026-06-11,West,Ahmedabad,Mixer Grinder 750W,Home & Kitchen,2,3426,6852,CUST-41826,Marketplace
UK-2026-103029,2026-04-18,Central,Nagpur,Mixer Grinder 750W,Home & Kitchen,-1,3233,6466,CUST-32982,App
UK-2026-101177,2026-02-20,South,Bengaluru,Dinner Set 24pc,Home & Kitchen,2,2423,4846,CUST-18867,Website
UK-2026-101937,2026-03-04,North,Gurugram,Running Sneakers,Fashion,1,2676,2676,CUST-34157,App
UK-2026-100263,2026-01-14,East,Kolkata,Non-Stick Cookware Set,Home & Kitchen,2,3024,6048,CUST-71475,App
UK-2026-100317,2026-01-16,West,Ahmedabad,Cotton Bedsheet Set,Home & Kitchen,1,1454,1454,CUST-93459,App
UK-2026-102483,2026-04-15,South,Cochin,Sunscreen SPF50,Beauty,1,543,543,CUST-77886,App
UK-2026-100944,2026-02-17,East,Patna,Bluetooth Speaker Mini,Electronics,2,1473,2946,CUST-52558,App
UK-2026-102133,2026-03-28,South,Bengaluru,Ethnic Dupatta,Fashion,1,476,476,CUST-33491,App
UK-2026-104312,2026-06-04,West,Surat,43-inch Smart TV,Electronics,1,26789,26789,CUST-35482,Marketplace
UK-2026-102470,2026-04-29,North,Chandigarh,Non-Stick Cookware Set,Home & Kitchen,1,2864,2864,CUST-12793,App
UK-2026-104979,2026-06-01,South,Bengaluru,Cricket Bat English Willow,Sports,4,8609,34436,CUST-24641,App
UK-2026-103929,19/05/2026,South,Bengaluru,Formal Shirt,Fashion,1,1064,1064,CUST-74359,Website
UK-2026-100190,2026-01-12,North,Noida,Noise-Cancelling Headphones,Electronics,2,9179,18358,CUST-28819,Website
UK-2026-101272,2026-02-13,West,Surat,Air Fryer 5L,Home & Kitchen,2,5367,"10,734.00",CUST-22747,Website
UK-2026-101904,2026-03-04,West,Pune,Wireless Earbuds Pro,Electronics,2,3054,6108,CUST-39935,Marketplace
UK-2026-104926,2026-06-16,Central,Nagpur,Running Sneakers,Fashion,1,2753,2753,CUST-85096,App
UK-2026-103028,2026-04-09,West,Mumbai,Power Bank 20000mAh,Electronics,2,1847,3694,CUST-65051,Website
UK-2026-100003,2026-01-31,West,Mumbai,Leather Wallet,Fashion,1,862,862,CUST-71677,App
UK-2026-100057,2026-01-05,Central,Bhopal,Makeup Brush Set,Beauty,1,1276,1276,CUST-29876,Website
UK-2026-102489,2026-04-20,West,Mumbai,Running Sneakers,Fashion,2,2922,5844,CUST-93334,App
UK-2026-100598,2026-01-16,East,Bhubaneswar,43-inch Smart TV,Electronics,1,27091,27091,CUST-15434,Marketplace
UK-2026-102433,2026-04-23,East,Patna,Noise-Cancelling Headphones,Electronics,1,9071,9071,CUST-74418,App
UK-2026-100229,2026-01-15,East,Kolkata   ,Leather Wallet,Fashion,1,932,932,CUST-44366,Website
UK-2026-104099,2026-06-25,South,Bengaluru,Ultrabook Air 14,Electronics,1,29584,29584,CUST-15984,Marketplace
UK-2026-102793,2026-04-06,South,Kochi,Electric Kettle 1.5L,Home & Kitchen,1,1119,1119,CUST-25065,Website
UK-2026-103500,2026-05-15,East,Patna,Matte Lipstick Set,Beauty,1,926,926,CUST-60035,App
UK-2026-100036,2026-01-04,South,Hyderabad,Mirrorless Camera Lite,Electronics,1,27808,27808 INR,CUST-73800,Marketplace
UK-2026-101931,2026-03-20,North,Delhi,Slim Fit Jeans,Fashion,1,1675,1675,CUST-33208,App
UK-2026-104627,2026-06-14,West,Ahmedabad,Non-Stick Cookware Set,Home & Kitchen,1,2807,2807,CUST-57256,App
UK-2026-102774,2026-04-21,South,Chennai,Ionic Hair Dryer,Beauty,1,1900,1900,CUST-33383,App
UK-2026-102086,2026-03-03,North,Gurugram,Smart Watch X2,Electronics,1,4420,4420,CUST-63792,Website
UK-2026-103041,2026-04-19,North,Chandigarh,Formal Shirt,Fashion,1,1083,,CUST-74947,Marketplace
UK-2026-103913,2026-05-13,North,Delhi,Non-Stick Cookware Set,Home & Kitchen,1,2848,2848,CUST-10502,Marketplace
UK-2026-100545,2026-01-14,East,Patna,Makeup Brush Set,Beauty,1,1244,1244,CUST-70064,Marketplace
UK-2026-102041,2026-03-12,South,Bengaluru,43-inch Smart TV,Electronics,1,27222,27222,CUST-10134,Marketplace
UK-2026-102420,2026-04-21,North,Gurugram,Cotton Kurta Set,Fashion,2,1345,2690,CUST-43991,App
UK-2026-102254,2026-04-02,East,Kolkata,Leather Wallet,Fashion,1,894,894,CUST-62884,App
UK-2026-104120,2026-06-10,North,Gurugram,Electric Kettle 1.5L,Home & Kitchen,1,1132,1132,CUST-33166,App
UK-2026-103688,2026-05-09,North,Noida,Denim Jacket,Fashion,1,2213,,CUST-18059,App
UK-2026-100924,2026-02-05,,Ahmedabad,Dinner Set 24pc,Home & Kitchen,1,2453,2453,CUST-49437,Website
UK-2026-101603,2026-03-25,South,Kochi,Cricket Bat English Willow,Sports,1,8830,8830,CUST-39287,Marketplace
UK-2026-102678,2026-04-07,Central,Indore,Cotton Kurta Set,Fashion,1,1277,1277,CUST-19863,App
UK-2026-101686,2026-03-28,West,Ahmedabad,Formal Shirt,Fashion,1,1056,1056,CUST-33166,App
UK-2026-102862,2026-04-18,East,Kolkata,Wireless Earbuds Pro,Electronics,2,3048,6096,CUST-12937,App
UK-2026-103133,2026-05-13,Central,Nagpur,Cycling Helmet,Sports,4,1632,6528,CUST-84701,Website
UK-2026-100945,2026-02-27,Central,Nagpur,Air Fryer 5L,Home & Kitchen,3,5492,16476,CUST-29588,App
UK-2026-101360,2026-02-10,West,Pune,Electric Kettle 1.5L,Home & Kitchen,2,1105,2210,CUST-50830,Website
UK-2026-101321,2026-02-13,North,Noida,Modern Wall Clock,Home & Kitchen,1,821,821,CUST-94390,App
UK-2026-103114,2026-05-20,South,Hyderabad,Vitamin C Serum,Beauty,1,730,730,CUST-84647,App
UK-2026-102916,2026-04-14,Central,Nagpur,Denim Jacket,Fashion,1,2126,,CUST-37662,App
UK-2026-102926,2026-04-09,West,Mumbai,Cotton Kurta Set,Fashion,1,1299,1299,CUST-34492,Website
UK-2026-102458,2026-04-13,West,Surat,Slim Fit Jeans,Fashion,3,1596,4788,CUST-37185,Website
UK-2026-102582,2026-04-04,West,Mumbai,Wireless Earbuds Pro,Electronics,2,2947,5894,CUST-47450,Marketplace
UK-2026-101377,2026-02-09,West,Surat,Wireless Earbuds Pro,Electronics,1,3004,3004,CUST-90035,App
UK-2026-101636,2026-03-04,West,Mumbai,  Foldable Treadmill T2,Sports,2,26106,52212,CUST-79752,App
UK-2026-104292,2026-06-03,North,Chandigarh,Noise-Cancelling Headphones,Electronics,2,8810,17620,CUST-50867,Website
UK-2026-101026,"Feb 17, 2026",Central,Raipur,Ultrabook Air 14,Electronics,1,28828,28828,CUST-52649,App
UK-2026-103120,2026-05-19,West,Surat,Power Bank 20000mAh,Electronics,1,1789,1789,CUST-23796,Marketplace
UK-2026-101053,2026-02-20,South,Hyderabad,Modern Wall Clock,Home & Kitchen,1,835,835,CUST-78965,Marketplace
UK-2026-102022,2026-03-28,West,Surat,Sunscreen SPF50,Beauty,,540,1620,CUST-42339,App
UK-2026-103802,2026-05-07,East,Bhubaneswar,Air Fryer 5L,Home & Kitchen,2,5343,10686,CUST-65202,App
UK-2026-102104,2026-03-25,East,Guwahati,Cotton Bedsheet Set,Home & Kitchen,3,1351,4053,CUST-62250,Website
UK-2026-101302,2026-02-23,West,Mumbai,Silk Saree,Fashion,1,3520,3520,CUST-57471,App
UK-2026-102540,2026-04-11,West,Surat,Football Size 5,Sports,1,875,875,CUST-98641,Website
UK-2026-101473,2026-03-31,West,Pune,Slim Fit Jeans,Fashion,3,1632,4896,CUST-48009,Marketplace
UK-2026-102461,2026-04-17,Central,Raipur,Robot Vacuum R7,Home & Kitchen,2,18730,,CUST-89625,Marketplace
UK-2026-101762,2026-03-18,North,Chandigarh,Football Size 5,Sports,1,928,928,CUST-57367,Website
UK-2026-101085,2026-02-11,South,Hyderabad,Formal Shirt,Fashion,1,1064,1064,CUST-27737,Marketplace
UK-2026-103872,2026-05-15,South,Hyderabad,Denim Jacket,Fashion,1,2297,2297,CUST-38193,App
UK-2026-103335,2026-05-01,West,Surat,Robot Vacuum R7,Home & Kitchen,1,18941,18941,CUST-32822,Marketplace
UK-2026-104570,2026-06-04,West,Ahmedabad,Sunscreen SPF50,Beauty,1,547,547,CUST-92024,App
UK-2026-101267,2026-02-16,North,Gurugram,Leather Wallet,Fashion,1,899,899,CUST-16556,App
UK-2026-104361,2026-06-28,Central,Bhopal,Ethnic Dupatta,Fashion,1,487,487,CUST-28961,App
UK-2026-104019,2026-05-08,South,Hyderabad,Electric Kettle 1.5L,Home & Kitchen,-1,1127,1127,CUST-49044,Website
UK-2026-103264,2026-05-25,West,Surat,Noise-Cancelling Headphones,Electronics,1,9119,9119,CUST-16770,App
UK-2026-100900,2026-02-17,West,Pune,Running Sneakers,Fashion,1,2886,,CUST-57256,Website
UK-2026-100681,2026-01-23,North,Delhi,Ultrabook Air 14,Electronics,1,31449,31449,CUST-59961,Website
UK-2026-102200,2026-03-29,North,Delhi,Noise-Cancelling Headphones,Electronics,2,9096,18192,CUST-92298,Marketplace
UK-2026-102749,2026-04-10,West,Surat,Gym Gloves,Sports,1,517,517,CUST-13857,Marketplace
UK-2026-103337,2026-05-13,North,Noida,Beard Grooming Kit,Beauty,1,992,992,CUST-50858,App
UK-2026-100206,2026-01-09,West,Pune,Formal Shirt,Fashion,1,1049,1049,CUST-25155,App
UK-2026-104640,2026-06-08,South,Bengaluru,Face Wash Combo,Beauty,1,464,464,CUST-80884,App
UK-2026-101968,2026-03-10,South,Bengaluru,Silk Saree,Fashion,2,3474,6948,CUST-55477,Website
UK-2026-102985,2026-04-29,North,Gurugram,Bluetooth Speaker Mini,Electronics,2,1495,2990,CUST-46313,App
UK-2026-100310,2026-01-30,North,Gurugram,Noise-Cancelling Headphones,Electronics,2,9038,18076,CUST-25729,Marketplace
UK-2026-104059,2026-06-16,Central,Indore,Silk Saree,Fashion,2,3459,6918,CUST-90124,App
UK-2026-100851,2026-02-19,North,Chandigarh,Bluetooth Speaker Mini,Electronics,1,1557,1557,CUST-29029,Website
UK-2026-102289,2026-04-16,South,Madras,Formal Shirt,Fashion,1,1125,1125,CUST-52596,App
UK-2026-102596,2026-04-30,East,Guwahati,Mirrorless Camera Lite,Electronics,1,27783,27783,CUST-78777,App
UK-2026-103724,2026-05-31,North,Noida,Face Wash Combo,Beauty,4,446,1784,CUST-70104,Marketplace
UK-2026-102391,2026-04-21,Central,Bhopal,Robot Vacuum R7,Home & Kitchen,1,19704,19704,CUST-89198,App
UK-2026-102979,2026-04-25,North,Noida,Bluetooth Speaker Mini,Electronics,1,1533,,CUST-83791,Marketplace
UK-2026-101622,2026-03-29,Central,Bhopal,Denim Jacket,Fashion,1,2143,2143,CUST-15984,App
UK-2026-104877,2026-06-22,West,Surat,Cricket Bat English Willow,Sports,1,8862,8862,CUST-90501,Marketplace
UK-2026-102307,2026-04-15,West,Mumbai,Slim Fit Jeans,Fashion,1,1524,1524,CUST-12956,App
UK-2026-103492,2026-05-16,North,Gurugram,Adjustable Dumbbells 15kg,Sports,1,5050,5050,CUST-76055,Marketplace
UK-2026-103980,2026-05-23,South,Chennai,Running Sneakers,Fashion,1,2694,2694,CUST-50022,Marketplace
UK-2026-104567,2026-06-11,North,Chandigarh,Smart Watch X2,Electronics,1,4344,4344,CUST-88724,App
UK-2026-102484,2026-04-10,South,Kochi,Ethnic Dupatta,Fashion,2,487,974,CUST-49213,Website
UK-2026-102117,2026-03-21,South,Chennai,Gym Gloves,Sports,1,498,498,CUST-65337,App
UK-2026-100379,2026-01-02,South,Chennai,Noise-Cancelling Headphones,Electronics,2,9428,18856,CUST-19703,App
UK-2026-104782,2026-06-22,South,Kochi,Matte Lipstick Set,Beauty,1,916,916,CUST-90288,App
UK-2026-100503,2026-01-16,South,Hyderabad,Noise-Cancelling Headphones,Electronics,2,8584,17168,CUST-92966,Website
UK-2026-100422,2026-01-12,North,Gurugram,Foldable Treadmill T2,Sports,1,23851,23851,CUST-47833,Website
UK-2026-103975,2026-05-10,West,Pune,Denim Jacket,Fashion,2,2207,4414,CUST-46277,Website
UK-2026-100663,2026-01-28,Central,Raipur,Running Sneakers,Fashion,1,2686,"2,686.00",CUST-83936,App
UK-2026-101750,2026-03-12,West,Surat,Bluetooth Speaker Mini,Electronics,1,1548,1548,CUST-24433,Marketplace
UK-2026-103976,2026-05-26,South,Hyderabad,Air Fryer 5L,Home & Kitchen,2,5743,11486,CUST-79490,Website
UK-2026-102325,2026-04-24,North,Noida,Wireless Earbuds Pro,Electronics,1,3121,3121,CUST-37836,Marketplace
UK-2026-102593,"Apr 22, 2026",North,Delhi,Vitamin C Serum,Beauty,2,687,1374,CUST-19217,Website
UK-2026-100614,2026-01-08,East,Guwahati,Ionic Hair Dryer,Beauty,1,1859,1859,CUST-82485,App
UK-2026-102581,2026-04-18,South,Bengaluru,Silk Saree,Fashion,4,3653,14612,CUST-84707,Website
UK-2026-102864,2026-04-16,West,Surat,Vitamin C Serum,Beauty,1,731,731,CUST-64726,App
UK-2026-104425,2026-06-17,North,Chandigarh,Wireless Earbuds Pro,Electronics,1,2897,2897,CUST-94070,Marketplace
UK-2026-102366,2026-04-27,North,Noida,Ionic Hair Dryer,Beauty,1,1910,1910,CUST-73913,App
UK-2026-104676,2026-06-06,South,Bangalore,Vitamin C Serum,Beauty,1,701,701,CUST-40536,Website
UK-2026-101766,2026-03-12,South,Chennai,Beard Grooming Kit,Beauty,1,995,995,CUST-25538,Website
UK-2026-103758,2026-05-10,West,Surat,Bluetooth Speaker Mini,Electronics,1,1565,1565,CUST-36001,App
UK-2026-101612,2026-03-30,South,Chennai,Adjustable Dumbbells 15kg,Sports,2,4970,9940,CUST-68829,Marketplace
UK-2026-101547,2026-03-08,Central,Raipur,Sunscreen SPF50,Beauty,1,547,547,CUST-88349,Website
UK-2026-100623,2026-01-07,Central,Nagpur,Yoga Mat Pro,Sports,1,1202,"₹1,202",CUST-80449,Website
UK-2026-103640,2026-05-22,North,Chandigarh,Power Bank 20000mAh,Electronics,1,1839,1839,CUST-91421,App
UK-2026-103493,2026-05-07,West,Pune,Wireless Earbuds Pro,Electronics,1,3071,3071,CUST-19349,Marketplace
UK-2026-102110,2026-03-14,West,Ahmedabad,Denim Jacket,Fashion,2,2174,4348,CUST-44366,App
UK-2026-103840,2026-05-15,West,Ahmedabad,Robot Vacuum R7,Home & Kitchen,1,19213,19213,CUST-34534,Website
UK-2026-102413,2026-04-04,South,Kochi,Silk Saree,Fashion,1,3559,3559,CUST-68374,Website
UK-2026-101599,2026-03-11,North,Noida,Smart Watch X2,Electronics,1,4637,4637,CUST-37324,Website
UK-2026-102742,2026-04-09,North,Noida,Vitamin C Serum,Beauty,0,683,683,CUST-23533,App
UK-2026-101097,2026-02-14,South,Kochi,  Ethnic Dupatta,Fashion,1,496,496,CUST-71815,Marketplace
UK-2026-103746,2026-05-10,South,Hyderabad,Cycling Helmet,Sports,2,1616,3232,CUST-30382,Website
UK-2026-103349,2026-05-05,Central,Raipur,Cotton Kurta Set,Fashion,1,1276,1276,CUST-17576,Website
UK-2026-103245,2026-05-14,Central,Raipur,Electric Kettle 1.5L,Home & Kitchen,2,1046,2092,CUST-34534,App
UK-2026-103990,2026-05-03,East,Patna,Non-Stick Cookware Set,Home & Kitchen,1,2816,2816,CUST-50465,App
UK-2026-104733,2026-06-07,East,Patna,Noise-Cancelling Headphones,Electronics,1,9315,9315,CUST-11391,Marketplace
UK-2026-101068,2026-02-28,West,Surat,Denim Jacket,Fashion,1,2264,2264,CUST-10859,App
UK-2026-101939,2026-03-12,West,Surat,Dinner Set 24pc,Home & Kitchen,1,2491,2491,CUST-40770,App
UK-2026-103373,2026-05-19,North,Chandigarh,Yoga Mat Pro,Sports,1,1157,1157,CUST-18679,App
UK-2026-103045,2026-04-21,West,Mumbai,Mixer Grinder 750W,Home & Kitchen,1,3220,"₹3,220",CUST-93354,Website
UK-2026-102388,2026-04-28,West,Pune,Mirrorless Camera Lite,Electronics,1,27909,27909,CUST-73620,Website
UK-2026-104414,2026-06-21,South,Chennai,Adjustable Dumbbells 15kg,Sports,1,5134,5134,CUST-14657,App
UK-2026-103760,2026-05-06,North,Chandigarh,Mixer Grinder 750W,Home & Kitchen,1,3247,3247,CUST-65051,Website
UK-2026-103676,2026-05-20,Central,Nagpur,Foldable Treadmill T2,Sports,2,23968,47936,CUST-62632,Marketplace
UK-2026-104519,2026-06-28,South,Kochi,Yoga Mat Pro,Sports,1,1150,1150,CUST-65516,App
UK-2026-104854,2026-06-07,South,Kochi,Formal Shirt,Fashion,3,1127,3381,CUST-33388,Marketplace
UK-2026-104222,12/06/2026,South,Bengaluru,Sunscreen SPF50,Beauty,1,576,576,CUST-98679,Website
UK-2026-100141,2026-01-18,East,Guwahati,Power Bank 20000mAh,Electronics,1,1774,1774,CUST-18593,Website
UK-2026-100883,2026-02-17,West,Surat,Mirrorless Camera Lite,Electronics,1,27590,27590,CUST-49379,Marketplace
UK-2026-101781,2026-03-06,North,Gurugram,Bluetooth Speaker Mini,Electronics,3,1530,4590,CUST-24095,Website
UK-2026-103771,2026-05-05,West,Mumbai,Football Size 5,Sports,1,864,864,CUST-65160,Marketplace
UK-2026-104833,2026-06-26,East,Patna,  Badminton Racket Set,Sports,2,2392,4784,CUST-63418,Marketplace
UK-2026-101970,2026-03-09,West,Pune,Mirrorless Camera Lite,Electronics,1,28612,,CUST-62598,App
UK-2026-102153,2026-03-09,South,Kochi,  Yoga Mat Pro,Sports,1,1187,1187,CUST-25731,App
UK-2026-104670,2026-06-11,South,Kochi,Wireless Earbuds Pro,Electronics,2,3019,6038,CUST-33303,Website
UK-2026-100602,2026-01-22,South,Kochi,Denim Jacket,Fashion,1,2111,2111,CUST-91067,Website
UK-2026-101504,2026-03-10,West,Pune,43-inch Smart TV,Electronics,1,24731,24731,CUST-88408,App
UK-2026-102952,2026-04-25,North,Gurugram,Matte Lipstick Set,Beauty,1,888,888,CUST-31893,Website
UK-2026-103329,2026-05-08,South,Kochi,Foldable Treadmill T2,Sports,1,23922,23922,CUST-91067,Website
UK-2026-103563,2026-05-26,East,Kolkata,43-inch Smart TV,Electronics,2,24837,"49,674.00",CUST-90501,App
UK-2026-103307,2026-05-22,South,Bengaluru,Smart Watch X2,Electronics,2,4487,8974,CUST-55682,App
UK-2026-103787,2026-05-22,North,Noida,Electric Kettle 1.5L,Home & Kitchen,1,1059,1059,CUST-30382,App
UK-2026-103634,2026-05-03,South,Kochi,Wireless Earbuds Pro,Electronics,1,3009,3009,CUST-50867,App
UK-2026-102977,2026-04-03,South,Bengaluru,Yoga Mat Pro,Sports,2,1143,2286,CUST-46354,Website
UK-2026-101316,2026-02-19,East,Kolkata,Air Fryer 5L,Home & Kitchen,2,5577,11154,CUST-91733,Marketplace
UK-2026-103869,2026-05-07,South,Kochi,Cotton Kurta Set,Fashion,2,1361,2722,CUST-42542,App
UK-2026-103422,2026-05-26,East,Kolkata,Football Size 5,Sports,1,922,922,CUST-52649,App
UK-2026-100512,2026-01-05,Central,Nagpur,Mirrorless Camera Lite,Electronics,2,30333,60666 INR,CUST-27471,Website
UK-2026-102996,2026-04-14,East,Kolkata,Dinner Set 24pc,Home & Kitchen,1,2450,2450,CUST-71941,Website
UK-2026-104318,2026-06-24,West,Mumbai,Wireless Earbuds Pro,Electronics,1,2870,2870,CUST-49689,App
UK-2026-100066,2026-01-27,East,Kolkata,Running Sneakers,Fashion,2,2775,5550,CUST-77235,App
UK-2026-101312,2026-02-01,West,Mumbai,Ultrabook Air 14,Electronics,2,30103,60206,CUST-84497,Website
UK-2026-103660,2026-05-27,North,Delhi,Non-Stick Cookware Set,Home & Kitchen,1,2901,2901,CUST-39817,App
UK-2026-102235,2026-03-20,South,Kochi,Cotton Kurta Set,Fashion,1,1316,1316,CUST-79798,App
UK-2026-104346,2026-06-23,West,Surat,Robot Vacuum R7,Home & Kitchen,2,18141,36282,CUST-25969,Website
UK-2026-101816,2026-03-07,South,Hyderabad,Formal Shirt,Fashion,1,1113,1113,CUST-22110,App
UK-2026-101822,2026-03-21,Central,Raipur,Leather Wallet,Fashion,1,870,,CUST-31749,App
UK-2026-104423,2026-06-16,North,Gurugram,Cotton Bedsheet Set,Home & Kitchen,1,1442,1442,CUST-66496,Marketplace
UK-2026-102919,2026-04-21,East,Patna,Formal Shirt,Fashion,4,1082,4328,CUST-29448,App
UK-2026-100281,2026-01-10,South,Chennai,Noise-Cancelling Headphones,Electronics,1,9008,9008,CUST-76441,Website
UK-2026-101074,2026-02-09,,Hyderabad,Modern Wall Clock,Home & Kitchen,1,822,822,CUST-24630,App
UK-2026-103672,2026-05-22,South,Bengaluru,Dinner Set 24pc,Home & Kitchen,1,2472,2472,CUST-97341,App
UK-2026-102566,"Apr 12, 2026",West,Pune,Power Bank 20000mAh,Electronics,1,1747,1747,CUST-14247,App
UK-2026-102032,2026-03-15,South,Bengaluru,Air Fryer 5L,Home & Kitchen,3,5488,16464,CUST-14910,Marketplace
UK-2026-103674,2026-05-15,West,Bombay,Electric Kettle 1.5L,Home & Kitchen,1,1066,1066,CUST-35482,Website
UK-2026-104250,2026-06-10,Central,Raipur,Mixer Grinder 750W,Home & Kitchen,2,3336,6672,CUST-14663,App
UK-2026-101072,2026-02-18,East,Bhubaneswar,Air Fryer 5L,Home & Kitchen,1,5337,5337,CUST-23787,Website
UK-2026-102676,2026-04-27,South,Hyderabad,Mixer Grinder 750W,Home & Kitchen,1,3280,3280,CUST-56045,App
UK-2026-103126,2026-05-05,West,Surat,Cricket Bat English Willow,Sports,1,8614,8614,CUST-83013,App
UK-2026-104064,2026-06-02,East,Guwahati,Leather Wallet,Fashion,1,911,911,CUST-36231,App
UK-2026-104748,2026-06-19,South,Bengaluru,Ethnic Dupatta,Fashion,1,494,494,CUST-49298,Marketplace
UK-2026-102989,2026-04-27,South,Hyderabad,Slim Fit Jeans,Fashion,1,1607,1607,CUST-97994,App
UK-2026-103790,2026-05-19,North,Gurugram,Yoga Mat Pro,Sports,1,1156,1156,CUST-42418,App
UK-2026-102056,2026-03-08,South,Hyderabad,Cotton Bedsheet Set,Home & Kitchen,1,1373,1373,CUST-33208,App
UK-2026-103197,2026-05-01,North,Gurugram,Formal Shirt,Fashion,1,1144,1144,CUST-80660,App
UK-2026-103315,2026-05-05,North,Noida,Robot Vacuum R7,Home & Kitchen,2,19870,39740,CUST-32620,Marketplace
UK-2026-100351,2026-01-23,South,Kochi,Yoga Mat Pro,Sports,1,1187,1187,CUST-94070,App
UK-2026-101343,2026-02-05,South,Hyderabad,Leather Wallet,Fashion,1,907,907,CUST-74449,Website
UK-2026-102536,2026-04-23,North,Chandigarh,Leather Wallet,Fashion,1,908,908,CUST-17576,Website
UK-2026-102946,2026-04-12,West,Surat,Yoga Mat Pro,Sports,1,1145,1145,CUST-31275,Website
UK-2026-104198,2026-06-09,South,Chennai,Mirrorless Camera Lite,Electronics,2,30365,60730,CUST-55568,Marketplace
UK-2026-101689,2026-03-13,Central,Indore,Cotton Bedsheet Set,Home & Kitchen,1,1447,1447,CUST-57256,Website
UK-2026-103364,2026-05-23,North,Gurugram,YOGA MAT PRO,Sports,4,1159,4636,CUST-25870,Marketplace
UK-2026-101959,2026-03-04,South,Bengaluru,Ethnic Dupatta,Fashion,1,492,492,CUST-59168,Website
UK-2026-103952,2026-05-21,East,Guwahati,Electric Kettle 1.5L,Home & Kitchen,1,1100,1100,CUST-37320,Website
UK-2026-103149,2026-05-12,West,Ahmedabad,Wireless Earbuds Pro,Electronics,1,2923,2923,CUST-23146,Marketplace
UK-2026-100997,2026-02-02,East,Patna,Wireless Earbuds Pro,Electronics,-2,3130,3130,CUST-28636,Website
UK-2026-102759,2026-04-13,East,Guwahati,Football Size 5,Sports,1,892,892,CUST-80268,Website
UK-2026-102850,2026-04-19,North,Delhi,Smart Watch X2,Electronics,1,4433,4433,CUST-40872,App
UK-2026-102426,2026-04-19,North,Noida,Mixer Grinder 750W,Home & Kitchen,1,3186,3186,CUST-80020,App
UK-2026-103641,2026-05-27,North,Delhi,Matte Lipstick Set,Beauty,1,857,857,CUST-82742,App
UK-2026-103103,2026-05-11,South,Madras,Football Size 5,Sports,2,857,1714,CUST-20025,Website
UK-2026-103280,2026-05-13,Central,Raipur,Ultrabook Air 14,Electronics,1,29230,29230,CUST-63691,App
UK-2026-101919,2026-03-14,South,Kochi,Ethnic Dupatta,Fashion,1,508,508,CUST-13039,Website
UK-2026-102564,2026-04-21,North,Gurugram,Badminton Racket Set,Sports,1,2448,2448,CUST-53650,Marketplace
UK-2026-103626,2026-05-21,East,Guwahati,Ultrabook Air 14,Electronics,,28851,28851,CUST-13101,Marketplace
UK-2026-103082,2026-04-17,East,Bhubaneswar,Power Bank 20000mAh,Electronics,2,1844,3688,CUST-23959,Website
UK-2026-100840,2026-02-01,South,Kochi,Modern Wall Clock,Home & Kitchen,2,788,1576,CUST-66508,Marketplace
UK-2026-103303,2026-05-23,West,Ahmedabad,Noise-Cancelling Headphones,Electronics,1,8945,8945,CUST-41826,Marketplace
UK-2026-101696,2026-03-27,South,Bengaluru,Non-Stick Cookware Set,Home & Kitchen,2,2990,5980,CUST-49845,Website
UK-2026-102167,2026-03-10,North,Noida,Yoga Mat Pro,Sports,1,1218,1218,CUST-56883,Website
UK-2026-103999,2026-05-23,North,Noida,Electric Kettle 1.5L   ,Home & Kitchen,1,1126,1126,CUST-49675,App
UK-2026-100122,2026-01-18,East,Patna,Football Size 5,Sports,1,924,924,CUST-63418,App
UK-2026-103380,2026-05-17,North,Chandigarh,Slim Fit Jeans,Fashion,3,1629,4887,CUST-98641,Website
UK-2026-100727,2026-02-26,North,Gurugram,Ultrabook Air 14,Electronics,2,30140,60280,CUST-18536,Website
UK-2026-102123,2026-03-12,South,Hyderabad,Bluetooth Speaker Mini,Electronics,1,1564,,CUST-80013,Marketplace
UK-2026-100072,2026-01-17,Central,Indore,Modern Wall Clock,Home & Kitchen,2,810,1620,CUST-58192,Website
UK-2026-102068,2026-03-20,West,Mumbai,Mixer Grinder 750W,Home & Kitchen,1,3435,3435,CUST-31290,App
UK-2026-103852,2026-05-02,East,Kolkata,Mixer Grinder 750W,Home & Kitchen,1,3301,3301,CUST-14662,Website
UK-2026-102288,01/04/2026,South,Kochi,Ethnic Dupatta,Fashion,2,486,972,CUST-44109,App
UK-2026-101152,2026-02-20,East,Kolkata,Noise-Cancelling Headphones,Electronics,1,9343,9343,CUST-17735,Website
UK-2026-104757,2026-06-22,South,Hyderabad,Noise-Cancelling Headphones,Electronics,2,9083,18166,CUST-14098,Website
UK-2026-103862,2026-05-29,Central,Nagpur,Mixer Grinder 750W,Home & Kitchen,1,3311,"3,311.00",CUST-24133,App
UK-2026-103267,2026-05-31,North,Chandigarh,dinner set 24pc,Home & Kitchen,1,2541,2541,CUST-75739,App
UK-2026-101789,2026-03-05,Central,Bhopal,Noise-Cancelling Headphones,Electronics,1,9295,9295,CUST-61155,Marketplace
UK-2026-100428,2026-01-08,East,Patna,Smart Watch X2,Electronics,1,4314,4314,CUST-77821,App
UK-2026-104616,2026-06-11,North,Chandigarh,Badminton Racket Set,Sports,2,2546,5092,CUST-92449,App
UK-2026-103427,2026-05-24,West,Ahmedabad,43-inch Smart TV,Electronics,1,25095,25095,CUST-58918,Marketplace
UK-2026-102092,2026-03-07,East,Patna,Foldable Treadmill T2,Sports,1,25090,25090,CUST-12513,App
UK-2026-101875,2026-03-31,South,Bengaluru,Sunscreen SPF50,Beauty,1,557,557,CUST-81060,App
UK-2026-102256,2026-04-13,West,Mumbai,Sunscreen SPF50,Beauty,3,558,1674,CUST-73405,Website
UK-2026-103962,2026-05-21,South,Kochi,Formal Shirt,Fashion,2,1091,2182,CUST-68658,Website
UK-2026-104857,13-06-26,Central,Nagpur,Leather Wallet,Fashion,1,941,941,CUST-78964,Marketplace
UK-2026-103418,2026-05-29,East,Patna,Dinner Set 24pc,Home & Kitchen,2,2521,5042,CUST-47353,App
UK-2026-102249,2026-04-18,West,Mumbai,Cotton Bedsheet Set,Home & Kitchen,1,1454,1454,CUST-72381,App
UK-2026-102640,2026-04-10,Central,Bhopal,Robot Vacuum R7,Home & Kitchen,1,18668,18668,CUST-19391,App
UK-2026-103251,27-05-26,North,Delhi,Air Fryer 5L,Home & Kitchen,1,5515,5515,CUST-57804,App
UK-2026-102241,2026-04-04,East,Bhubaneswar,Face Wash Combo,Beauty,1,443,443,CUST-72750,Marketplace
UK-2026-102082,2026-03-13,West,Surat,Ultrabook Air 14,Electronics,1,31253,31253,CUST-76525,Website
UK-2026-102696,2026-04-17,North,Noida,43-inch Smart TV,Electronics,2,25869,51738,CUST-81985,Marketplace
UK-2026-101311,2026-02-15,East,Kolkata,Formal Shirt,Fashion,1,1089,1089,CUST-22882,Website
UK-2026-100486,2026-01-02,East,Bhubaneswar,Cotton Kurta Set,Fashion,2,1311,2622,CUST-88952,Website
UK-2026-101838,2026-03-18,East,Kolkata,Noise-Cancelling Headphones,Electronics,1,8646,8646,CUST-29939,Marketplace
UK-2026-100704,2026-01-24,North,Chandigarh,Cricket Bat English Willow,Sports,1,9415,9415,CUST-28329,Marketplace
UK-2026-100375,2026-01-20,East,Bhubaneswar,Leather Wallet,Fashion,1,893,893,CUST-93858,App
UK-2026-103476,2026-05-10,West,Pune,Foldable Treadmill T2,Sports,4,25437,101748,CUST-51211,Website
UK-2026-102357,2026-04-09,West,Ahmedabad,Eau de Parfum 100ml,Beauty,1,2087,2087,CUST-55576,Website
UK-2026-101897,2026-03-29,East,Bhubaneswar,Mirrorless Camera Lite,Electronics,4,29944,119776,CUST-45668,Website
UK-2026-100215,2026-01-18,East,Bhubaneswar,Cotton Bedsheet Set,Home & Kitchen,1,1338,1338,CUST-50640,App
UK-2026-101586,2026-03-05,North,Noida,Modern Wall Clock,Home & Kitchen,-1,800,800,CUST-50830,Website
UK-2026-102017,2026-03-01,North,Chandigarh,Smart Watch X2,Electronics,1,4504,4504,CUST-72558,Marketplace
UK-2026-104869,2026-06-01,South,Kochi,Cotton Kurta Set,Fashion,1,1264,1264,CUST-35055,Marketplace
UK-2026-102328,2026-04-23,South,Hyderabad,Modern Wall Clock,Home & Kitchen,1,771,771,CUST-80013,Website
UK-2026-101514,2026-03-27,North,Noida,Air Fryer 5L,Home & Kitchen,1,5714,5714,CUST-39550,App
UK-2026-101556,2026-03-29,East,Guwahati,Robot Vacuum R7,Home & Kitchen,2,18577,37154,CUST-74063,App
UK-2026-100748,2026-02-27,North,Gurugram,Formal Shirt,Fashion,1,1146,1146,CUST-34592,App
UK-2026-102978,2026-04-22,East,Kolkata,Smart Watch X2,Electronics,2,4292,8584,CUST-95568,Marketplace
UK-2026-101486,2026-03-20,South,Kochi,Bluetooth Speaker Mini,Electronics,1,1536,1536,CUST-74129,App
UK-2026-100462,2026-01-06,South,Chennai,Ethnic Dupatta,Fashion,1,516,516,CUST-95592,App
UK-2026-102106,2026-03-13,West,Ahmedabad,Badminton Racket Set,Sports,1,2442,2442,CUST-86521,App
UK-2026-104409,2026-06-10,East,Kolkata,Face Wash Combo,Beauty,1,450,450,CUST-62250,App
UK-2026-101548,2026-03-22,South,Chennai,Leather Wallet,Fashion,2,891,1782,CUST-58175,App
UK-2026-104118,2026-06-30,Central,Indore,Face Wash Combo,Beauty,1,457,457,CUST-54232,Website
UK-2026-103664,2026-05-05,West,Surat,Running Sneakers,Fashion,1,2665,2665,CUST-73084,Website
UK-2026-104874,2026-06-08,North,Chandigarh,Smart Watch X2,Electronics,1,4521,4521,CUST-19391,Website
UK-2026-102572,2026-04-15,North,Gurugram,Air Fryer 5L,Home & Kitchen,4,5649,22596,CUST-54055,Marketplace
UK-2026-104143,2026-06-04,South,Hyderabad,Air Fryer 5L,Home & Kitchen,1,5292,5292,CUST-43226,Website
UK-2026-102019,2026-03-12,,Ahmedabad,Electric Kettle 1.5L,Home & Kitchen,1,1093,1093,CUST-77404,Marketplace
UK-2026-104109,2026-06-10,South,Hyderabad,Face Wash Combo,Beauty,1,467,467,CUST-97211,App
UK-2026-101441,2026-02-14,East,Bhubaneswar,Power Bank 20000mAh,Electronics,1,1719,1719,CUST-25538,Marketplace
UK-2026-101314,2026-02-12,Central,Nagpur,Vitamin C Serum,Beauty,1,713,713,CUST-61734,Marketplace
UK-2026-103944,2026-05-23,Central,Indore,Bluetooth Speaker Mini,Electronics,4,1454,5816,CUST-37813,Marketplace
UK-2026-104475,2026-06-14,East,Bhubaneswar,Formal Shirt,Fashion,1,1122,"₹1,122",CUST-86669,Website
UK-2026-104574,"Jun 21, 2026",North,Noida,Smart Watch X2,Electronics,2,4672,9344,CUST-11435,Marketplace
UK-2026-103413,2026-05-20,South,Hyderabad,Dinner Set 24pc,Home & Kitchen,1,2550,2550,CUST-41060,Website
UK-2026-103757,2026-05-26,Central,Indore,Robot Vacuum R7,Home & Kitchen,1,18233,18233,CUST-61925,Website
UK-2026-102447,2026-04-08,South,Kochi,Ethnic Dupatta,Fashion,1,504,504,CUST-32832,App
UK-2026-103348,2026-05-20,South,Chennai,Vitamin C Serum,Beauty,1,725,725,CUST-76287,App
UK-2026-103864,2026-05-23,North,Chandigarh,Bluetooth Speaker Mini,Electronics,1,1555,1555,CUST-73857,Website
UK-2026-100155,2026-01-01,West,Ahmedabad,Leather Wallet,Fashion,1,857,857,CUST-55160,Website
UK-2026-103529,2026-05-27,West,Mumbai,Cotton Bedsheet Set,Home & Kitchen,1,1406,1406,CUST-38642,App
UK-2026-101142,2026-02-06,West,Mumbai,Mirrorless Camera Lite,Electronics,1,30088,30088,CUST-34592,App
UK-2026-103003,2026-04-26,North,Delhi,Badminton Racket Set,Sports,1,2601,2601,CUST-79137,App
UK-2026-103555,2026-05-14,North,Delhi,Mirrorless Camera Lite,Electronics,1,29145,29145,CUST-81344,Website
UK-2026-104492,2026-06-19,East,Kolkata,Non-Stick Cookware Set,Home & Kitchen,2,3020,6040,CUST-89796,Website
UK-2026-103203,2026-05-24,West,Ahmedabad,Ultrabook Air 14,Electronics,1,30177,30177,CUST-28817,Marketplace
UK-2026-100179,2026-01-19,South,Chennai,Cotton Bedsheet Set,Home & Kitchen,4,1334,5336,CUST-79451,App
UK-2026-104701,13/06/2026,North,Noida,Dinner Set 24pc,Home & Kitchen,2,2523,5046,CUST-64432,App
UK-2026-102527,2026-04-24,Central,Nagpur,Noise-Cancelling Headphones,Electronics,1,9232,9232,CUST-77886,Website
UK-2026-103863,22/05/2026,South,Hyderabad,Electric Kettle 1.5L,Home & Kitchen,1,1046,1046,CUST-90350,Website
UK-2026-104827,2026-06-24,West,Surat,Gym Gloves,Sports,1,494,494,CUST-14247,Website
UK-2026-102320,"Apr 29, 2026",North,Chandigarh,Electric Kettle 1.5L,Home & Kitchen,1,1130,1130,CUST-27737,Marketplace
UK-2026-100801,2026-02-05,South,BLR,Formal Shirt,Fashion,3,1045,3135,CUST-46262,Website
UK-2026-100565,2026-01-26,North,Chandigarh,Cricket Bat English Willow,Sports,3,9007,27021,CUST-84707,Website
UK-2026-100073,2026-01-24,South,Hyderabad,Mirrorless Camera Lite,Electronics,1,30202,30202,CUST-59068,App
UK-2026-101219,2026-02-09,North,Noida,Leather Wallet,Fashion,1,869,869,CUST-88361,App
UK-2026-100043,2026-01-15,West,Mumbai,Slim Fit Jeans,Fashion,1,1561,1561,CUST-29692,Website
UK-2026-103544,2026-05-09,West,Pune,Mixer Grinder 750W,Home & Kitchen,1,3240,3240,CUST-87872,Marketplace
UK-2026-104304,2026-06-09,North,Noida,Modern Wall Clock,Home & Kitchen,1,816,816,CUST-30474,Marketplace
UK-2026-104062,2026-06-30,South,Hyderabad,Air Fryer 5L,Home & Kitchen,1,5321,5321,CUST-32601,Website
UK-2026-102558,30/04/2026,West,Pune,Power Bank 20000mAh,Electronics,1,1799,1799,CUST-51238,App
UK-2026-101405,2026-02-25,West,Ahmedabad,Ethnic Dupatta,Fashion,1,489,489,CUST-68374,App
UK-2026-101537,2026-03-06,South,Bengaluru,Silk Saree,Fashion,2,3482,6964,CUST-33303,App
UK-2026-104688,2026-06-13,North,Noida,Beard Grooming Kit,Beauty,1,1002,1002,CUST-89796,App
UK-2026-100751,2026-02-08,South,Kochi,Adjustable Dumbbells 15kg,Sports,1,4837,4837,CUST-79137,App
UK-2026-102813,2026-04-03,North,Noida,Mirrorless Camera Lite,Electronics,1,29971,29971,CUST-62250,Website
UK-2026-103650,2026-05-28,West,Ahmedabad,Smart Watch X2,Electronics,1,4604,4604,CUST-23992,Marketplace
UK-2026-104831,2026-06-07,West,Ahmedabad,Ultrabook Air 14,Electronics,1,29708,29708,CUST-94470,App
UK-2026-103785,2026-05-30,West,Mumbai,Noise-Cancelling Headphones,Electronics,1,9356,9356,CUST-89432,Website
UK-2026-100365,"Jan 16, 2026",West,Mumbai,Cycling Helmet,Sports,1,1601,1601,CUST-84896,App
UK-2026-102782,2026-04-19,East,Bhubaneswar,Air Fryer 5L,Home & Kitchen,1,5731,5731,CUST-94238,App
UK-2026-104097,2026-06-13,East,Guwahati,Denim Jacket,Fashion,3,2307,6921,CUST-12188,Website
UK-2026-101747,2026-03-29,West,Mumbai,Running Sneakers,Fashion,1,2720,2720,CUST-77095,App
UK-2026-103928,2026-05-12,North,Noida,Vitamin C Serum,Beauty,1,726,726,CUST-16505,App
UK-2026-102445,2026-04-24,North,Noida,Smart Watch X2,Electronics,1,4599,4599,CUST-91157,Marketplace
UK-2026-104835,2026-06-27,West,Pune,Running Sneakers,Fashion,3,2811,8433,CUST-77307,App
UK-2026-104074,2026-06-28,North,Noida,Leather Wallet,Fashion,1,904,904,CUST-27725,App
UK-2026-104619,2026-06-01,North,Noida,Sunscreen SPF50,Beauty,4,528,2112,CUST-44124,App
UK-2026-104181,2026-06-05,North,Delhi,Bluetooth Speaker Mini,Electronics,1,1509,1509,CUST-53298,Marketplace
UK-2026-104662,2026-06-16,Central,Indore,Leather Wallet,Fashion,2,942,1884,CUST-76898,Marketplace
UK-2026-101212,2026-02-18,South,Chennai,Electric Kettle 1.5L,Home & Kitchen,1,1067,1067,CUST-90350,Website
UK-2026-101563,2026-03-07,East,Patna,Slim Fit Jeans,Fashion,1,1599,1599,CUST-15726,App
UK-2026-102021,2026-03-16,North,Gurugram,Cotton Kurta Set,Fashion,1,1311,1311,CUST-58491,Website
UK-2026-102283,2026-04-15,South,Hyderabad,Ionic Hair Dryer,Beauty,1,1876,1876,CUST-43457,App
UK-2026-101357,2026-02-14,North,Gurugram,Silk Saree,Fashion,1,3505,3505,CUST-12009,Website
UK-2026-102884,2026-04-02,North,Gurugram,Sunscreen SPF50,Beauty,1,563,563,CUST-77387,App
UK-2026-102230,2026-03-03,Central,Nagpur,Smart Watch X2,Electronics,1,4575,4575,CUST-95240,Marketplace
UK-2026-101185,2026-02-06,East,Bhubaneswar,Adjustable Dumbbells 15kg,Sports,1,5073,5073,CUST-83285,App
UK-2026-102883,2026-04-16,North,Delhi,Non-Stick Cookware Set,Home & Kitchen,1,2964,2964,CUST-73260,Website
UK-2026-102969,2026-04-15,South,Bengaluru,Cricket Bat English Willow,Sports,1,8946,8946,CUST-35253,Website
UK-2026-102724,2026-04-16,West,Surat,Mirrorless Camera Lite,Electronics,3,29912,89736,CUST-10537,Website
UK-2026-101674,2026-03-16,South,Chennai,Denim Jacket,Fashion,2,2115,4230,CUST-51477,Website
UK-2026-103162,2026-05-17,West,Pune,Face Wash Combo,Beauty,1,445,445,CUST-26489,App
UK-2026-101307,2026-02-08,South,Chennai,Cricket Bat English Willow,Sports,2,8997,17994,CUST-98977,App
UK-2026-103302,2026-05-18,Central,Bhopal,COTTON KURTA SET,Fashion,1,1335,1335,CUST-65337,App
UK-2026-100296,2026-01-20,North,Noida,Robot Vacuum R7,Home & Kitchen,2,18590,"37,180.00",CUST-95056,App
UK-2026-104388,2026-06-10,South,Bengaluru,Adjustable Dumbbells 15kg,Sports,4,5144,20576,CUST-69711,Website
UK-2026-101004,2026-02-10,South,Kochi,Eau de Parfum 100ml,Beauty,2,2000,4000,CUST-79477,App
UK-2026-104255,2026-06-27,North,Delhi,Leather Wallet,Fashion,1,864,864,CUST-78777,Website
UK-2026-103949,2026-05-08,West,Pune,Denim Jacket,Fashion,1,2304,2304,CUST-50022,Website
UK-2026-104942,2026-06-11,South,Bengaluru,Slim Fit Jeans,Fashion,1,1528,1528,CUST-40211,Website
UK-2026-101726,2026-03-25,South,Hyderabad,Formal Shirt,Fashion,,1072,1072,CUST-13829,App
UK-2026-100847,2026-02-27,West,Mumbai,Denim Jacket,Fashion,1,2187,2187,CUST-25538,App
UK-2026-101250,2026-02-18,East,Kolkata,Running Sneakers,Fashion,2,2773,5546,CUST-22474,App
UK-2026-103786,2026-05-27,South,Chennai,Wireless Earbuds Pro,Electronics,1,2985,2985,CUST-87200,Marketplace
UK-2026-100227,2026-01-09,East,Bhubaneswar,Mixer Grinder 750W,Home & Kitchen,1,3315,3315,CUST-88349,Website
UK-2026-104743,2026-06-03,North,Chandigarh,Slim Fit Jeans,Fashion,1,1675,1675,CUST-69344,Marketplace
UK-2026-101629,2026-03-21,North,Chandigarh,Cotton Bedsheet Set,Home & Kitchen,1,1452,1452,CUST-17848,Website
UK-2026-102331,2026-04-10,Central,Indore,Silk Saree,Fashion,1,3361,3361,CUST-58165,App
UK-2026-101860,2026-03-01,West,Mumbai,Cricket Bat English Willow,Sports,1,9251,9251,CUST-76525,App
UK-2026-102236,2026-03-29,West,Mumbai,Beard Grooming Kit,Beauty,2,985,1970,CUST-13072,App
UK-2026-102141,2026-03-04,West,Bombay,Adjustable Dumbbells 15kg,Sports,1,5085,5085,CUST-79787,Website
UK-2026-101145,2026-02-02,West,Surat,Denim Jacket,Fashion,2,2104,4208,CUST-64730,App
UK-2026-102908,2026-04-03,North,Gurugram,Leather Wallet,Fashion,2,893,1786,CUST-84525,App
UK-2026-104187,2026-06-07,North,Noida,Cotton Kurta Set,Fashion,1,1342,"₹1,342",CUST-84621,Marketplace
UK-2026-101885,27-03-26,North,Noida,Silk Saree,Fashion,2,3548,7096,CUST-83901,App
UK-2026-101403,2026-02-23,South,Kochi,Air Fryer 5L,Home & Kitchen,1,5244,5244,CUST-26141,Website
UK-2026-104104,2026-06-30,West,Mumbai,Ethnic Dupatta,Fashion,1,484,484,CUST-46482,Website
UK-2026-104867,2026-06-27,Central,Indore,Foldable Treadmill T2,Sports,1,24569,24569,CUST-93407,Marketplace
UK-2026-101993,2026-03-22,North,Noida,Running Sneakers,Fashion,1,2684,2684,CUST-45470,App
UK-2026-100241,"Jan 5, 2026",West,Pune,Dinner Set 24pc,Home & Kitchen,1,2441,2441,CUST-40401,App
UK-2026-104390,2026-06-27,South,Chennai,Cricket Bat English Willow,Sports,2,9036,18072,CUST-68908,App
UK-2026-102992,2026-04-29,East,Bhubaneswar,Ionic Hair Dryer,Beauty,,1949,3898,CUST-87776,App
UK-2026-104529,2026-06-06,West,Surat,Bluetooth Speaker Mini,Electronics,1,1464,1464,CUST-42356,Website
UK-2026-100827,2026-02-09,South,Kochi,Modern Wall Clock,Home & Kitchen,1,816,816,CUST-68861,App
UK-2026-101605,2026-03-29,West,Surat,Mirrorless Camera Lite,Electronics,2,30377,60754,CUST-64730,Marketplace
UK-2026-100325,23-01-26,Central,Nagpur,Adjustable Dumbbells 15kg,Sports,2,4894,9788,CUST-49002,Website
UK-2026-100106,2026-01-04,East,Bhubaneswar,Denim Jacket,Fashion,1,2250,2250,CUST-11147,Website
UK-2026-103716,2026-05-14,North,Chandigarh,Electric Kettle 1.5L,Home & Kitchen,1,1121,1121,CUST-12706,App
UK-2026-101116,18-02-26,South,Bengaluru,Power Bank 20000mAh,Electronics,2,1887,3774,CUST-81662,Marketplace
UK-2026-102597,2026-04-01,West,Pune,Vitamin C Serum,Beauty,2,711,1422,CUST-49950,App
UK-2026-101609,2026-03-31,West,Ahmedabad,Ethnic Dupatta,Fashion,1,476,476,CUST-64882,App
UK-2026-102800,2026-04-28,South,Hyderabad,Beard Grooming Kit,Beauty,1,1013,1013,CUST-41618,App
UK-2026-103884,2026-05-12,Central,Bhopal,Cotton Kurta Set,Fashion,1,1236,1236,CUST-48680,Website
UK-2026-103755,2026-05-13,South,Bengaluru,Cotton Kurta Set,Fashion,1,1262,1262,CUST-16590,Website
UK-2026-104706,2026-06-29,North,Chandigarh,Electric Kettle 1.5L,Home & Kitchen,1,1113,1113,CUST-80962,App
UK-2026-104110,2026-06-08,North,Noida,Air Fryer 5L,Home & Kitchen,1,5388,5388,CUST-14182,App
UK-2026-100034,2026-01-28,North,Gurugram,Makeup Brush Set,Beauty,1,1285,1285,CUST-18945,Website
UK-2026-101853,2026-03-02,North,Delhi,Ultrabook Air 14,Electronics,1,29916,29916,CUST-74336,App
UK-2026-102525,2026-04-02,Central,Bhopal,Power Bank 20000mAh,Electronics,1,1758,1758,CUST-71939,Website
UK-2026-104711,2026-06-21,West,Pune,Dinner Set 24pc,Home & Kitchen,1,2606,2606,CUST-74063,App
UK-2026-102193,2026-03-04,West,Surat,Denim Jacket,Fashion,1,2225,2225,CUST-32039,Website
UK-2026-104725,2026-06-22,East,Bhubaneswar,Bluetooth Speaker Mini,Electronics,2,1533,,CUST-71125,Marketplace
UK-2026-101518,2026-03-04,West,Surat,43-inch Smart TV,Electronics,1,25869,25869,CUST-40259,Marketplace
UK-2026-102822,2026-04-30,Central,Indore,43-inch Smart TV,Electronics,2,26817,53634,CUST-79771,Marketplace
UK-2026-104922,2026-06-19,South,Bengaluru,Cotton Bedsheet Set,Home & Kitchen,2,1362,2724,CUST-98591,App
UK-2026-102795,2026-04-11,South,Hyderabad,Football Size 5,Sports,1,907,907,CUST-39685,Website
UK-2026-102688,2026-04-30,West,Surat,Leather Wallet,Fashion,1,857,857,CUST-67505,App
UK-2026-104107,2026-06-06,West,Ahmedabad,Dinner Set 24pc,Home & Kitchen,2,2621,5242,CUST-88186,Website
UK-2026-104049,2026-06-03,East,Bhubaneswar,Slim Fit Jeans,Fashion,1,1566,1566,CUST-13888,Marketplace
UK-2026-102811,2026-04-10,South,Hyderabad,Robot Vacuum R7,Home & Kitchen,2,18356,36712,CUST-80013,App
UK-2026-102184,2026-03-10,East,Bhubaneswar,Yoga Mat Pro,Sports,2,1257,2514,CUST-42159,Marketplace
UK-2026-104517,2026-06-30,South,Cochin,Beard Grooming Kit,Beauty,3,964,2892,CUST-10476,App
UK-2026-100256,2026-01-29,East,Kolkata,Face Wash Combo,Beauty,1,470,470,CUST-49689,App
UK-2026-102218,2026-03-16,North,Noida,Ethnic Dupatta,Fashion,1,507,507,CUST-28145,Website
UK-2026-104101,2026-06-07,North,Chandigarh,Makeup Brush Set,Beauty,1,1317,1317,CUST-91086,App
UK-2026-100510,2026-01-11,East,Guwahati,Dinner Set 24pc,Home & Kitchen,1,2419,2419,CUST-69109,Website
UK-2026-100145,2026-01-27,South,Kochi,Robot Vacuum R7,Home & Kitchen,2,19548,39096,CUST-94284,App
UK-2026-101041,2026-02-05,South,Kochi,Mirrorless Camera Lite,Electronics,1,27982,27982,CUST-71125,App
UK-2026-102292,2026-04-27,East,Calcutta,Cotton Kurta Set,Fashion,1,1341,1341,CUST-61756,Website
UK-2026-102747,2026-04-05,South,Bengaluru,Cotton Kurta Set,Fashion,1,1253,1253,CUST-67020,App
UK-2026-101971,2026-03-11,East,Guwahati,Cotton Bedsheet Set,Home & Kitchen,2,1392,2784,CUST-77170,Marketplace
UK-2026-100446,2026-01-02,West,Ahmedabad,Non-Stick Cookware Set,Home & Kitchen,2,3025,6050,CUST-66059,Website
UK-2026-102665,2026-04-05,,Bhopal,Formal Shirt,Fashion,2,1116,2232,CUST-51236,App
UK-2026-101973,2026-03-08,West,Surat,Non-Stick Cookware Set,Home & Kitchen,4,2777,11108,CUST-73252,App
UK-2026-104295,2026-06-26,West,Pune,Running Sneakers,Fashion,1,2850,2850,CUST-20378,Website
UK-2026-102396,2026-04-18,East,Bhubaneswar,Eau de Parfum 100ml,Beauty,1,2068,2068,CUST-44686,App
UK-2026-103948,2026-05-30,South,Kochi,Cricket Bat English Willow,Sports,1,9316,9316,CUST-42190,App
UK-2026-100636,2026-01-02,North,Delhi,Cricket Bat English Willow,Sports,2,8987,17974,CUST-16770,Website
UK-2026-101258,2026-02-18,Central,Indore,Bluetooth Speaker Mini,Electronics,2,1486,2972,CUST-78777,Website
UK-2026-101434,2026-02-26,North,Delhi,Bluetooth Speaker Mini,Electronics,1,1434,1434,CUST-20352,Marketplace
UK-2026-104882,2026-06-07,North,Gurugram,43-inch Smart TV,Electronics,1,24874,24874,CUST-43570,Website
UK-2026-104420,2026-06-26,West,Ahmedabad,Air Fryer 5L,Home & Kitchen,0,5443,10886,CUST-74449,Website
UK-2026-100755,04/02/2026,Central,Indore,Formal Shirt,Fashion,2,1067,2134,CUST-69366,App
UK-2026-100786,2026-02-16,West,Surat,Cotton Kurta Set,Fashion,1,1242,1242,CUST-92539,App
UK-2026-101056,2026-02-13,Central,Raipur,Silk Saree,Fashion,2,3336,6672,CUST-50225,App
UK-2026-101233,2026-02-01,West,Mumbai,Cricket Bat English Willow,Sports,1,8855,8855,CUST-39362,App
UK-2026-102680,2026-04-11,West,Pune,Gym Gloves,Sports,2,515,1030,CUST-58175,App
UK-2026-101414,2026-02-10,North,Chandigarh,Denim Jacket,Fashion,2,2115,,CUST-65098,Website
UK-2026-103646,2026-05-26,West,Mumbai,Running Sneakers,Fashion,1,2907,2907,CUST-25204,Website
UK-2026-101313,2026-02-25,North,Noida,Running Sneakers,Fashion,1,2754,2754,CUST-96774,Website
UK-2026-103573,2026-05-01,North,New Delhi,Power Bank 20000mAh,Electronics,2,1779,3558,CUST-78281,Marketplace
UK-2026-102126,2026-03-13,South,Hyderabad,Ionic Hair Dryer,Beauty,1,1893,1893,CUST-84168,App
UK-2026-100528,2026-01-05,West,Pune,Makeup Brush Set,Beauty,2,1274,2548,CUST-13868,App
UK-2026-102150,2026-03-12,West,Mumbai,Cotton Kurta Set,Fashion,1,1361,1361,CUST-73133,Website
UK-2026-104925,2026-06-10,East,Kolkata,43-inch Smart TV,Electronics,3,26726,80178,CUST-56342,Marketplace
UK-2026-100647,2026-01-31,East,Guwahati,43-inch Smart TV,Electronics,1,24720,24720,CUST-11435,Marketplace
UK-2026-102637,2026-04-17,South,Chennai,Yoga Mat Pro,Sports,1,1187,1187,CUST-95592,App
UK-2026-104375,2026-06-19,West,Surat,Cycling Helmet,Sports,2,1575,3150,CUST-63613,Website
UK-2026-100005,2026-01-24,South,Chennai,Cricket Bat English Willow,Sports,1,9385,9385,CUST-98641,Website
UK-2026-102054,2026-03-22,West,Surat,Makeup Brush Set,Beauty,3,1330,3990,CUST-62792,App
UK-2026-103693,2026-05-19,North,Gurugram,Mirrorless Camera Lite,Electronics,2,29769,59538,CUST-18536,Marketplace
UK-2026-101118,2026-02-06,West,Pune,Modern Wall Clock,Home & Kitchen,1,780,780,CUST-27410,App
UK-2026-102342,2026-04-11,East,Kolkata,Leather Wallet,Fashion,1,872,872,CUST-58145,App
UK-2026-102975,2026-04-07,South,Bengaluru,Slim Fit Jeans,Fashion,1,1623,1623,CUST-34111,App
UK-2026-103061,2026-04-29,North,Delhi,Face Wash Combo,Beauty,1,427,427,CUST-49689,Website
UK-2026-101713,2026-03-31,North,Gurugram,Mirrorless Camera Lite,Electronics,4,27641,110564,CUST-77170,App
UK-2026-101020,2026-02-22,South,Bengaluru,  Noise-Cancelling Headphones,Electronics,1,9203,9203,CUST-27346,Marketplace
UK-2026-104058,2026-06-08,West,Surat,Cricket Bat English Willow,Sports,2,9183,18366,CUST-90713,Website
UK-2026-103457,2026-05-12,Central,Nagpur,Power Bank 20000mAh,Electronics,4,1822,7288,CUST-80474,App
UK-2026-101664,2026-03-25,North,Delhi,Bluetooth Speaker Mini,Electronics,1,1428,1428,CUST-94100,Website
UK-2026-101891,2026-03-11,East,Patna,Running Sneakers,Fashion,1,2789,2789,CUST-69284,Website
UK-2026-104331,2026-06-12,East,Patna,Bluetooth Speaker Mini,Electronics,2,1571,3142,CUST-24433,Website
UK-2026-102816,2026-04-01,South,Chennai,Cotton Kurta Set,Fashion,1,1239,1239,CUST-17808,Marketplace
UK-2026-100862,16-02-26,West,Pune,Beard Grooming Kit,Beauty,2,1035,2070,CUST-18893,Marketplace
UK-2026-102208,2026-03-10,South,Chennai,Sunscreen SPF50,Beauty,1,529,529,CUST-46262,App
UK-2026-104017,2026-05-09,Central,Bhopal,Bluetooth Speaker Mini,Electronics,2,1538,3076,CUST-61588,Website
UK-2026-100852,2026-02-10,East,Kolkata,Mirrorless Camera Lite,Electronics,1,29892,29892,CUST-59411,Website
UK-2026-104220,2026-06-03,South,Bengaluru,Bluetooth Speaker Mini,Electronics,2,1544,3088,CUST-26933,Marketplace
UK-2026-100010,2026-01-13,East,Bhubaneswar,Ionic Hair Dryer,Beauty,3,1937,5811,CUST-50052,App
UK-2026-103005,2026-04-13,West,Mumbai,Badminton Racket Set,Sports,1,2419,2419,CUST-88507,App
UK-2026-103469,2026-05-01,North,Noida,Gym Gloves,Sports,1,501,501,CUST-98957,App
UK-2026-104722,2026-06-20,West,Surat,Noise-Cancelling Headphones,Electronics,2,9104,18208,CUST-37836,Marketplace
UK-2026-104095,2026-06-14,South,Bengaluru,Formal Shirt,Fashion,2,1069,2138,CUST-59411,App
UK-2026-102166,2026-03-28,South,Cochin,Adjustable Dumbbells 15kg,Sports,2,5009,10018,CUST-95751,Website
UK-2026-101994,2026-03-23,South,Bengaluru,Ionic Hair Dryer,Beauty,1,1899,1899,CUST-44398,App
UK-2026-102764,2026-04-18,East,Kolkata,Ethnic Dupatta,Fashion,1,479,479,CUST-99670,App
UK-2026-100635,2026-01-28,North,Gurugram,Cotton Kurta Set,Fashion,1,1310,1310,CUST-12679,App
UK-2026-104339,2026-06-13,South,Kochi,Electric Kettle 1.5L,Home & Kitchen,2,1083,2166,CUST-45888,App
UK-2026-101983,2026-03-17,East,Kolkata,Cotton Bedsheet Set,Home & Kitchen,1,1447,1447,CUST-89615,App
UK-2026-102825,2026-04-22,South,Kochi,Foldable Treadmill T2,Sports,1,25996,25996,CUST-24914,Website
UK-2026-101928,2026-03-30,North,Delhi,Denim Jacket,Fashion,2,2294,4588,CUST-61756,App
UK-2026-101107,2026-02-22,South,Kochi,Leather Wallet,Fashion,3,856,2568,CUST-20382,Website
UK-2026-100279,2026-01-30,North,Chandigarh,Electric Kettle 1.5L,Home & Kitchen,3,1135,3405,CUST-10349,App
UK-2026-100444,2026-01-31,North,New Delhi,Matte Lipstick Set,Beauty,1,882,882,CUST-11461,App
UK-2026-104948,2026-06-29,North,Delhi,Dinner Set 24pc,Home & Kitchen,2,2552,5104,CUST-95626,App
UK-2026-101680,2026-03-27,West,Ahmedabad,Dinner Set 24pc,Home & Kitchen,1,2394,2394,CUST-96052,Marketplace
UK-2026-104456,2026-06-01,South,Hyderabad,Cotton Kurta Set,Fashion,1,1297,1297,CUST-88361,App
UK-2026-101288,2026-02-22,Central,Indore,Mixer Grinder 750W,Home & Kitchen,1,3176,3176,CUST-83591,App
UK-2026-104589,2026-06-15,South,Bengaluru,Smart Watch X2,Electronics,1,4491,4491,CUST-60187,Website
UK-2026-104547,2026-06-14,Central,Nagpur,Leather Wallet,Fashion,1,858,858,CUST-96032,App
UK-2026-100776,2026-02-16,West,Ahmedabad,Power Bank 20000mAh,Electronics,2,1752,3504,CUST-70558,Website
UK-2026-104796,2026-06-10,South,Chennai,Smart Watch X2,Electronics,1,4656,4656,CUST-36744,Marketplace
UK-2026-103084,2026-04-10,North,Noida,Matte Lipstick Set,Beauty,1,932,932,CUST-19349,App
UK-2026-104083,2026-06-19,Central,Raipur,Wireless Earbuds Pro,Electronics,1,2976,2976,CUST-62798,Marketplace
UK-2026-102677,2026-04-20,North,New Delhi,Mixer Grinder 750W,Home & Kitchen,1,3455,3455,CUST-94647,Website
UK-2026-104976,28-06-26,East,Patna,Vitamin C Serum,Beauty,1,672,672,CUST-84034,App
UK-2026-104936,2026-06-16,South,Kochi,Wireless Earbuds Pro,Electronics,1,2908,2908,CUST-48888,Website
UK-2026-100419,2026-01-17,South,Bengaluru,Bluetooth Speaker Mini,Electronics,1,1442,1442,CUST-40131,Marketplace
UK-2026-104817,2026-06-21,West,Mumbai,Face Wash Combo,Beauty,1,464,464,CUST-50230,App
UK-2026-103854,2026-05-27,North,Chandigarh,Eau de Parfum 100ml,Beauty,1,1967,1967,CUST-20210,Marketplace
UK-2026-104712,2026-06-03,South,Chennai,Cricket Bat English Willow,Sports,1,9293,9293,CUST-51699,Marketplace
UK-2026-101615,2026-03-26,South,Kochi,Denim Jacket,Fashion,1,2182,2182,CUST-58304,Website
UK-2026-101375,2026-02-21,North,Noida,Vitamin C Serum,Beauty,1,718,718,CUST-34864,App
UK-2026-102134,2026-03-23,West,Ahmedabad,Cricket Bat English Willow,Sports,1,9053,9053,CUST-60187,App
UK-2026-100934,2026-02-26,East,Guwahati,Wireless Earbuds Pro,Electronics,1,2960,2960,CUST-40564,App
UK-2026-101850,2026-03-14,East,Bhubaneswar,Running Sneakers,Fashion,1,2923,2923,CUST-79841,Website
UK-2026-104360,10-06-26,North,Noida,Gym Gloves,Sports,1,481,481,CUST-57571,Website
UK-2026-100431,2026-01-20,North,Chandigarh,Running Sneakers,Fashion,-2,2758,2758,CUST-98441,Website
UK-2026-100313,2026-01-18,North,Chandigarh,Wireless Earbuds Pro,Electronics,1,2880,2880,CUST-13806,Website
UK-2026-101096,2026-02-04,West,Mumbai,Beard Grooming Kit,Beauty,1,956,956,CUST-71543,Website
UK-2026-101165,2026-02-14,West,Pune,Electric Kettle 1.5L,Home & Kitchen,1,1097,1097,CUST-58367,Website
UK-2026-102330,2026-04-07,South,Bengaluru,Mirrorless Camera Lite,Electronics,1,28018,28018,CUST-28819,App
UK-2026-103527,2026-05-20,West,Pune,Leather Wallet,Fashion,1,904,904,CUST-79752,App
UK-2026-104537,2026-06-10,South,Kochi,Silk Saree,Fashion,1,3451,3451,CUST-61588,Website
UK-2026-104959,2026-06-05,South,Chennai,Eau de Parfum 100ml,Beauty,1,2047,"2,047.00",CUST-40131,Marketplace
UK-2026-103732,2026-05-30,Central,Indore,Denim Jacket,Fashion,1,2262,2262,CUST-19863,App
UK-2026-100850,2026-02-06,North,Chandigarh,Face Wash Combo,Beauty,1,461,461,CUST-25961,Website
UK-2026-104692,2026-06-14,West,Ahmedabad,Smart Watch X2,Electronics,1,4414,4414,CUST-22043,App
UK-2026-101207,2026-02-23,North,Delhi,Smart Watch X2,Electronics,1,4279,4279,CUST-25961,Marketplace
UK-2026-102705,2026-04-28,West,Surat,Cotton Kurta Set,Fashion,2,1288,2576,CUST-14657,Website
UK-2026-100979,2026-02-19,West,Mumbai,Electric Kettle 1.5L,Home & Kitchen,2,1113,2226,CUST-82862,Website
UK-2026-103895,2026-05-05,East,Patna,Gym Gloves,Sports,1,518,518,CUST-77235,App
UK-2026-100557,2026-01-14,Central,Indore,Gym Gloves,Sports,2,502,1004,CUST-70520,Website
UK-2026-100069,2026-01-13,West,Mumbai,Slim Fit Jeans,Fashion,2,1655,3310,CUST-93016,Website
UK-2026-103656,2026-05-01,North,Gurgaon,Cotton Kurta Set,Fashion,1,1319,1319,CUST-73960,App
UK-2026-103556,2026-05-15,West,Surat,Ultrabook Air 14,Electronics,2,29465,58930,CUST-64432,App
UK-2026-101215,2026-02-06,West,Mumbai,Makeup Brush Set,Beauty,2,1341,2682,CUST-83791,App
UK-2026-101505,2026-03-22,East,Guwahati,Football Size 5,Sports,1,859,859,CUST-43431,App
UK-2026-103038,2026-04-05,South,Chennai,Smart Watch X2,Electronics,2,4701,9402,CUST-43991,App
UK-2026-100639,2026-01-13,North,Chandigarh,Bluetooth Speaker Mini,Electronics,1,1500,1500,CUST-29549,App
UK-2026-100328,2026-01-25,South,Hyderabad,Makeup Brush Set,Beauty,1,1305,1305,CUST-21680,Website
UK-2026-103586,2026-05-11,South,Kochi,Wireless Earbuds Pro,Electronics,1,3006,3006,CUST-83936,App
UK-2026-102169,2026-03-29,Central,Raipur,Power Bank 20000mAh,Electronics,1,1841,1841,CUST-75278,Marketplace
UK-2026-104665,2026-06-06,Central,Bhopal,Yoga Mat Pro,Sports,1,1158,1158,CUST-92024,Marketplace
UK-2026-104992,2026-06-09,South,Chennai,Wireless Earbuds Pro,Electronics,1,3044,3044,CUST-88174,App
UK-2026-103471,2026-05-24,North,Chandigarh,Wireless Earbuds Pro,Electronics,1,2971,2971,CUST-84403,App
UK-2026-101382,"Feb 24, 2026",South,Kochi,Ethnic Dupatta,Fashion,1,495,495,CUST-99730,App
UK-2026-100869,2026-02-05,North,Delhi,Leather Wallet,Fashion,1,917,917,CUST-78705,App
UK-2026-100137,2026-01-25,Central,Nagpur,Gym Gloves,Sports,1,480,480,CUST-35077,App
UK-2026-102079,2026-03-03,North,New Delhi,Makeup Brush Set,Beauty,1,1238,1238,CUST-10778,App
UK-2026-104503,2026-06-12,East,Bhubaneswar,Formal Shirt,Fashion,3,1143,3429,CUST-94583,Website
UK-2026-100457,2026-01-17,South,Chennai,Sunscreen SPF50,Beauty,1,530,530,CUST-55423,Website
UK-2026-100240,2026-01-17,West,Surat,Vitamin C Serum,Beauty,1,722,722,CUST-96565,Website
UK-2026-100144,2026-01-11,North,Noida,Running Sneakers,Fashion,1,2768,2768,CUST-57571,App
UK-2026-100706,2026-01-15,North,Delhi,Yoga Mat Pro,Sports,1,1219,1219,CUST-85788,Marketplace
UK-2026-104977,2026-06-03,North,Gurugram,Noise-Cancelling Headphones,Electronics,1,8820,8820,CUST-57811,App
UK-2026-101523,2026-03-20,East,Kolkata,Electric Kettle 1.5L,Home & Kitchen,1,1098,1098,CUST-61734,App
UK-2026-102340,15/04/2026,West,Pune,Adjustable Dumbbells 15kg,Sports,1,5064,5064,CUST-93459,App
UK-2026-104357,2026-06-25,South,Kochi,Cotton Kurta Set,Fashion,1,1300,1300,CUST-56342,App
UK-2026-100764,2026-02-23,West,Pune,Running Sneakers,Fashion,,2831,2831,CUST-32620,Marketplace
UK-2026-102449,2026-04-06,Central,Bhopal,Ethnic Dupatta,Fashion,2,481,962,CUST-34962,App
UK-2026-104252,2026-06-05,North,Noida,Beard Grooming Kit,Beauty,1,959,959,CUST-60209,App
UK-2026-102137,2026-03-13,West,Surat,Badminton Racket Set,Sports,1,2575,2575,CUST-93516,App
UK-2026-101232,2026-02-24,North,Chandigarh,Power Bank 20000mAh,Electronics,1,1774,1774,CUST-37866,App
UK-2026-103078,2026-04-18,North,Noida,Ethnic Dupatta,Fashion,1,522,522,CUST-50951,Marketplace
UK-2026-100629,2026-01-04,South,Chennai,Silk Saree,Fashion,1,3360,3360,CUST-58557,Website
UK-2026-101353,2026-02-28,South,Chennai,Leather Wallet,Fashion,2,895,1790,CUST-76770,Website
UK-2026-104741,2026-06-24,South,Kochi,Beard Grooming Kit,Beauty,1,1036,1036,CUST-19127,Website
UK-2026-102661,2026-04-01,South,Bengaluru,Formal Shirt,Fashion,1,1127,1127,CUST-22079,App
UK-2026-101845,2026-03-16,East,Kolkata,Denim Jacket,Fashion,2,2241,4482,CUST-53136,Website
UK-2026-101009,2026-02-11,South,Kochi,Running Sneakers,Fashion,1,2824,2824,CUST-38193,App
UK-2026-102303,2026-04-11,South,Kochi,Mirrorless Camera Lite,Electronics,3,27675,83025,CUST-37673,Website
UK-2026-101613,2026-03-26,South,Madras,Mirrorless Camera Lite,Electronics,1,28605,28605,CUST-14182,Marketplace
UK-2026-101124,2026-02-02,South,Kochi,Matte Lipstick Set,Beauty,1,876,876,CUST-77619,App
UK-2026-102901,2026-04-21,South,Kochi,Adjustable Dumbbells 15kg,Sports,1,4767,4767,CUST-65781,App
UK-2026-104775,2026-06-23,North,Delhi,Leather Wallet,Fashion,1,874,874,CUST-94366,Marketplace
UK-2026-100221,2026-01-20,South,Kochi,43-inch Smart TV,Electronics,1,24725,24725,CUST-40770,Marketplace
UK-2026-100021,2026-01-22,West,Pune,Ethnic Dupatta,Fashion,1,477,477,CUST-69654,Website
UK-2026-101262,2026-02-01,East,Guwahati,Cricket Bat English Willow,Sports,1,9091,9091,CUST-26603,Marketplace
UK-2026-101015,2026-02-05,South,Chennai,Adjustable Dumbbells 15kg,Sports,1,4933,4933,CUST-45992,App
UK-2026-100880,2026-02-28,South,Bengaluru,Formal Shirt,Fashion,1,1051,1051,CUST-62884,App
UK-2026-101578,2026-03-22,South,Chennai,Cycling Helmet,Sports,1,1645,"₹1,645",CUST-25961,Website
UK-2026-101989,2026-03-21,South,Hyderabad,Silk Saree,Fashion,1,3538,3538,CUST-39166,Website
UK-2026-102731,2026-04-18,North,Noida,Running Sneakers,Fashion,1,2818,2818,CUST-16496,Marketplace
UK-2026-103306,2026-05-02,West,Mumbai,Beard Grooming Kit,Beauty,1,1010,1010,CUST-75269,Marketplace
UK-2026-101831,2026-03-19,South,Bengaluru,Vitamin C Serum,Beauty,1,679,679,CUST-31726,App
UK-2026-104811,22-06-26,Central,Raipur,Cotton Bedsheet Set,Home & Kitchen,4,1390,5560,CUST-89819,Website
UK-2026-101365,2026-02-19,South,Bengaluru,Eau de Parfum 100ml,Beauty,2,1939,3878,CUST-43427,App
UK-2026-102124,2026-03-15,East,Patna,Yoga Mat Pro,Sports,1,1252,1252,CUST-26603,App
UK-2026-100400,2026-01-18,South,Kochi,Foldable Treadmill T2,Sports,1,25245,25245,CUST-34189,Website
UK-2026-100931,2026-02-11,North,Noida,Mirrorless Camera Lite,Electronics,1,28905,28905,CUST-40751,App
UK-2026-101980,2026-03-18,West,Ahmedabad,Football Size 5,Sports,,888,888,CUST-84621,App
UK-2026-101934,2026-03-20,West,Surat,Electric Kettle 1.5L,Home & Kitchen,1,1146,1146,CUST-17534,Website
UK-2026-104125,2026-06-22,South,Hyderabad,Electric Kettle 1.5L,Home & Kitchen,2,1147,2294,CUST-53622,Website
UK-2026-103382,2026-05-26,West,Surat,Face Wash Combo,Beauty,1,462,462,CUST-66144,Marketplace
UK-2026-103508,2026-05-30,West,Surat,Bluetooth Speaker Mini,Electronics,2,1459,2918,CUST-75625,Marketplace
UK-2026-101840,24/03/2026,South,Kochi,Silk Saree,Fashion,1,3523,3523,CUST-68305,Marketplace
UK-2026-100010,2026-01-13,East,Bhubaneswar,Ionic Hair Dryer,Beauty,3,1937,5811,CUST-50052,App
UK-2026-104195,07-06-26,North,Noida,Vitamin C Serum,Beauty,1,684,684,CUST-89796,Marketplace
UK-2026-101247,2026-02-10,South,Bengaluru,Smart Watch X2,Electronics,1,4424,4424,CUST-63792,Website
UK-2026-104218,2026-06-21,West,Mumbai,Vitamin C Serum,Beauty,1,672,672,CUST-31749,App
UK-2026-102510,2026-04-02,South,Chennai,Leather Wallet,Fashion,1,892,892,CUST-41723,Website
UK-2026-103475,2026-05-14,South,Bengaluru,Cotton Kurta Set,Fashion,1,1273,1273,CUST-49740,Marketplace
UK-2026-101697,2026-03-27,North,Delhi,Football Size 5,Sports,1,881,881,CUST-37359,Marketplace
UK-2026-103408,2026-05-23,Central,Indore,Makeup Brush Set,Beauty,1,1265,1265,CUST-66646,Website
UK-2026-103211,2026-05-25,Central,Bhopal,Modern Wall Clock,Home & Kitchen,1,837,₹837,CUST-24133,Marketplace
UK-2026-101917,2026-03-08,South,Bengaluru,Beard Grooming Kit,Beauty,1,1049,1049,CUST-91286,Website
UK-2026-103777,2026-05-25,South,Kochi,Face Wash Combo,Beauty,1,449,₹449,CUST-61123,Website
UK-2026-100721,2026-02-18,South,Bengaluru,Beard Grooming Kit,Beauty,1,1008,1008,CUST-47550,App
UK-2026-104178,2026-06-22,North,Noida,Ethnic Dupatta,Fashion,2,477,954,CUST-41093,Website
UK-2026-104047,2026-06-05,South,Hyderabad,Bluetooth Speaker Mini,Electronics,3,1454,4362,CUST-41471,Website
UK-2026-101213,2026-02-06,North,Chandigarh,Wireless Earbuds Pro,Electronics,1,2896,2896,CUST-95071,Marketplace
UK-2026-104485,2026-06-08,South,Bengaluru,Matte Lipstick Set,Beauty,1,901,901,CUST-70760,Website
UK-2026-103313,2026-05-20,South,Chennai,Ionic Hair Dryer,Beauty,1,1841,1841,CUST-74927,App
UK-2026-103298,2026-05-07,Central,Bhopal,Formal Shirt,Fashion,1,1105,1105,CUST-59329,Website
UK-2026-100170,2026-01-29,South,Hyderabad,Cycling Helmet,Sports,1,1660,1660,CUST-39795,App
UK-2026-101701,2026-03-31,North,Delhi,Ethnic Dupatta,Fashion,1,504,504,CUST-11465,App
UK-2026-102492,2026-04-26,South,Kochi,Slim Fit Jeans,Fashion,1,1594,1594,CUST-59021,Website
UK-2026-101141,2026-02-05,West,Ahmedabad,Modern Wall Clock,Home & Kitchen,1,762,762,CUST-22587,Website
UK-2026-101482,2026-03-31,North,Chandigarh,Formal Shirt,Fashion,1,1083,"₹1,083",CUST-38354,App
UK-2026-102909,2026-04-24,West,Surat,Slim Fit Jeans,Fashion,1,1678,1678,CUST-13813,Website
UK-2026-100836,2026-02-25,South,Kochi,Adjustable Dumbbells 15kg,Sports,4,5148,20592,CUST-37320,App
UK-2026-104306,2026-06-18,South,Kochi,Cotton Bedsheet Set,Home & Kitchen,1,1461,1461,CUST-41788,Marketplace
UK-2026-104738,2026-06-09,East,Patna,Ethnic Dupatta,Fashion,1,484,484,CUST-14415,Website
UK-2026-102733,"Apr 24, 2026",West,Pune,Silk Saree,Fashion,1,3551,3551,CUST-24277,App
UK-2026-102739,2026-04-09,East,Patna,Non-Stick Cookware Set,Home & Kitchen,,2923,2923,CUST-47368,App
UK-2026-104394,2026-06-12,South,Hyderabad,Smart Watch X2,Electronics,2,4465,8930,CUST-13537,Marketplace
UK-2026-102094,2026-03-24,North,Chandigarh,Foldable Treadmill T2,Sports,1,24393,24393,CUST-74826,Marketplace
UK-2026-102427,2026-04-20,South,Kochi,Smart Watch X2,Electronics,1,4467,4467,CUST-12793,Marketplace
UK-2026-100838,2026-02-26,Central,Nagpur,Dinner Set 24pc,Home & Kitchen,1,2515,2515,CUST-70639,Marketplace
UK-2026-104469,2026-06-23,South,Kochi,Modern Wall Clock,Home & Kitchen,1,801,801,CUST-46154,App
UK-2026-102053,2026-03-03,West,Ahmedabad,Electric Kettle 1.5L,Home & Kitchen,1,1148,1148,CUST-23235,Website
UK-2026-104847,2026-06-21,North,Gurugram,Power Bank 20000mAh,Electronics,4,1860,7440,CUST-26702,Website
UK-2026-104246,2026-06-02,West,Pune,43-inch Smart TV,Electronics,2,25872,51744,CUST-37411,App
UK-2026-102837,2026-04-03,South,Chennai,Robot Vacuum R7   ,Home & Kitchen,2,19723,39446,CUST-20081,App
UK-2026-101577,2026-03-29,West,Pune,Smart Watch X2,Electronics,1,4347,4347,CUST-68360,Website
UK-2026-100386,2026-01-30,North,Delhi,Eau de Parfum 100ml,Beauty,1,2021,2021,CUST-17735,Website
UK-2026-101148,2026-02-17,South,Hyderabad,Badminton Racket Set,Sports,1,2586,2586,CUST-42339,Website
UK-2026-100343,2026-01-14,North,  Delhi,Smart Watch X2,Electronics,1,4399,4399,CUST-69344,Website
UK-2026-102234,2026-03-18,Central,Indore,Leather Wallet,Fashion,1,897,897,CUST-29530,Website
UK-2026-100812,2026-02-19,South,Kochi,Denim Jacket,Fashion,2,2200,4400 INR,CUST-77387,Website
UK-2026-103513,2026-05-04,East,Bhubaneswar,Gym Gloves,Sports,1,486,486,CUST-79541,Website
UK-2026-102613,2026-04-10,South,Bengaluru,Makeup Brush Set,Beauty,1,1344,1344,CUST-83013,App
UK-2026-102516,2026-04-09,South,Bengaluru,Noise-Cancelling Headphones,Electronics,1,9384,9384,CUST-68908,Marketplace
UK-2026-104898,2026-06-08,West,Surat,Smart Watch X2,Electronics,2,4630,9260,CUST-72199,Website
UK-2026-103294,2026-05-25,South,Kochi,Formal Shirt,Fashion,1,1145,"1,145.00",CUST-84707,Website
UK-2026-102619,2026-04-08,North,Delhi,Foldable Treadmill T2,Sports,1,23756,23756,CUST-96032,Website
UK-2026-101001,2026-02-28,South,Bengaluru,Cotton Bedsheet Set,Home & Kitchen,1,1400,1400,CUST-25204,Website
UK-2026-102986,2026-04-13,South,Kochi,Cotton Bedsheet Set,Home & Kitchen,1,1413,1413,CUST-37860,Website
UK-2026-102922,2026-04-21,North,Delhi,Power Bank 20000mAh,Electronics,1,1764,1764,CUST-88412,Marketplace
UK-2026-101521,2026-03-07,Central,Indore,Football Size 5,Sports,3,918,2754,CUST-14694,App
UK-2026-104700,2026-06-03,North,Chandigarh,Power Bank 20000mAh,Electronics,2,1724,3448,CUST-60690,App
UK-2026-102044,2026-03-19,West,Surat,Leather Wallet,Fashion,1,930,930,CUST-11390,Website
UK-2026-103985,2026-05-12,South,Kochi,Leather Wallet,Fashion,1,887,887,CUST-38354,Website
UK-2026-103141,2026-05-29,North,Noida,Silk Saree,Fashion,1,3394,3394,CUST-38255,Website
UK-2026-102913,2026-04-02,South,Bengaluru,43-inch Smart TV,Electronics,2,25264,50528,CUST-45021,Marketplace
UK-2026-104419,2026-06-29,Central,Raipur,Noise-Cancelling Headphones,Electronics,1,8877,8877,CUST-76662,App
UK-2026-104196,2026-06-29,West,Ahmedabad,43-inch Smart TV,Electronics,2,24993,49986,CUST-43520,App
UK-2026-104026,2026-06-20,South,Hyderabad,Beard Grooming Kit,Beauty,-2,954,954,CUST-43769,App
UK-2026-101495,2026-03-28,North,Chandigarh,Leather Wallet,Fashion,2,927,1854,CUST-70214,Website
UK-2026-104723,2026-06-01,West,Ahmedabad,Noise-Cancelling Headphones,Electronics,1,9084,9084,CUST-55568,App
UK-2026-100466,2026-01-02,South,Hyderabad,Running Sneakers,Fashion,1,2843,2843,CUST-28961,App
UK-2026-102469,2026-04-02,North,Gurugram,Denim Jacket,Fashion,1,2154,2154,CUST-14559,Website
UK-2026-102177,2026-03-23,South,Kochi,Ultrabook Air 14,Electronics,1,31470,31470,CUST-31535,App
UK-2026-100793,2026-02-11,South,Kochi,Ethnic Dupatta,Fashion,1,517,517,CUST-20430,Marketplace
UK-2026-100950,2026-02-09,South,Hyderabad,Adjustable Dumbbells 15kg,Sports,1,5238,5238,CUST-39971,App
UK-2026-103433,2026-05-03,Central,Raipur,Leather Wallet,Fashion,1,930,930,CUST-70064,App
UK-2026-103684,2026-05-30,West,Mumbai,Power Bank 20000mAh,Electronics,1,1721,1721,CUST-40653,Marketplace
UK-2026-101430,2026-02-16,East,Kolkata,Face Wash Combo,Beauty,1,437,437,CUST-12914,Marketplace
UK-2026-102997,2026-04-15,North,Chandigarh,Silk Saree,Fashion,1,3598,3598 INR,CUST-64882,Website
UK-2026-103794,2026-05-10,North,Delhi,Modern Wall Clock,Home & Kitchen,1,777,777,CUST-14410,App
UK-2026-103079,2026-04-16,North,Noida,Vitamin C Serum,Beauty,1,672,672,CUST-85914,App
UK-2026-103140,2026-05-31,West,Mumbai,43-inch Smart TV,Electronics,2,26368,52736,CUST-71941,Website
UK-2026-104432,2026-06-30,South,bengaluru,Sunscreen SPF50,Beauty,4,527,2108,CUST-49075,Website
UK-2026-104989,2026-06-05,East,Patna,Ionic Hair Dryer,Beauty,1,1939,1939,CUST-73252,App
UK-2026-103820,2026-05-22,West,Pune,Robot Vacuum R7,Home & Kitchen,1,18892,18892,CUST-64377,App
UK-2026-100929,2026-02-03,West,Pune,Sunscreen SPF50,Beauty,1,576,576,CUST-86623,App
UK-2026-104193,2026-06-21,,Chennai,Smart Watch X2,Electronics,1,4392,4392,CUST-84381,Marketplace
UK-2026-103647,2026-05-10,North,Noida,Face Wash Combo,Beauty,1,452,452,CUST-84819,Website
UK-2026-104816,2026-06-14,East,Guwahati,Cricket Bat English Willow,Sports,2,9337,18674,CUST-92000,Marketplace
UK-2026-104788,2026-06-21,South,Bengaluru,Mirrorless Camera Lite,Electronics,1,29665,29665,CUST-27737,App
UK-2026-102776,2026-04-18,West,Ahmedabad,Ethnic Dupatta,Fashion,,484,484,CUST-52480,App
UK-2026-102535,2026-04-12,East,Guwahati,Dinner Set 24pc,Home & Kitchen,2,2559,5118,CUST-19863,Marketplace
UK-2026-104205,10/06/2026,South,Hyderabad,Bluetooth Speaker Mini,Electronics,1,1427,1427,CUST-69326,Website
UK-2026-103960,2026-05-06,West,Mumbai,Ethnic Dupatta,Fashion,2,494,₹988,CUST-58714,Website
UK-2026-104705,2026-06-03,East,Kolkata,Air Fryer 5L,Home & Kitchen,1,5759,5759,CUST-48680,App
UK-2026-100719,2026-01-02,North,Delhi,Running Sneakers,Fashion,3,2831,8493,CUST-60141,App
UK-2026-103901,2026-05-30,South,Bengaluru,Formal Shirt,Fashion,1,1060,1060,CUST-13801,App
UK-2026-102404,2026-04-07,North,Gurugram,Foldable Treadmill T2,Sports,1,25783,25783,CUST-89615,Marketplace
UK-2026-102511,2026-04-01,West,Surat,Wireless Earbuds Pro,Electronics,1,2957,2957,CUST-45976,Marketplace
UK-2026-104852,23-06-26,North,Noida,Power Bank 20000mAh,Electronics,1,1716,1716,CUST-10381,App
UK-2026-100784,2026-02-28,South,Bengaluru,Noise-Cancelling Headphones,Electronics,2,9311,18622,CUST-46229,Marketplace
UK-2026-103607,2026-05-17,West,Mumbai,Non-Stick Cookware Set,Home & Kitchen,1,2866,2866,CUST-24744,Website
UK-2026-102334,2026-04-21,Central,Raipur,Running Sneakers,Fashion,1,2703,2703,CUST-16899,App
UK-2026-100077,2026-01-07,North,Noida,Robot Vacuum R7,Home & Kitchen,1,19814,19814,CUST-66646,App
UK-2026-101719,2026-03-04,West,Ahmedabad,Badminton Racket Set,Sports,1,2449,2449,CUST-37320,Marketplace
UK-2026-103744,2026-05-19,Central,Nagpur,Smart Watch X2,Electronics,1,4533,4533,CUST-66901,App
UK-2026-102229,2026-03-10,West,Surat   ,Robot Vacuum R7,Home & Kitchen,1,19206,19206,CUST-59456,App
UK-2026-102728,2026-04-07,West,Pune,Denim Jacket,Fashion,1,2176,2176,CUST-13722,Marketplace
UK-2026-101397,2026-02-03,Central,Indore,Formal Shirt,Fashion,1,1072,,CUST-81821,Website
UK-2026-101763,2026-03-15,South,Chennai,Non-Stick Cookware Set,Home & Kitchen,1,3027,3027,CUST-85333,App
UK-2026-100177,2026-01-27,Central,Bhopal,Robot Vacuum R7,Home & Kitchen,2,19342,38684,CUST-76441,App
UK-2026-103392,2026-05-16,South,Madras,Vitamin C Serum,Beauty,1,693,693,CUST-41471,Website
UK-2026-100530,2026-01-30,North,Gurugram,Ultrabook Air 14,Electronics,1,29636,29636,CUST-16590,App
UK-2026-103631,2026-05-14,South,Kochi,Cricket Bat English Willow,Sports,1,9275,9275,CUST-25393,App
UK-2026-101489,2026-03-01,Central,Raipur,Gym Gloves,Sports,2,486,972,CUST-14939,Marketplace
UK-2026-104478,2026-06-30,East,Kolkata,Wireless Earbuds Pro,Electronics,2,3052,6104,CUST-92449,Marketplace
UK-2026-102802,30-04-26,East,Patna,Smart Watch X2,Electronics,1,4660,4660,CUST-40653,Marketplace
UK-2026-103671,2026-05-31,North,Gurugram,43-inch Smart TV,Electronics,1,25526,25526,CUST-92298,Marketplace
UK-2026-102454,2026-04-26,East,Guwahati,Modern Wall Clock,Home & Kitchen,1,824,824,CUST-63835,App
UK-2026-104184,2026-06-18,East,Guwahati,Mixer Grinder 750W,Home & Kitchen,1,3338,3338,CUST-65516,App
UK-2026-104871,2026-06-21,Central,Indore,Formal Shirt,Fashion,2,1114,2228,CUST-37813,App
UK-2026-102757,2026-04-13,South,Bengaluru,Electric Kettle 1.5L,Home & Kitchen,2,1099,2198,CUST-80013,App
UK-2026-102642,"Apr 10, 2026",East,Patna,Cotton Bedsheet Set,Home & Kitchen,1,1343,1343,CUST-75799,App
UK-2026-100894,2026-02-02,South,Bengaluru,Cotton Kurta Set,Fashion,1,1323,1323,CUST-44789,App
UK-2026-104752,2026-06-01,North,Gurugram,Wireless Earbuds Pro,Electronics,1,3083,3083,CUST-76055,App
UK-2026-101245,2026-02-19,South,Kochi,Noise-Cancelling Headphones,Electronics,-2,9267,37068,CUST-33835,Website
UK-2026-101933,2026-03-11,South,Chennai,Modern Wall Clock,Home & Kitchen,1,777,777,CUST-60761,App
UK-2026-102984,2026-04-04,West,Pune,Cotton Bedsheet Set,Home & Kitchen,1,1453,1453,CUST-60388,Marketplace
UK-2026-100012,2026-01-25,North,Chandigarh,43-inch Smart TV,Electronics,1,24932,24932,CUST-30642,Website
UK-2026-104715,2026-06-19,North,Gurugram,Vitamin C Serum,Beauty,1,703,703,CUST-99879,App
UK-2026-104194,2026-06-14,North,Gurugram,Non-Stick Cookware Set,Home & Kitchen,1,2811,2811,CUST-47832,Marketplace
UK-2026-103882,2026-05-17,South,Bengaluru,Cotton Kurta Set,Fashion,1,1333,1333,CUST-59448,Website
UK-2026-102827,2026-04-23,North,Noida,Smart Watch X2,Electronics,4,4318,17272,CUST-64303,Marketplace
UK-2026-101359,2026-02-02,South,Hyderabad,Cotton Bedsheet Set,Home & Kitchen,1,1416,1416,CUST-30453,Website
UK-2026-104495,2026-06-22,North,Chandigarh,Bluetooth Speaker Mini,Electronics,1,1549,1549,CUST-49950,Marketplace
UK-2026-101069,2026-02-18,South,Hyderabad,Face Wash Combo,Beauty,2,435,870,CUST-15431,App
UK-2026-101806,2026-03-06,Central,Raipur,Power Bank 20000mAh,Electronics,2,1810,3620,CUST-77483,Marketplace
UK-2026-102129,2026-03-11,West,PUNE,Running Sneakers,Fashion,1,2681,2681,CUST-60520,App
UK-2026-103150,2026-05-01,South,Chennai,Running Sneakers,Fashion,1,2934,2934,CUST-59021,App
UK-2026-101549,2026-03-12,Central,Nagpur,Cotton Kurta Set,Fashion,1,1313,1313,CUST-22434,App
UK-2026-101991,2026-03-21,North,Gurugram,Wireless Earbuds Pro,Electronics,1,2934,2934,CUST-79336,Website
UK-2026-102273,2026-04-27,Central,Nagpur,Matte Lipstick Set,Beauty,1,881,881,CUST-46037,Website
UK-2026-102506,2026-04-25,South,Hyderabad,Slim Fit Jeans,Fashion,2,1625,3250,CUST-84457,Website
UK-2026-102312,2026-04-17,South,Hyderabad,Formal Shirt,Fashion,2,1115,2230,CUST-61936,App
UK-2026-101588,2026-03-28,East,Bhubaneswar,Non-Stick Cookware Set,Home & Kitchen,1,3028,3028,CUST-64211,App
UK-2026-100006,2026-01-11,North,Delhi,Slim Fit Jeans,Fashion,2,1636,3272,CUST-64712,Website
UK-2026-102494,2026-04-21,West,Ahmedabad,Mirrorless Camera Lite,Electronics,2,28974,57948,CUST-43226,Website
UK-2026-100531,11-01-26,South,Hyderabad,Cotton Kurta Set,Fashion,1,1332,1332,CUST-24630,Website
UK-2026-100265,2026-01-18,Central,Raipur,Football Size 5,Sports,2,900,1800,CUST-67212,App
UK-2026-102541,2026-04-16,South,Bengaluru,Power Bank 20000mAh,Electronics,1,1884,"1,884.00",CUST-85167,Marketplace
UK-2026-100733,2026-02-23,West,Ahmedabad,Power Bank 20000mAh,Electronics,2,1849,3698,CUST-53083,App
UK-2026-104550,2026-06-22,South,Cochin,Electric Kettle 1.5L,Home & Kitchen,1,1152,1152,CUST-10537,App
UK-2026-101409,2026-02-17,East,Patna,Beard Grooming Kit,Beauty,2,1026,2052,CUST-72409,App
UK-2026-100601,2026-01-27,North,Gurugram,Running Sneakers,Fashion,1,2926,2926,CUST-62133,Marketplace
UK-2026-104841,15-06-26,North,Chandigarh,Silk Saree,Fashion,1,3500,3500,CUST-18884,App
UK-2026-100690,2026-01-07,West,Pune,Air Fryer 5L,Home & Kitchen,1,5668,5668,CUST-11435,App
UK-2026-102579,2026-04-07,West,Ahmedabad,Dinner Set 24pc,Home & Kitchen,1,2591,2591,CUST-13379,App
UK-2026-104288,2026-06-18,West,Mumbai,Yoga Mat Pro,Sports,1,1227,1227,CUST-72750,App
UK-2026-103311,2026-05-19,South,Kochi,Denim Jacket,Fashion,1,2285,2285,CUST-54669,App
UK-2026-103431,2026-05-19,East,Bhubaneswar,Silk Saree,Fashion,2,3343,6686,CUST-13154,Website
UK-2026-102456,2026-04-02,North,Chandigarh,Silk Saree,Fashion,1,3637,3637,CUST-16137,App
UK-2026-102074,2026-03-05,South,Hyderabad,Air Fryer 5L,Home & Kitchen,2,5353,10706,CUST-60388,App
UK-2026-103456,2026-05-24,East,Patna,Matte Lipstick Set,Beauty,2,903,1806,CUST-99611,Website
UK-2026-102772,2026-04-23,South,Kochi,Bluetooth Speaker Mini,Electronics,2,1443,2886,CUST-18180,Website
UK-2026-104896,2026-06-19,East,Bhubaneswar,Gym Gloves,Sports,1,481,481,CUST-45244,Website
UK-2026-103741,2026-05-18,Central,Indore,Cotton Kurta Set,Fashion,0,1278,1278,CUST-34976,App
UK-2026-100340,2026-01-24,East,Bhubaneswar,Denim Jacket,Fashion,2,2158,4316,CUST-29874,App
UK-2026-104591,2026-06-18,East,Kolkata,Non-Stick Cookware Set,Home & Kitchen,1,2916,2916,CUST-40220,App
UK-2026-103580,2026-05-14,North,DELHI,Cotton Kurta Set,Fashion,1,1355,1355,CUST-79575,App
UK-2026-104639,2026-06-14,West,Pune,Yoga Mat Pro,Sports,2,1186,2372,CUST-95001,Website
UK-2026-101862,2026-03-22,West,Ahmedabad,Silk Saree,Fashion,,3601,3601,CUST-51853,App
UK-2026-104906,2026-06-27,Central,Indore,Denim Jacket,Fashion,1,2145,2145,CUST-31275,Website
UK-2026-100600,2026-01-28,East,Kolkata,Smart Watch X2,Electronics,1,4475,4475,CUST-33757,App
UK-2026-104612,20/06/2026,East,Guwahati,Ethnic Dupatta,Fashion,1,515,515,CUST-66169,Website
UK-2026-104859,2026-06-06,West,Surat,Ethnic Dupatta,Fashion,1,487,487,CUST-80754,App
UK-2026-103568,2026-05-20,South,Bengaluru,Dinner Set 24pc,Home & Kitchen,1,2588,2588,CUST-62642,App
UK-2026-100119,2026-01-10,North,GGN,Ethnic Dupatta,Fashion,2,477,954,CUST-53248,Website
UK-2026-103705,2026-05-10,West,Surat,Formal Shirt,Fashion,1,1051,1051,CUST-38255,Marketplace
UK-2026-104404,2026-06-08,Central,Indore,43-inch Smart TV,Electronics,2,25724,51448,CUST-48680,Marketplace
UK-2026-102915,2026-04-10,South,Bengaluru,Sunscreen SPF50,Beauty,2,563,"1,126.00",CUST-45475,Website
UK-2026-103978,2026-05-07,North,Gurugram,Running Sneakers,Fashion,1,2830,2830,CUST-56290,App
UK-2026-101922,2026-03-14,North,Gurugram,Electric Kettle 1.5L,Home & Kitchen,1,1125,1125,CUST-73331,App
UK-2026-100130,2026-01-31,East,Bhubaneswar,Power Bank 20000mAh,Electronics,3,1728,5184,CUST-52878,Website
UK-2026-101821,2026-03-25,Central,Bhopal,Non-Stick Cookware Set,Home & Kitchen,1,2899,2899,CUST-49075,App
UK-2026-104613,2026-06-07,East,Bhubaneswar,43-inch Smart TV,Electronics,1,25998,25998,CUST-25943,App
UK-2026-102897,2026-04-24,Central,Raipur,43-inch Smart TV,Electronics,1,25677,25677,CUST-50640,Website
UK-2026-103831,2026-05-16,North,Delhi,Air Fryer 5L,Home & Kitchen,1,5682,5682,CUST-99143,Marketplace
UK-2026-103397,2026-05-25,North,Delhi,Mixer Grinder 750W,Home & Kitchen,1,3393,3393,CUST-50585,App
UK-2026-102607,2026-04-06,,Hyderabad,Sunscreen SPF50,Beauty,1,526,526,CUST-44391,App
UK-2026-102040,2026-03-07,Central,Nagpur,running sneakers,Fashion,4,2726,10904,CUST-20189,Website
UK-2026-104886,2026-06-24,North,Noida,Foldable Treadmill T2,Sports,1,25877,25877,CUST-31535,Marketplace
UK-2026-102152,2026-03-27,South,Bengaluru,Slim Fit Jeans,Fashion,2,1597,3194,CUST-96052,Website
UK-2026-102155,2026-03-09,West,Pune,Noise-Cancelling Headphones,Electronics,1,9422,9422,CUST-66444,Marketplace
UK-2026-102237,2026-03-10,West,Ahmedabad,Foldable Treadmill T2,Sports,2,25604,51208,CUST-70558,Marketplace
UK-2026-102069,2026-03-31,West,Mumbai,Face Wash Combo,Beauty,2,440,880,CUST-37133,Marketplace
UK-2026-101621,2026-03-12,East,Bhubaneswar,Ultrabook Air 14,Electronics,1,29538,29538,CUST-29741,Website
UK-2026-101567,2026-03-28,South,Hyderabad,Modern Wall Clock,Home & Kitchen,2,781,1562,CUST-25133,Website
UK-2026-102577,2026-04-02,West,Mumbai,Sunscreen SPF50,Beauty,1,534,534,CUST-70399,App
UK-2026-103966,2026-05-13,South,Bengaluru,Noise-Cancelling Headphones,Electronics,2,9323,18646,CUST-11147,Marketplace
UK-2026-100193,2026-01-31,West,Ahmedabad,Power Bank 20000mAh,Electronics,1,1807,1807,CUST-61002,Website
UK-2026-101391,2026-02-20,North,Noida,Ultrabook Air 14,Electronics,2,30324,60648,CUST-24443,Marketplace
UK-2026-103196,2026-05-30,South,Hyderabad,Ethnic Dupatta,Fashion,1,486,486,CUST-14430,App
UK-2026-101243,2026-02-24,North,Delhi,Mirrorless Camera Lite,Electronics,1,28525,28525,CUST-33757,App
UK-2026-101481,2026-03-20,Central,Raipur,Robot Vacuum R7,Home & Kitchen,1,18273,18273,CUST-56342,App
UK-2026-100802,2026-02-13,North,Noida,Mixer Grinder 750W,Home & Kitchen,1,3376,3376,CUST-12009,App
UK-2026-103256,2026-05-16,South,Kochi,Slim Fit Jeans,Fashion,2,1644,3288,CUST-35252,Website
UK-2026-101384,2026-02-02,North,Delhi,Air Fryer 5L,Home & Kitchen,2,5618,11236,CUST-31128,App
UK-2026-104142,2026-06-27,South,Hyderabad,Wireless Earbuds Pro,Electronics,4,2984,11936,CUST-18180,Website
UK-2026-104489,2026-06-28,South,Hyderabad,Badminton Racket Set,Sports,1,2439,2439,CUST-59974,Website
UK-2026-103271,2026-05-31,North,Delhi,Cricket Bat English Willow,Sports,2,8884,17768,CUST-39166,Website
UK-2026-102615,2026-04-09,South,Bengaluru,Adjustable Dumbbells 15kg,Sports,1,4880,4880,CUST-69073,Website
UK-2026-104129,2026-06-23,South,Hyderabad,Bluetooth Speaker Mini,Electronics,1,1481,1481,CUST-90951,App
UK-2026-104562,2026-06-02,North,Chandigarh,Dinner Set 24pc,Home & Kitchen,1,2503,2503,CUST-69073,App
UK-2026-104453,2026-06-28,Central,Raipur,Adjustable Dumbbells 15kg,Sports,2,5175,10350,CUST-88361,Website
UK-2026-100594,2026-01-28,North,Gurugram,Cycling Helmet,Sports,1,1653,1653,CUST-55568,App
UK-2026-104974,2026-06-26,North,Delhi,Slim Fit Jeans,Fashion,2,1599,3198,CUST-95983,Website
UK-2026-101703,2026-03-01,North,Chandigarh,Eau de Parfum 100ml,Beauty,1,1949,1949,CUST-84397,App
UK-2026-100999,2026-02-19,West,Pune,43-inch Smart TV,Electronics,2,25807,51614,CUST-41723,Website
UK-2026-103014,2026-04-08,South,Hyderabad,Makeup Brush Set,Beauty,1,1267,1267,CUST-85096,App
UK-2026-103915,2026-05-14,North,Gurugram,Mirrorless Camera Lite,Electronics,1,28469,28469,CUST-88536,Marketplace
UK-2026-101044,2026-02-10,East,Kolkata,Slim Fit Jeans,Fashion,1,1562,1562,CUST-20382,App
UK-2026-104904,2026-06-03,South,Bengaluru,Adjustable Dumbbells 15kg,Sports,1,5002,5002,CUST-24630,Website
UK-2026-105000,2026-06-25,North,Delhi,Smart Watch X2,Electronics,1,4563,"₹4,563",CUST-42047,Marketplace
UK-2026-101241,2026-02-05,West,Surat,Silk Saree,Fashion,1,3430,3430,CUST-44301,App
UK-2026-102608,2026-04-15,West,Surat,Non-Stick Cookware Set,Home & Kitchen,1,2885,2885,CUST-99665,App
UK-2026-103813,2026-05-09,West,Mumbai,Dinner Set 24pc,Home & Kitchen,1,2531,2531,CUST-83294,Website
UK-2026-102205,05/03/2026,South,Hyderabad,Bluetooth Speaker Mini,Electronics,1,1564,1564,CUST-60690,App
UK-2026-103644,2026-05-24,East,patna,43-inch Smart TV,Electronics,1,26509,26509,CUST-69284,App
UK-2026-102959,2026-04-06,North,Noida,Gym Gloves,Sports,1,497,497,CUST-22413,App
UK-2026-101988,2026-03-27,West,Pune,Cricket Bat English Willow,Sports,1,9406,9406,CUST-94287,Website
UK-2026-101509,2026-03-16,Central,Raipur,Adjustable Dumbbells 15kg,Sports,1,5017,5017,CUST-90288,Website
UK-2026-100664,2026-01-17,West,Ahmedabad,Air Fryer 5L,Home & Kitchen,1,5577,5577,CUST-53298,App
UK-2026-104160,2026-06-13,South,Chennai,Yoga Mat Pro,Sports,2,1204,2408,CUST-69109,App
UK-2026-102259,2026-04-02,Central,Nagpur,Eau de Parfum 100ml,Beauty,2,2060,4120,CUST-62907,App
UK-2026-104448,2026-06-13,North,Chandigarh,Cotton Kurta Set,Fashion,1,1338,1338,CUST-26579,Marketplace
UK-2026-104096,2026-06-22,South,Chennai,Badminton Racket Set,Sports,3,2439,7317,CUST-61155,Website
UK-2026-102573,2026-04-26,East,Patna,Dinner Set 24pc,Home & Kitchen,1,2469,2469,CUST-47833,Website
UK-2026-101033,2026-02-11,South,Kochi,Power Bank 20000mAh,Electronics,3,1714,5142,CUST-42317,App
UK-2026-100798,2026-02-12,West,Mumbai,Wireless Earbuds Pro,Electronics,1,3063,3063,CUST-59961,Marketplace
UK-2026-102434,2026-04-06,North,Gurgaon,Mirrorless Camera Lite,Electronics,1,29169,29169,CUST-40536,App
UK-2026-104470,2026-06-22,East,Bhubaneswar,Silk Saree,Fashion,2,3354,6708,CUST-73389,App
UK-2026-101221,2026-02-01,South,Chennai,Slim Fit Jeans,Fashion,1,1541,1541,CUST-99223,App
UK-2026-103808,2026-05-30,North,Noida,Denim Jacket,Fashion,1,2109,,CUST-37375,Website
UK-2026-100867,2026-02-13,South,Chennai,Bluetooth Speaker Mini,Electronics,2,1552,3104,CUST-55940,App
UK-2026-101903,2026-03-27,South,Chennai,Eau de Parfum 100ml,Beauty,1,1902,1902,CUST-37494,Marketplace
UK-2026-102363,2026-04-18,West,Mumbai,Formal Shirt,Fashion,2,1075,2150,CUST-80020,Website
UK-2026-100769,2026-02-08,Central,Indore,Electric Kettle 1.5L,Home & Kitchen,1,1118,1118,CUST-40138,Website
UK-2026-104853,2026-06-20,North,Gurugram,Robot Vacuum R7,Home & Kitchen,1,18346,18346,CUST-37095,Website
UK-2026-103950,2026-05-10,East,Kolkata,Matte Lipstick Set,Beauty,1,883,883,CUST-86521,App
UK-2026-101540,2026-03-18,East,Patna,Cricket Bat English Willow,Sports,1,8761,8761,CUST-21804,App
UK-2026-102601,2026-04-04,North,Delhi,Robot Vacuum R7,Home & Kitchen,1,19817,19817,CUST-38594,App
UK-2026-100734,2026-02-03,North,Gurugram,Wireless Earbuds Pro,Electronics,3,2883,8649,CUST-98477,Website
UK-2026-102699,2026-04-14,East,Patna,Sunscreen SPF50,Beauty,1,555,555,CUST-96108,Website
UK-2026-103488,2026-05-02,North,Chandigarh,Wireless Earbuds Pro,Electronics,1,3134,3134,CUST-77660,App
UK-2026-101926,2026-03-03,East,Guwahati,Robot Vacuum R7,Home & Kitchen,1,18072,18072,CUST-29604,App
UK-2026-103248,2026-05-14,,Pune,Noise-Cancelling Headphones,Electronics,1,9323,9323,CUST-88923,Website
UK-2026-104629,2026-06-30,Central,Bhopal,Eau de Parfum 100ml,Beauty,2,2044,4088,CUST-50830,Website
UK-2026-101580,2026-03-16,South,Hyderabad,Ultrabook Air 14,Electronics,1,30127,30127,CUST-93858,App
UK-2026-104182,2026-06-21,East,Bhubaneswar,Smart Watch X2,Electronics,1,4456,4456,CUST-10218,Marketplace
UK-2026-103866,2026-05-02,Central,Indore,Cycling Helmet,Sports,1,1576,1576,CUST-21583,App
UK-2026-104204,2026-06-20,West,Surat,Beard Grooming Kit,Beauty,1,954,954,CUST-71475,Website
UK-2026-104271,2026-06-28,West,Pune,Eau de Parfum 100ml,Beauty,1,2098,2098,CUST-91925,App
UK-2026-101619,2026-03-16,North,Gurugram,Cotton Kurta Set,Fashion,2,1335,2670,CUST-74129,App
UK-2026-104133,2026-06-25,North,Noida,Robot Vacuum R7,Home & Kitchen,1,18483,18483,CUST-73460,App
UK-2026-103845,05/05/2026,North,Gurugram,Denim Jacket,Fashion,1,2195,2195,CUST-73960,Marketplace
UK-2026-102146,2026-03-12,South,Hyderabad,Gym Gloves,Sports,2,511,1022,CUST-80346,Website
UK-2026-104229,2026-06-17,South,Bengaluru,Noise-Cancelling Headphones,Electronics,2,9281,18562,CUST-19863,App
UK-2026-100410,2026-01-25,West,Bombay,Silk Saree,Fashion,1,3475,3475,CUST-89923,Website
UK-2026-104960,2026-06-02,West,Mumbai,Matte Lipstick Set,Beauty,1,913,913,CUST-22413,Marketplace
UK-2026-100128,2026-01-18,South,Chennai,Ultrabook Air 14,Electronics,2,30647,61294,CUST-72731,App
UK-2026-100982,06/02/2026,West,Mumbai,Electric Kettle 1.5L,Home & Kitchen,2,1100,2200,CUST-85096,App
UK-2026-104837,2026-06-25,South,Chennai,Mixer Grinder 750W,Home & Kitchen,1,3166,3166,CUST-29692,App
UK-2026-102387,2026-04-24,Central,Indore,Vitamin C Serum,Beauty,1,717,717,CUST-25587,App
UK-2026-104883,2026-06-01,East,Patna,Wireless Earbuds Pro,Electronics,1,3038,3038,CUST-39576,Marketplace
UK-2026-101459,22/03/2026,South,Bengaluru,Bluetooth Speaker Mini,Electronics,1,1571,1571,CUST-70996,App
UK-2026-104878,2026-06-26,South,Kochi,Vitamin C Serum,Beauty,1,674,674,CUST-62642,Website
UK-2026-100659,2026-01-12,North,Delhi,Cricket Bat English Willow,Sports,1,8595,8595,CUST-92298,App
UK-2026-101296,2026-02-16,West,Ahmedabad,Cycling Helmet,Sports,3,1616,4848,CUST-95624,App
UK-2026-101271,2026-02-23,East,Kolkata,Cotton Bedsheet Set,Home & Kitchen,1,1448,1448,CUST-61588,App
UK-2026-100065,2026-01-26,West,Surat,Ethnic Dupatta,Fashion,,522,522,CUST-24433,Website
UK-2026-100685,2026-01-15,East,Kolkata,Robot Vacuum R7,Home & Kitchen,1,18288,18288,CUST-39166,App
UK-2026-100083,2026-01-22,South,Bengaluru,Robot Vacuum R7,Home & Kitchen,1,18570,18570,CUST-23574,Website
UK-2026-102228,2026-03-04,South,Kochi,Mixer Grinder 750W,Home & Kitchen,2,3362,6724,CUST-28439,App
UK-2026-104502,2026-06-14,South,Bengaluru,Silk Saree,Fashion,1,3347,3347,CUST-51580,App
UK-2026-100537,2026-01-07,North,Delhi,Cotton Bedsheet Set,Home & Kitchen,1,1390,1390,CUST-56045,App
UK-2026-102901,2026-04-21,South,Kochi,Adjustable Dumbbells 15kg,Sports,1,4767,4767,CUST-65781,App
UK-2026-101260,2026-02-24,West,Pune,Badminton Racket Set,Sports,1,2395,2395,CUST-75174,Website
UK-2026-101306,2026-02-13,North,Delhi,Mixer Grinder 750W,Home & Kitchen,1,3230,3230,CUST-12345,App
UK-2026-104454,2026-06-11,East,Bhubaneswar,Mirrorless Camera Lite,Electronics,1,27701,27701,CUST-53083,Marketplace
UK-2026-100269,2026-01-27,West,Ahmedabad,Robot Vacuum R7,Home & Kitchen,1,19773,19773,CUST-35780,App
UK-2026-104372,2026-06-05,West,Pune,Makeup Brush Set,Beauty,1,1245,1245,CUST-60116,Marketplace
UK-2026-104695,2026-06-13,South,Bengaluru,Formal Shirt,Fashion,1,1086,1086,CUST-19615,Website
UK-2026-101318,2026-02-13,South,Kochi,Football Size 5,Sports,2,914,1828,CUST-80423,App
UK-2026-104474,2026-06-27,South,Hyderabad,Cycling Helmet,Sports,2,1678,3356,CUST-45888,Marketplace
UK-2026-103233,2026-05-06,East,Bhubaneswar,Football Size 5,Sports,1,885,885,CUST-46008,Marketplace
UK-2026-101289,2026-02-11,South,Hyderabad,Denim Jacket,Fashion,2,2117,4234,CUST-98264,Website
UK-2026-104261,2026-06-16,West,Ahmedabad,Wireless Earbuds Pro,Electronics,2,3000,6000,CUST-76287,Marketplace
UK-2026-102762,2026-04-10,South,Kochi,43-inch Smart TV,Electronics,2,25187,50374,CUST-43520,Website
UK-2026-101163,2026-02-27,South,Hyderabad,Gym Gloves,Sports,1,508,508,CUST-77241,Website
UK-2026-104176,2026-06-15,East,Kolkata,Cotton Kurta Set,Fashion,3,1277,3831,CUST-83013,App
UK-2026-103310,2026-05-23,North,Gurugram,Eau de Parfum 100ml,Beauty,1,1978,1978,CUST-91240,Marketplace
UK-2026-100091,2026-01-23,East,Bhubaneswar,Mixer Grinder 750W,Home & Kitchen,1,3420,3420,CUST-29779,Marketplace
UK-2026-100971,2026-02-05,South,Kochi,Robot Vacuum R7,Home & Kitchen,1,19922,19922,CUST-27321,App
UK-2026-100363,2026-01-15,Central,Bhopal,modern wall clock,Home & Kitchen,1,771,771,CUST-48633,App
UK-2026-102947,2026-04-19,East,Patna,Cotton Kurta Set,Fashion,1,1332,1332,CUST-64303,App
UK-2026-104468,2026-06-23,South,Chennai,Non-Stick Cookware Set,Home & Kitchen,1,2763,2763,CUST-96766,Website
UK-2026-101235,2026-02-06,North,Gurugram,Denim Jacket,Fashion,1,2269,2269,CUST-89432,Website
UK-2026-101308,2026-02-17,East,Kolkata,Eau de Parfum 100ml,Beauty,1,2095,2095,CUST-84457,App
UK-2026-104842,2026-06-25,North,Gurugram,Cricket Bat English Willow,Sports,1,8933,8933,CUST-17808,Marketplace
UK-2026-100615,2026-01-16,Central,Indore,Mixer Grinder 750W,Home & Kitchen,2,3283,6566,CUST-81344,Website
UK-2026-100182,2026-01-30,South,Kochi,Bluetooth Speaker Mini,Electronics,1,1496,1496,CUST-33401,App
UK-2026-101624,2026-03-08,West,Pune,Non-Stick Cookware Set,Home & Kitchen,2,2973,5946,CUST-86986,App
UK-2026-101060,2026-02-11,West,Surat,Cotton Bedsheet Set,Home & Kitchen,4,1453,5812,CUST-80519,App
UK-2026-100552,2026-01-09,West,Ahmedabad,Cycling Helmet,Sports,1,1528,1528,CUST-25970,App
UK-2026-102394,2026-04-28,Central,Nagpur,Cotton Bedsheet Set,Home & Kitchen,2,1373,2746,CUST-99730,App
UK-2026-101432,2026-02-09,West,Mumbai,Adjustable Dumbbells 15kg,Sports,2,5005,10010,CUST-70165,Website
UK-2026-104852,23-06-26,North,Noida,Power Bank 20000mAh,Electronics,1,1716,1716,CUST-10381,App
UK-2026-101811,2026-03-03,North,Delhi,Mixer Grinder 750W,Home & Kitchen,2,3383,6766,CUST-99326,Website
UK-2026-103143,2026-05-13,South,Bengaluru,Non-Stick Cookware Set,Home & Kitchen,1,2759,2759,CUST-41826,App
UK-2026-101427,2026-02-11,South,Chennai,Foldable Treadmill T2,Sports,1,26157,26157,CUST-10034,Website
UK-2026-103989,2026-05-02,West,Surat,Non-Stick Cookware Set,Home & Kitchen,1,2928,2928,CUST-48888,App
UK-2026-102560,2026-04-02,West,Surat,Cotton Kurta Set,Fashion,1,1325,1325,CUST-72657,App
UK-2026-101042,2026-02-02,North,Chandigarh,Power Bank 20000mAh,Electronics,2,1761,3522,CUST-37662,App
UK-2026-100067,2026-01-01,East,Bhubaneswar,Makeup Brush Set,Beauty,1,1294,1294,CUST-55899,App
UK-2026-103185,2026-05-16,North,Delhi,Mixer Grinder 750W,Home & Kitchen,1,3394,3394,CUST-78964,Website
UK-2026-102530,2026-04-28,West,Ahmedabad,Mirrorless Camera Lite,Electronics,2,29622,59244,CUST-87570,Website
UK-2026-100965,2026-02-09,North,Gurugram,Formal Shirt,Fashion,2,1060,2120,CUST-40770,App
UK-2026-101707,2026-03-24,West,Ahmedabad,Noise-Cancelling Headphones,Electronics,1,8671,8671,CUST-46262,App
UK-2026-103945,20-05-26,West,Pune,Denim Jacket,Fashion,1,2095,2095,CUST-53616,Marketplace
UK-2026-101526,2026-03-10,West,Ahmedabad,Mirrorless Camera Lite,Electronics,1,29201,29201,CUST-13154,App
UK-2026-103036,2026-04-21,West,Mumbai,Yoga Mat Pro,Sports,1,1144,1144 INR,CUST-38452,App
UK-2026-101239,2026-02-17,East,Guwahati,Yoga Mat Pro,Sports,1,1172,1172,CUST-95626,App
UK-2026-103843,2026-05-17,Central,Raipur,Smart Watch X2,Electronics,1,4400,4400,CUST-66642,Website
UK-2026-104480,2026-06-17,North,Delhi,Modern Wall Clock,Home & Kitchen,1,818,818,CUST-18593,App
UK-2026-103654,2026-05-07,East,Bhubaneswar,Ethnic Dupatta,Fashion,1,502,502,CUST-69394,App
UK-2026-102632,2026-04-07,South,Kochi,43-inch Smart TV,Electronics,1,25040,25040,CUST-75724,Marketplace
UK-2026-101175,2026-02-25,East,Patna,Cricket Bat English Willow,Sports,1,8881,8881,CUST-70006,Marketplace
UK-2026-101064,2026-02-09,North,Noida,Adjustable Dumbbells 15kg,Sports,3,4908,14724,CUST-32039,App
UK-2026-102286,2026-04-16,South,Hyderabad,Yoga Mat Pro,Sports,2,1152,2304,CUST-80268,App
UK-2026-100132,2026-01-18,South,Hyderabad,Mirrorless Camera Lite,Electronics,1,28001,28001,CUST-65781,App
UK-2026-104116,2026-06-26,West,Ahmedabad,Sunscreen SPF50,Beauty,2,527,1054,CUST-68261,App
UK-2026-102706,2026-04-26,South,Bengaluru,Noise-Cancelling Headphones,Electronics,1,9185,9185,CUST-52890,App
UK-2026-100845,2026-02-26,West,Pune,Cycling Helmet,Sports,1,1611,1611,CUST-23058,Marketplace
UK-2026-103362,2026-05-08,North,Noida,Denim Jacket,Fashion,1,2092,2092,CUST-54232,Website
UK-2026-100264,2026-01-01,South,Kochi,Running Sneakers,Fashion,1,2739,2739,CUST-21717,App
UK-2026-102491,2026-04-05,South,Hyderabad,Dinner Set 24pc,Home & Kitchen,2,2394,4788,CUST-80759,App
UK-2026-100956,2026-02-22,South,Bengaluru,Face Wash Combo,Beauty,1,451,451,CUST-94287,Website
UK-2026-101976,2026-03-27,East,Patna,Leather Wallet,Fashion,1,902,902,CUST-98641,App
UK-2026-101550,2026-03-06,,Delhi,Robot Vacuum R7,Home & Kitchen,1,19091,19091,CUST-24805,Website
UK-2026-100831,2026-02-15,West,Pune,Matte Lipstick Set,Beauty,2,915,1830,CUST-76662,Website
UK-2026-102266,2026-04-12,South,Bengaluru,Eau de Parfum 100ml,Beauty,1,1963,1963,CUST-59768,Website
UK-2026-103458,2026-05-03,North,Delhi,Formal Shirt,Fashion,1,1117,1117,CUST-88536,App
UK-2026-102694,2026-04-27,South,Chennai,43-inch Smart TV,Electronics,2,25442,50884,CUST-37649,Marketplace
UK-2026-104243,2026-06-18,South,Kochi,Cotton Bedsheet Set,Home & Kitchen,1,1382,1382,CUST-67212,Website
UK-2026-101003,2026-02-18,West,Ahmedabad,Ethnic Dupatta,Fashion,1,480,480,CUST-71882,App
UK-2026-103982,2026-05-19,West,Ahmedabad,Ultrabook Air 14,Electronics,,29777,29777,CUST-39971,Website
UK-2026-101146,2026-02-09,South,Cochin,Ultrabook Air 14,Electronics,1,29479,29479,CUST-47550,Marketplace
UK-2026-102073,2026-03-31,West,Mumbai,Denim Jacket,Fashion,1,2162,2162,CUST-34976,App
UK-2026-100796,2026-02-06,South,Hyderabad,Denim Jacket,Fashion,1,2092,2092,CUST-81060,App
UK-2026-103317,2026-05-08,Central,Raipur,Electric Kettle 1.5L,Home & Kitchen,3,1055,3165,CUST-45888,Marketplace
UK-2026-101325,2026-02-14,South,Chennai,Leather Wallet,Fashion,1,921,921,CUST-46749,Website
UK-2026-101837,2026-03-07,South,Kochi,Noise-Cancelling Headphones,Electronics,2,9034,18068,CUST-29197,App
UK-2026-102042,2026-03-22,East,Kolkata,43-inch Smart TV,Electronics,2,26986,53972,CUST-56994,Marketplace
UK-2026-100985,2026-02-21,North,Delhi,Football Size 5,Sports,1,942,942,CUST-92677,Website
UK-2026-102580,2026-04-11,East,Patna,Ultrabook Air 14,Electronics,1,29457,29457,CUST-34812,Marketplace
UK-2026-104774,2026-06-14,East,Calcutta,Silk Saree,Fashion,1,3494,3494,CUST-97473,App
UK-2026-102713,2026-04-24,West,Mumbai,Power Bank 20000mAh,Electronics,2,1742,3484,CUST-77830,Website
UK-2026-104166,2026-06-02,Central,Nagpur,Robot Vacuum R7,Home & Kitchen,3,19750,59250,CUST-85584,Marketplace
UK-2026-104450,2026-06-30,East,Kolkata,GYM GLOVES,Sports,3,501,1503,CUST-91421,Marketplace
UK-2026-100146,2026-01-30,North,Chandigarh,43-inch Smart TV,Electronics,1,25821,25821,CUST-38919,App
UK-2026-100837,2026-02-20,East,Guwahati,43-inch Smart TV,Electronics,1,26572,26572,CUST-96406,Marketplace
UK-2026-104840,2026-06-04,East,Guwahati,Ethnic Dupatta,Fashion,1,484,484,CUST-74278,App
UK-2026-103620,2026-05-22,North,Gurugram,Robot Vacuum R7,Home & Kitchen,1,19104,19104,CUST-46491,App
UK-2026-102260,2026-04-11,West,Ahmedabad,43-inch Smart TV,Electronics,1,25603,25603,CUST-78893,Website
UK-2026-103891,2026-05-18,Central,Indore,Ultrabook Air 14,Electronics,1,30065,30065 INR,CUST-51879,Marketplace
UK-2026-100103,2026-01-11,West,Pune,Non-Stick Cookware Set,Home & Kitchen,1,3030,3030,CUST-14410,App
UK-2026-102450,2026-04-22,North,Noida,Modern Wall Clock,Home & Kitchen,4,806,3224,CUST-56994,Website
UK-2026-100385,2026-01-04,West,Pune,Gym Gloves,Sports,1,519,519,CUST-38822,App
UK-2026-103108,2026-05-15,West,Ahmedabad,Dinner Set 24pc,Home & Kitchen,1,2572,2572,CUST-10859,Website
UK-2026-102797,2026-04-18,East,Patna,Air Fryer 5L,Home & Kitchen,1,5356,5356,CUST-14663,Website
UK-2026-101039,01-02-26,East,Kolkata,Beard Grooming Kit,Beauty,1,1022,1022,CUST-63346,Website
UK-2026-103605,2026-05-07,North,Noida,Electric Kettle 1.5L,Home & Kitchen,1,1125,1125,CUST-84381,Website
UK-2026-102381,2026-04-02,North,Noida,Non-Stick Cookware Set,Home & Kitchen,1,2989,2989,CUST-85004,App
UK-2026-103919,2026-05-29,West,Mumbai,Sunscreen SPF50,Beauty,1,541,541,CUST-72657,Website
UK-2026-102820,2026-04-08,North,Gurugram,Modern Wall Clock,Home & Kitchen,1,825,825,CUST-35253,Website
UK-2026-103875,2026-05-19,North,Noida,Beard Grooming Kit,Beauty,1,1016,1016,CUST-37957,Website
UK-2026-104249,2026-06-16,North,Delhi,43-inch Smart TV,Electronics,2,26071,"52,142.00",CUST-50052,Marketplace
UK-2026-100243,2026-01-01,South,Bengaluru,Smart Watch X2,Electronics,1,4685,4685,CUST-28059,Marketplace
UK-2026-101465,2026-03-25,South,Chennai,Wireless Earbuds Pro,Electronics,1,3081,3081,CUST-86394,Website
UK-2026-100904,2026-02-18,South,Chennai,Beard Grooming Kit,Beauty,1,985,985,CUST-40751,Website
UK-2026-102807,2026-04-21,East,Guwahati,Adjustable Dumbbells 15kg,Sports,1,4845,4845,CUST-43973,Marketplace
UK-2026-104856,2026-06-23,North,Chandigarh,Ionic Hair Dryer,Beauty,1,1857,1857,CUST-28055,Website
UK-2026-101066,2026-02-18,West,Mumbai,Adjustable Dumbbells 15kg,Sports,1,5165,5165,CUST-45092,App
UK-2026-100877,2026-02-09,North,Noida,Sunscreen SPF50,Beauty,1,565,565,CUST-29813,Website
UK-2026-103927,2026-05-14,West,Mumbai,Denim Jacket,Fashion,2,2216,4432,CUST-91551,App
UK-2026-100683,2026-01-25,South,Kochi,Mixer Grinder 750W,Home & Kitchen,1,3165,3165,CUST-91382,App
UK-2026-102271,2026-04-02,South,Kochi,Robot Vacuum R7,Home & Kitchen,2,19751,39502,CUST-37866,App
UK-2026-100461,2026-01-07,West,Ahmedabad,Non-Stick Cookware Set,Home & Kitchen,1,3035,3035,CUST-76551,App
UK-2026-103405,2026-05-28,West,Pune,Dinner Set 24pc,Home & Kitchen,,2574,2574,CUST-61089,App
UK-2026-104931,2026-06-29,North,Delhi,Cycling Helmet,Sports,1,1553,1553,CUST-26489,App
UK-2026-102557,29-04-26,South,Hyderabad,Denim Jacket,Fashion,1,2167,2167,CUST-16899,App
UK-2026-102274,2026-04-30,West,Pune,Silk Saree,Fashion,2,3405,6810,CUST-91067,Website
UK-2026-100885,2026-02-03,South,Bengaluru,Electric Kettle 1.5L,Home & Kitchen,1,1139,1139,CUST-13072,Website
UK-2026-100901,2026-02-02,South,Kochi,Running Sneakers,Fashion,3,2895,8685,CUST-11853,Website
UK-2026-104592,2026-06-01,East,Bhubaneswar,Makeup Brush Set,Beauty,1,1248,1248,CUST-94528,App
UK-2026-103360,2026-05-11,West,Surat,Noise-Cancelling Headphones,Electronics,2,9075,18150,CUST-18180,Marketplace
UK-2026-100707,2026-01-11,South,Bengaluru,Cycling Helmet,Sports,1,1633,1633,CUST-23787,App
UK-2026-101477,2026-03-15,North,Chandigarh,Slim Fit Jeans,Fashion,3,1557,4671,CUST-48268,Marketplace
UK-2026-104496,2026-06-17,South,Chennai,Ethnic Dupatta,Fashion,1,499,499,CUST-23052,App
UK-2026-104157,2026-06-25,West,Pune,Ethnic Dupatta,Fashion,1,495,495,CUST-36049,App
UK-2026-101780,2026-03-12,West,Pune,Robot Vacuum R7,Home & Kitchen,1,19237,19237,CUST-70214,Website
UK-2026-100432,2026-01-17,East,Bhubaneswar,Dinner Set 24pc,Home & Kitchen,2,2516,5032,CUST-73405,App
UK-2026-104446,2026-06-09,East,Kolkata,Air Fryer 5L,Home & Kitchen,1,5387,5387,CUST-54709,App
UK-2026-103737,2026-05-20,North,Gurugram,Power Bank 20000mAh,Electronics,1,1813,1813,CUST-22254,Marketplace
UK-2026-104578,09/06/2026,South,Kochi,43-inch Smart TV,Electronics,4,25818,103272,CUST-30642,Marketplace
UK-2026-102497,2026-04-15,North,Gurugram,Electric Kettle 1.5L,Home & Kitchen,2,1054,2108,CUST-91098,Website
UK-2026-102590,2026-04-09,North,Noida,Makeup Brush Set,Beauty,2,1354,2708,CUST-95568,App
UK-2026-100237,2026-01-26,Central,Raipur,Badminton Racket Set,Sports,-1,2583,2583,CUST-96032,Marketplace
UK-2026-100849,2026-02-14,West,Surat,Running Sneakers,Fashion,2,2742,5484,CUST-20444,Website
UK-2026-104959,2026-06-05,South,Chennai,Eau de Parfum 100ml,Beauty,1,2047,"2,047.00",CUST-40131,Marketplace
UK-2026-100675,2026-01-10,North,Gurugram,Denim Jacket,Fashion,1,2123,2123,CUST-10665,App
UK-2026-101436,2026-02-02,West,Ahmedabad,Cotton Bedsheet Set,Home & Kitchen,1,1332,1332,CUST-11853,Website
UK-2026-104389,2026-06-16,West,Ahmedabad,Eau de Parfum 100ml,Beauty,1,1940,1940,CUST-62522,Marketplace
UK-2026-104638,2026-06-09,South,Chennai,Electric Kettle 1.5L,Home & Kitchen,1,1056,1056,CUST-93115,App
UK-2026-104317,2026-06-26,West,Mumbai,Denim Jacket,Fashion,1,2298,2298,CUST-25587,Marketplace
UK-2026-104764,2026-06-19,South,Hyderabad,Yoga Mat Pro,Sports,1,1217,1217,CUST-20112,Website
UK-2026-103781,2026-05-09,North,Delhi,Cotton Kurta Set,Fashion,2,1240,2480,CUST-90094,App
UK-2026-103753,2026-05-01,East,Guwahati,Gym Gloves,Sports,2,496,992,CUST-94238,App
UK-2026-103000,2026-04-28,West,Pune,Noise-Cancelling Headphones,Electronics,1,8725,8725,CUST-92045,Marketplace
UK-2026-104947,2026-06-20,West,Mumbai,Yoga Mat Pro,Sports,1,1254,1254,CUST-20229,Marketplace
UK-2026-102655,2026-04-12,North,Gurugram,Power Bank 20000mAh,Electronics,2,1856,3712,CUST-24726,Marketplace
UK-2026-104921,2026-06-25,East,Kolkata,Power Bank 20000mAh,Electronics,2,1770,3540,CUST-62522,Website
UK-2026-103017,2026-04-23,North,Noida,Cricket Bat English Willow,Sports,2,9077,18154,CUST-19500,Website
UK-2026-101329,2026-02-24,East,Bhubaneswar,Bluetooth Speaker Mini,Electronics,2,1503,3006,CUST-40131,Marketplace
UK-2026-100157,2026-01-10,North,Gurugram,Ultrabook Air 14,Electronics,1,30900,30900,CUST-51853,App
UK-2026-101098,2026-02-15,Central,Raipur,Power Bank 20000mAh,Electronics,2,1730,3460,CUST-67660,Website
UK-2026-103780,2026-05-06,West,Ahmedabad,Formal Shirt,Fashion,1,1131,1131,CUST-27321,Marketplace
UK-2026-101050,2026-02-09,North,Gurugram,Ionic Hair Dryer,Beauty,2,1946,3892,CUST-41093,Website
UK-2026-101861,2026-03-12,West,Surat,Bluetooth Speaker Mini,Electronics,4,1429,5716 INR,CUST-82742,App
UK-2026-101093,2026-02-11,South,Kochi,Wireless Earbuds Pro,Electronics,2,3093,"₹6,186",CUST-13804,Website
UK-2026-101330,2026-02-17,South,Chennai,Denim Jacket,Fashion,1,2167,2167,CUST-69073,App
UK-2026-101900,2026-03-22,North,Noida,Modern Wall Clock,Home & Kitchen,1,790,790,CUST-10627,App
UK-2026-104637,2026-06-25,North,Chandigarh,Denim Jacket,Fashion,3,2234,6702,CUST-46154,Website
UK-2026-102207,2026-03-10,West,Ahmedabad,Football Size 5,Sports,1,939,939,CUST-77082,App
UK-2026-102290,2026-04-14,West,Surat,Mixer Grinder 750W,Home & Kitchen,2,3204,6408,CUST-51209,Marketplace
UK-2026-103763,06-05-26,South,Chennai,Football Size 5,Sports,2,885,1770,CUST-81740,Website
UK-2026-104719,2026-06-03,Central,Indore,Slim Fit Jeans,Fashion,1,1622,1622,CUST-48634,Website
UK-2026-100766,2026-02-17,South,Hyderabad,Noise-Cancelling Headphones,Electronics,1,9008,9008,CUST-33208,Website
UK-2026-102409,2026-04-05,Central,Indore,Denim Jacket,Fashion,1,2163,2163,CUST-86604,App
UK-2026-101011,2026-02-16,Central,nagpur,Bluetooth Speaker Mini,Electronics,1,1462,1462,CUST-50908,App
UK-2026-103449,2026-05-31,North,Gurugram,Denim Jacket,Fashion,1,2240,2240,CUST-66444,App
UK-2026-100539,2026-01-03,West,Mumbai,Cycling Helmet,Sports,3,1653,4959,CUST-95443,App
UK-2026-100770,2026-02-23,West,Pune,Cotton Kurta Set,Fashion,1,1347,1347,CUST-16251,Website
UK-2026-101985,2026-03-28,North,Gurugram,Ethnic Dupatta,Fashion,1,477,477,CUST-36156,Website
UK-2026-101797,2026-03-09,South,Kochi,Cotton Kurta Set,Fashion,2,1264,2528,CUST-80754,Website
UK-2026-100767,2026-02-09,West,Surat,Formal Shirt,Fashion,3,1085,"₹3,255",CUST-77496,Marketplace
UK-2026-103025,2026-04-06,West,Ahmedabad,Badminton Racket Set,Sports,1,2416,2416,CUST-31416,Website
UK-2026-101242,2026-02-25,North,Gurugram,Gym Gloves,Sports,2,505,1010,CUST-58367,App
UK-2026-100123,2026-01-26,North,Delhi,Leather Wallet,Fashion,1,939,939,CUST-13829,App
UK-2026-102500,2026-04-13,East,Bhubaneswar,Cotton Bedsheet Set,Home & Kitchen,3,1395,4185,CUST-23363,Website
UK-2026-100520,2026-01-18,Central,Nagpur,Dinner Set 24pc,Home & Kitchen,2,2548,5096,CUST-15964,Marketplace
UK-2026-100239,2026-01-10,North,Delhi,Formal Shirt,Fashion,2,1129,2258,CUST-46965,App
UK-2026-101055,2026-02-21,South,Hyderabad,Air Fryer 5L,Home & Kitchen,1,5427,5427,CUST-61742,App
UK-2026-102842,2026-04-25,North,Gurugram,Electric Kettle 1.5L,Home & Kitchen,1,1111,1111,CUST-44046,Website
UK-2026-101251,2026-02-04,East,Patna,Matte Lipstick Set,Beauty,1,860,860,CUST-82862,Website
UK-2026-102108,2026-03-21,North,Chandigarh,Silk Saree,Fashion,2,3511,7022,CUST-12126,App
UK-2026-102589,2026-04-23,West,Mumbai,Power Bank 20000mAh,Electronics,1,1775,1775,CUST-69603,App
UK-2026-103312,2026-05-09,East,Guwahati,Denim Jacket,Fashion,1,2233,2233,CUST-25587,App
UK-2026-101700,2026-03-29,South,Hyderabad,Gym Gloves,Sports,1,480,480,CUST-18884,Marketplace
UK-2026-100757,2026-02-23,South,Bengaluru,Ultrabook Air 14,Electronics,3,30104,90312,CUST-91240,Website
UK-2026-103091,2026-05-31,North,Noida,Face Wash Combo,Beauty,1,443,443,CUST-81920,Website
UK-2026-100137,2026-01-25,Central,Nagpur,Gym Gloves,Sports,1,480,480,CUST-35077,App
UK-2026-102960,2026-04-14,East,Patna,Ionic Hair Dryer,Beauty,1,1855,1855,CUST-83294,Website
UK-2026-102803,2026-04-06,West,Surat,Power Bank 20000mAh,Electronics,1,1811,1811,CUST-84503,Website
UK-2026-102009,2026-03-15,North,Chandigarh,Denim Jacket,Fashion,1,2101,2101,CUST-33128,Website
UK-2026-103290,2026-05-22,West,Surat,Gym Gloves,Sports,1,512,512.00,CUST-66901,App
UK-2026-102067,2026-03-10,West,Ahmedabad,Ultrabook Air 14,Electronics,1,30636,30636,CUST-60761,Marketplace
UK-2026-101199,12-02-26,West,Pune,Air Fryer 5L,Home & Kitchen,2,5768,11536,CUST-29348,Marketplace
UK-2026-100651,2026-01-10,East,Bhubaneswar,Cricket Bat English Willow,Sports,1,8709,8709,CUST-24744,App
UK-2026-103837,2026-05-16,South,Kochi,Makeup Brush Set,Beauty,2,1338,2676,CUST-92617,App
UK-2026-100544,2026-01-14,South,Chennai,Electric Kettle 1.5L,Home & Kitchen,1,1140,1140,CUST-67345,App
UK-2026-103549,2026-05-20,South,Kochi,Cotton Kurta Set,Fashion,1,1242,1242,CUST-74336,App
UK-2026-102618,2026-04-21,South,Kochi,Smart Watch X2,Electronics,2,4281,8562,CUST-53225,App
UK-2026-104078,2026-06-10,West,Bombay,Dinner Set 24pc,Home & Kitchen,1,2515,2515,CUST-97006,App
UK-2026-100058,2026-01-23,North,Delhi,Non-Stick Cookware Set,Home & Kitchen,1,2951,2951,CUST-85735,App
UK-2026-104438,2026-06-06,South,Bengaluru,Football Size 5,Sports,2,873,1746,CUST-25133,Website
UK-2026-104044,2026-06-20,West,Pune,Air Fryer 5L,Home & Kitchen,1,5676,5676,CUST-65022,App
UK-2026-104550,2026-06-22,South,Cochin,Electric Kettle 1.5L,Home & Kitchen,1,1152,1152,CUST-10537,App
UK-2026-102654,2026-04-22,North,Delhi,Cotton Kurta Set,Fashion,1,1280,1280,CUST-38919,Website
UK-2026-104065,2026-06-05,West,Surat,Foldable Treadmill T2,Sports,1,23906,23906,CUST-40942,Marketplace
UK-2026-103675,2026-05-03,South,Kochi,Cotton Kurta Set,Fashion,1,1235,1235,CUST-80660,Website
UK-2026-101848,2026-03-23,South,Chennai,Power Bank 20000mAh,Electronics,3,1785,5355,CUST-19319,App
UK-2026-102905,2026-04-09,South,Hyderabad,Ethnic Dupatta,Fashion,1,480,480,CUST-62630,Website
UK-2026-101625,2026-03-07,East,Patna,Non-Stick Cookware Set,Home & Kitchen,1,3037,3037,CUST-70639,Website
UK-2026-102187,2026-03-24,West,Mumbai,Sunscreen SPF50,Beauty,2,546,1092,CUST-16496,Website
UK-2026-104507,2026-06-05,South,Hyderabad,Matte Lipstick Set,Beauty,1,877,877,CUST-80884,Website
UK-2026-102783,2026-04-23,,Chandigarh,Sunscreen SPF50,Beauty,4,565,2260,CUST-79541,Marketplace
UK-2026-101259,2026-02-23,West,Mumbai,Face Wash Combo,Beauty,1,464,464,CUST-30453,Website
UK-2026-103254,2026-05-26,South,Chennai,Silk Saree,Fashion,1,3460,3460,CUST-82795,App
UK-2026-104530,2026-06-26,West,Ahmedabad,Wireless Earbuds Pro,Electronics,1,3146,3146,CUST-14663,App
UK-2026-102586,2026-04-05,South,Cochin,Modern Wall Clock,Home & Kitchen,1,784,784,CUST-25065,Website
UK-2026-102070,2026-03-14,South,Chennai,Cotton Kurta Set,Fashion,1,1332,1332,CUST-40056,Website
UK-2026-103378,2026-05-14,Central,Nagpur,Cotton Bedsheet Set,Home & Kitchen,1,1445,1445,CUST-13868,App
UK-2026-103417,2026-05-03,East,Guwahati,Ionic Hair Dryer,Beauty,1,1817,,CUST-94258,App
UK-2026-101349,2026-02-24,North,Delhi,Ultrabook Air 14,Electronics,1,31135,31135,CUST-38482,Marketplace
UK-2026-100002,2026-01-28,South,Hyderabad,Robot Vacuum R7,Home & Kitchen,1,18546,18546,CUST-22720,App
UK-2026-101294,2026-02-10,West,Surat,Robot Vacuum R7,Home & Kitchen,1,18894,18894,CUST-92045,App
UK-2026-100536,2026-01-03,West,Mumbai,Eau de Parfum 100ml,Beauty,1,2035,2035,CUST-79391,App
UK-2026-101091,2026-02-04,Central,Raipur,Smart Watch X2,Electronics,1,4337,4337,CUST-78281,Marketplace
UK-2026-101087,2026-02-24,North,Chandigarh,Face Wash Combo,Beauty,1,454,454,CUST-49845,App
UK-2026-104805,2026-06-22,South,Bengaluru,Face Wash Combo,Beauty,1,431,431.00,CUST-93092,Website
UK-2026-101977,2026-03-01,East,Kolkata,Noise-Cancelling Headphones,Electronics,2,8944,17888,CUST-59806,Marketplace
UK-2026-104566,2026-06-16,South,Hyderabad,Face Wash Combo,Beauty,1,441,441,CUST-45260,App
UK-2026-100445,2026-01-01,South,Bengaluru,Wireless Earbuds Pro,Electronics,0,2872,5744,CUST-56590,Website
UK-2026-103051,2026-04-27,Central,Raipur,Non-Stick Cookware Set,Home & Kitchen,1,2880,2880,CUST-69109,Website
UK-2026-102635,2026-04-02,South,Bengaluru,Power Bank 20000mAh,Electronics,2,1801,3602,CUST-80759,App
UK-2026-104967,2026-06-26,West,Mumbai,Formal Shirt,Fashion,1,1097,1097,CUST-40751,App
UK-2026-103157,2026-05-26,Central,Bhopal,Ultrabook Air 14,Electronics,1,29018,29018,CUST-84604,Marketplace
UK-2026-104227,2026-06-17,West,Ahmedabad,Formal Shirt,Fashion,1,1153,1153,CUST-12237,Marketplace
UK-2026-103778,2026-05-08,South,Hyderabad,Smart Watch X2,Electronics,1,4439,4439,CUST-62792,App
UK-2026-102729,2026-04-21,North,Gurugram,Electric Kettle 1.5L,Home & Kitchen,1,1135,1135,CUST-63391,App
UK-2026-102830,2026-04-18,East,Patna,Cotton Bedsheet Set,Home & Kitchen,1,1419,1419,CUST-33786,Marketplace
UK-2026-102861,2026-04-18,South,Kochi,Gym Gloves,Sports,2,513,1026,CUST-92428,Website
UK-2026-104690,2026-06-05,Central,Raipur,Formal Shirt,Fashion,4,1131,,CUST-96695,App
UK-2026-100401,2026-01-04,West,Mumbai,Slim Fit Jeans,Fashion,1,1616,1616,CUST-46229,Website
UK-2026-103217,2026-05-11,West,Surat,Slim Fit Jeans,Fashion,1,1522,1522,CUST-23787,Website
UK-2026-104071,2026-06-30,North,Delhi,Smart Watch X2,Electronics,2,4594,9188,CUST-24123,Marketplace
UK-2026-103727,2026-05-19,North,Gurugram,Wireless Earbuds Pro,Electronics,1,3073,3073,CUST-85167,Website
UK-2026-101110,2026-02-27,North,Chandigarh,Electric Kettle 1.5L,Home & Kitchen,2,1084,2168,CUST-44490,App
UK-2026-104447,2026-06-07,North,Delhi,Sunscreen SPF50,Beauty,3,542,1626,CUST-61123,App
UK-2026-100566,2026-01-24,North,Gurugram,Mirrorless Camera Lite,Electronics,-2,28211,28211,CUST-45668,Marketplace
UK-2026-102544,2026-04-20,Central,Indore,Silk Saree,Fashion,1,3441,3441,CUST-82242,Website
UK-2026-102115,2026-03-14,Central,Indore,Mirrorless Camera Lite,Electronics,3,29140,87420,CUST-22250,Marketplace
UK-2026-104262,2026-06-26,North,Gurugram,Bluetooth Speaker Mini,Electronics,1,1483,1483,CUST-34402,App
UK-2026-100567,2026-01-29,South,Bengaluru,Non-Stick Cookware Set,Home & Kitchen,2,2995,5990,CUST-29982,App
UK-2026-103814,2026-05-12,West,Mumbai,Mixer Grinder 750W,Home & Kitchen,2,3384,6768,CUST-83294,Website
UK-2026-102242,2026-04-01,Central,Nagpur,Badminton Racket Set,Sports,1,2511,2511,CUST-41469,App
UK-2026-101485,2026-03-14,North,Chandigarh,Ethnic Dupatta,Fashion,1,515,515,CUST-18201,App
UK-2026-104316,2026-06-07,South,Kochi,Cotton Bedsheet Set,Home & Kitchen,1,1377,1377,CUST-43156,Marketplace
UK-2026-101633,2026-03-21,West,Ahmedabad,Dinner Set 24pc,Home & Kitchen,1,2489,2489,CUST-39825,Website
UK-2026-104403,2026-06-21,Central,Raipur,Silk Saree,Fashion,1,3365,3365,CUST-40220,Website
UK-2026-104737,2026-06-15,South,Hyderabad,43-inch Smart TV,Electronics,2,25574,51148,CUST-76157,Marketplace
UK-2026-101055,2026-02-21,South,Hyderabad,Air Fryer 5L,Home & Kitchen,1,5427,5427,CUST-61742,App
UK-2026-103489,2026-05-11,East,Bhubaneswar,COTTON BEDSHEET SET,Home & Kitchen,1,1446,1446,CUST-98264,Website
UK-2026-104405,2026-06-06,North,Delhi,Football Size 5,Sports,1,931,931,CUST-94298,Website
UK-2026-103265,2026-05-31,South,Hyderabad,Modern Wall Clock,Home & Kitchen,1,817,817,CUST-77862,Marketplace
UK-2026-103032,2026-04-21,,Delhi,Silk Saree,Fashion,1,3518,3518,CUST-17869,App
UK-2026-102066,2026-03-14,West,Mumbai,Silk Saree,Fashion,1,3496,3496,CUST-84457,Marketplace
UK-2026-102209,2026-03-10,West,Surat,Cotton Bedsheet Set,Home & Kitchen,1,1420,1420,CUST-86669,App
UK-2026-102265,2026-04-01,East,Bhubaneswar,Smart Watch X2,Electronics,1,4476,4476,CUST-25080,Marketplace
UK-2026-104693,2026-06-26,West,Ahmedabad,Robot Vacuum R7,Home & Kitchen,1,18170,18170,CUST-50936,App
UK-2026-102467,2026-04-14,East,Bhubaneswar,Modern Wall Clock,Home & Kitchen,1,780,780,CUST-52919,App
UK-2026-101470,2026-03-07,Central,Raipur,Formal Shirt,Fashion,2,1114,2228,CUST-30396,App
UK-2026-101896,2026-03-10,North,Delhi,Silk Saree,Fashion,1,3346,3346,CUST-99369,App
UK-2026-101131,2026-02-24,East,Guwahati,Silk Saree,Fashion,1,3403,3403,CUST-22110,App
UK-2026-100219,2026-01-06,North,Chandigarh,Leather Wallet,Fashion,1,928,,CUST-78395,App
UK-2026-104560,2026-06-14,South,Chennai,Dinner Set 24pc,Home & Kitchen,1,2520,2520,CUST-14159,Marketplace
UK-2026-100180,2026-01-13,Central,Indore,Slim Fit Jeans,Fashion,1,1636,1636,CUST-30482,App
UK-2026-101252,2026-02-27,West,Ahmedabad,Ethnic Dupatta,Fashion,1,491,491,CUST-58491,App
UK-2026-104009,2026-05-06,West,Mumbai,Noise-Cancelling Headphones,Electronics,1,9140,9140,CUST-61756,Website
UK-2026-101266,2026-02-05,South,Hyderabad,Ultrabook Air 14,Electronics,1,30771,30771,CUST-49017,Website
UK-2026-104993,2026-06-18,Central,Raipur,Formal Shirt,Fashion,1,1091,1091,CUST-98791,Website
UK-2026-104939,2026-06-12,West,Mumbai,Smart Watch X2,Electronics,1,4605,4605,CUST-71396,Marketplace
UK-2026-102338,22-04-26,North,Gurugram,Ethnic Dupatta,Fashion,2,480,960,CUST-20749,Website
UK-2026-101454,2026-03-04,West,Surat,Ionic Hair Dryer,Beauty,1,1942,1942,CUST-98267,App
UK-2026-102226,2026-03-24,North,Delhi,Adjustable Dumbbells 15kg,Sports,1,5115,5115,CUST-46281,Website
UK-2026-104645,2026-06-18,East,Patna,Badminton Racket Set,Sports,1,2495,2495,CUST-44366,App
UK-2026-100759,2026-02-25,South,Bangalore,Mirrorless Camera Lite,Electronics,1,29405,29405,CUST-53462,Website
UK-2026-100739,2026-02-10,Central,Raipur,Smart Watch X2,Electronics,1,4632,4632,CUST-53165,App
UK-2026-104364,2026-06-19,South,Kochi,Slim Fit Jeans,Fashion,1,1542,1542,CUST-61925,App
UK-2026-101598,2026-03-04,West,Surat,Modern Wall Clock,Home & Kitchen,1,818,818,CUST-18945,App
UK-2026-102754,2026-04-04,West,Mumbai,Modern Wall Clock,Home & Kitchen,1,774,774,CUST-19217,App
UK-2026-100050,2026-01-16,East,Bhubaneswar,Noise-Cancelling Headphones,Electronics,1,9339,9339,CUST-49845,Website
UK-2026-103011,2026-04-24,North,Delhi,Formal Shirt,Fashion,1,1094,1094,CUST-98977,App
UK-2026-101101,2026-02-27,South,Hyderabad,Slim Fit Jeans,Fashion,1,1657,1657,CUST-23052,Website
UK-2026-103965,2026-05-31,West,Pune,Slim Fit Jeans,Fashion,2,1603,3206,CUST-16899,App
UK-2026-103331,2026-05-26,North,Gurugram,Formal Shirt,Fashion,1,1066,1066,CUST-30939,Website
UK-2026-103322,2026-05-25,Central,Nagpur,Wireless Earbuds Pro,Electronics,1,2877,2877,CUST-34999,Marketplace
UK-2026-103892,2026-05-13,West,Pune,Silk Saree,Fashion,-2,3668,7336,CUST-41570,App
UK-2026-104987,2026-06-08,East,Guwahati,Noise-Cancelling Headphones,Electronics,1,9108,9108,CUST-99328,Marketplace
UK-2026-100448,2026-01-04,West,Ahmedabad,Adjustable Dumbbells 15kg,Sports,1,5059,5059,CUST-24021,App
UK-2026-103916,2026-05-22,South,Kochi,Football Size 5,Sports,1,876,876,CUST-57818,App
UK-2026-101896,2026-03-10,North,Delhi,Silk Saree,Fashion,1,3346,3346,CUST-99369,App
UK-2026-103897,2026-05-25,East,Patna,Mirrorless Camera Lite,Electronics,1,29296,29296,CUST-74927,Marketplace
UK-2026-103701,2026-05-21,East,Patna,Electric Kettle 1.5L   ,Home & Kitchen,2,1067,2134,CUST-89615,App
UK-2026-102453,2026-04-19,Central,Raipur,Foldable Treadmill T2,Sports,1,26161,26161,CUST-66258,Website
UK-2026-103472,2026-05-23,West,Pune,Mixer Grinder 750W,Home & Kitchen,3,3258,9774,CUST-99363,App
UK-2026-103829,2026-05-20,West,Mumbai,Smart Watch X2,Electronics,1,4458,4458,CUST-39401,Marketplace
UK-2026-102297,2026-04-26,North,Delhi,Mixer Grinder 750W,Home & Kitchen,2,3410,6820,CUST-32832,Website
UK-2026-100554,2026-01-31,North,Chandigarh,Beard Grooming Kit,Beauty,1,1044,1044,CUST-11992,Website
UK-2026-102519,2026-04-18,West,Pune,Formal Shirt,Fashion,1,1121,1121,CUST-62642,Website
UK-2026-102397,2026-04-06,South,Kochi,Cycling Helmet,Sports,1,1593,1593,CUST-21081,Website
UK-2026-104603,2026-06-24,South,Kochi,Dinner Set 24pc,Home & Kitchen,2,2537,5074,CUST-74927,Marketplace
UK-2026-101832,2026-03-08,South,Chennai,Vitamin C Serum,Beauty,2,694,1388,CUST-14910,Website
UK-2026-100207,2026-01-31,West,Ahmedabad,Silk Saree,Fashion,1,3447,3447,CUST-84168,Marketplace
UK-2026-102907,2026-04-23,East,Patna,Leather Wallet,Fashion,1,941,941,CUST-58730,App
UK-2026-100714,2026-01-03,West,Pune,Electric Kettle 1.5L,Home & Kitchen,-1,1141,1141,CUST-62782,Website
UK-2026-100580,2026-01-07,East,Guwahati,Cricket Bat English Willow,Sports,2,8971,17942,CUST-98655,App
UK-2026-104137,2026-06-03,North,Chandigarh,Electric Kettle 1.5L,Home & Kitchen,1,1085,1085,CUST-29874,App
UK-2026-102339,08-04-26,South,Kochi,Silk Saree,Fashion,1,3364,3364,CUST-24693,App
UK-2026-103988,2026-05-12,South,Hyderabad,Denim Jacket,Fashion,1,2275,2275,CUST-61060,Marketplace
UK-2026-104648,2026-06-20,East,Bhubaneswar,Slim Fit Jeans,Fashion,1,1577,1577,CUST-97341,App
UK-2026-103225,2026-05-17,South,Bengaluru,Makeup Brush Set,Beauty,1,1352,1352,CUST-19469,Website
UK-2026-101201,2026-02-01,West,Surat,Cotton Bedsheet Set,Home & Kitchen,1,1404,1404,CUST-49545,App
UK-2026-104873,2026-06-21,North,Noida,Ultrabook Air 14,Electronics,1,30685,30685,CUST-96661,App
UK-2026-101649,2026-03-16,West,Ahmedabad,Ultrabook Air 14,Electronics,1,28795,28795,CUST-60085,App
UK-2026-104584,2026-06-10,South,Bengaluru,Slim Fit Jeans,Fashion,1,1652,1652,CUST-67410,Website
UK-2026-101620,2026-03-07,North,Noida,Leather Wallet,Fashion,1,873,873,CUST-48185,Website
UK-2026-104408,2026-06-16,North,Delhi,Denim Jacket,Fashion,1,2227,2227,CUST-42190,App
UK-2026-100696,2026-01-03,South,Chennai,43-inch Smart TV,Electronics,1,27102,27102,CUST-19633,Website
UK-2026-104750,2026-06-08,East,Patna,Modern Wall Clock,Home & Kitchen,1,835,835,CUST-40138,Marketplace
UK-2026-103480,2026-05-30,East,Kolkata,Silk Saree,Fashion,1,3354,3354,CUST-77862,App
UK-2026-101743,2026-03-31,South,Chennai,Noise-Cancelling Headphones,Electronics,1,9355,9355,CUST-58916,App
UK-2026-100828,2026-02-20,South,Hyderabad,Denim Jacket,Fashion,2,2211,4422,CUST-78893,App
UK-2026-104152,2026-06-08,West,Ahmedabad,Running Sneakers,Fashion,1,2747,2747,CUST-36049,App
UK-2026-103702,2026-05-29,West,Surat,Mixer Grinder 750W,Home & Kitchen,1,3182,3182,CUST-84381,Website
UK-2026-102641,2026-04-29,West,Surat,Ultrabook Air 14,Electronics,1,30979,30979,CUST-64440,Marketplace
UK-2026-101823,17/03/2026,South,Hyderabad,Leather Wallet,Fashion,1,902,902,CUST-97341,App
UK-2026-101395,2026-02-03,South,Bengaluru,Noise-Cancelling Headphones,Electronics,1,9278,9278,CUST-59021,Website
UK-2026-103240,2026-05-04,Central,Raipur,Silk Saree,Fashion,1,3558,3558,CUST-68435,App
UK-2026-103907,2026-05-16,North,Delhi,Ultrabook Air 14,Electronics,4,31452,125808,CUST-22705,Marketplace
UK-2026-103704,30-05-26,East,Patna,Bluetooth Speaker Mini,Electronics,1,1476,1476,CUST-85795,App
UK-2026-102172,2026-03-08,East,Patna,Mixer Grinder 750W,Home & Kitchen,2,3416,,CUST-64726,App
UK-2026-104455,2026-06-12,West,Mumbai,Smart Watch X2,Electronics,1,4342,4342,CUST-75269,App
UK-2026-103441,2026-05-16,West,Mumbai,Mirrorless Camera Lite,Electronics,1,29042,29042,CUST-93847,Marketplace
UK-2026-101655,2026-03-02,East,Patna,Ethnic Dupatta,Fashion,1,486,,CUST-59411,App
UK-2026-101630,2026-03-26,South,Chennai,Face Wash Combo,Beauty,1,440,440,CUST-96695,App
UK-2026-103528,2026-05-23,West,Ahmedabad,Ethnic Dupatta,Fashion,4,491,1964,CUST-65623,App
UK-2026-104504,2026-06-06,South,Hyderabad,Football Size 5,Sports,3,875,2625,CUST-91067,Marketplace
UK-2026-104768,2026-06-30,East,Bhubaneswar,Badminton Racket Set,Sports,1,2614,2614,CUST-41730,Website
UK-2026-102278,2026-04-17,West,Ahmedabad,Smart Watch X2,Electronics,1,4614,4614,CUST-56391,Website
UK-2026-104620,2026-06-18,North,Delhi,Robot Vacuum R7,Home & Kitchen,1,19853,19853,CUST-40653,App
UK-2026-104598,2026-06-13,North,Delhi,Cycling Helmet,Sports,1,1575,1575,CUST-29779,App
UK-2026-103946,2026-05-08,West,Surat,Football Size 5,Sports,1,918,918,CUST-96774,Website
UK-2026-104879,2026-06-16,West,Bombay,Matte Lipstick Set,Beauty,2,884,1768,CUST-48566,Marketplace
UK-2026-104273,2026-06-14,South,Chennai,Foldable Treadmill T2,Sports,1,25311,25311,CUST-80754,Website
UK-2026-103565,2026-05-14,Central,Bhopal,Cotton Bedsheet Set,Home & Kitchen,1,1331,1331,CUST-73193,Website
UK-2026-101102,2026-02-10,Central,Bhopal,Yoga Mat Pro,Sports,1,1199,1199,CUST-64289,Website
UK-2026-104916,2026-06-16,South,Bengaluru,Denim Jacket,Fashion,1,2133,2133,CUST-86050,Marketplace
UK-2026-102335,2026-04-03,East,Bhubaneswar,Cotton Bedsheet Set,Home & Kitchen,4,1456,5824,CUST-30503,Website
UK-2026-104968,2026-06-26,South,Hyderabad,Beard Grooming Kit,Beauty,1,1016,1016,CUST-59175,Website
UK-2026-104051,2026-06-15,North,Noida,Wireless Earbuds Pro,Electronics,2,2895,5790,CUST-44028,Website
UK-2026-103745,2026-05-13,West,Ahmedabad,Cycling Helmet,Sports,1,1564,1564,CUST-88344,Marketplace
UK-2026-104675,2026-06-30,South,Bengaluru,Denim Jacket,Fashion,1,2197,2197,CUST-29839,App
UK-2026-102425,2026-04-04,East,Patna,Sunscreen SPF50,Beauty,2,540,1080,CUST-16770,App
UK-2026-102957,2026-04-27,North,Noida,Noise-Cancelling Headphones,Electronics,1,9182,9182,CUST-85557,Marketplace
UK-2026-101400,2026-02-16,Central,Indore,43-inch Smart TV,Electronics,2,25575,51150,CUST-57117,Marketplace
UK-2026-100609,2026-01-10,West,Surat,Matte Lipstick Set,Beauty,1,863,863,CUST-67410,App
UK-2026-103015,2026-04-20,East,Patna,Cricket Bat English Willow,Sports,1,8681,8681,CUST-81050,Marketplace
UK-2026-104661,2026-06-09,North,Chandigarh,Air Fryer 5L,Home & Kitchen,1,5564,5564,CUST-50465,App
UK-2026-101368,2026-02-01,North,Noida,Mirrorless Camera Lite,Electronics,1,27925,27925,CUST-68662,Website
UK-2026-103524,2026-05-12,East,Kolkata,Cotton Bedsheet Set,Home & Kitchen,1,1441,1441,CUST-62222,Website
UK-2026-101029,2026-02-22,South,Hyderabad,Modern Wall Clock,Home & Kitchen,1,780,780,CUST-38914,Marketplace
UK-2026-102791,2026-04-08,North,Gurugram,Silk Saree,Fashion,1,3644,3644,CUST-94287,App
UK-2026-103520,"May 14, 2026",South,Chennai,Adjustable Dumbbells 15kg,Sports,1,4849,4849,CUST-85174,Website
UK-2026-103262,2026-05-29,South,Chennai,Wireless Earbuds Pro,Electronics,1,2895,2895,CUST-82862,App
UK-2026-102734,2026-04-03,West,Ahmedabad,Ultrabook Air 14,Electronics,1,29674,29674,CUST-40326,Marketplace
UK-2026-100301,2026-01-03,West,Pune,Beard Grooming Kit,Beauty,,995,995,CUST-11657,App
UK-2026-103452,2026-05-22,East,Patna,Mirrorless Camera Lite,Electronics,1,29721,29721,CUST-67212,Marketplace
UK-2026-101322,2026-02-16,South,Madras,Formal Shirt,Fashion,2,1123,2246,CUST-86623,Website
UK-2026-104153,2026-06-05,North,Chandigarh,Gym Gloves,Sports,1,477,477,CUST-51235,Marketplace
UK-2026-103236,2026-05-19,North,Noida,Yoga Mat Pro,Sports,1,1167,1167,CUST-42339,Website
UK-2026-104730,2026-06-28,East,Bhubaneswar,Robot Vacuum R7,Home & Kitchen,1,18996,18996,CUST-31179,App
UK-2026-103172,2026-05-10,Central,Bhopal,Air Fryer 5L,Home & Kitchen,1,5725,5725,CUST-42701,Marketplace
UK-2026-103173,2026-05-02,South,Chennai,Cricket Bat English Willow,Sports,1,8980,8980,CUST-20844,App
UK-2026-101387,2026-02-15,West,Ahmedabad,Smart Watch X2,Electronics,4,4644,18576,CUST-83770,Marketplace
UK-2026-102658,2026-04-23,West,Mumbai,Mixer Grinder 750W,Home & Kitchen,3,3238,9714,CUST-80782,App
UK-2026-103707,2026-05-22,West,Surat,Electric Kettle 1.5L,Home & Kitchen,1,1051,1051,CUST-77886,Website
UK-2026-101519,2026-03-20,North,Delhi,Noise-Cancelling Headphones,Electronics,1,9407,9407,CUST-27609,App
UK-2026-100902,2026-02-01,South,Chennai,Ethnic Dupatta,Fashion,1,483,483,CUST-84795,Marketplace
UK-2026-101829,2026-03-16,East,Bhubaneswar,Modern Wall Clock,Home & Kitchen,2,763,1526,CUST-19135,App
UK-2026-104839,2026-06-15,East,Patna,Non-Stick Cookware Set,Home & Kitchen,1,2758,2758,CUST-40653,Website
UK-2026-100359,2026-01-18,East,Guwahati,Noise-Cancelling Headphones,Electronics,1,9419,9419,CUST-50889,App
UK-2026-101616,2026-03-01,North,New Delhi,43-inch Smart TV,Electronics,4,26833,107332,CUST-97139,Website
UK-2026-103447,2026-05-18,West,Pune,Mirrorless Camera Lite,Electronics,1,29850,29850,CUST-24095,Website
UK-2026-102439,2026-04-18,North,Gurugram,Makeup Brush Set,Beauty,2,1335,2670,CUST-24929,Website
UK-2026-103857,2026-05-21,East,Patna,Mirrorless Camera Lite,Electronics,1,30376,30376,CUST-65051,Marketplace
UK-2026-104919,2026-06-21,Central,Bhopal,Leather Wallet,Fashion,2,888,,CUST-69603,Marketplace
UK-2026-103491,2026-05-26,West,Surat,Robot Vacuum R7,Home & Kitchen,2,19006,38012,CUST-78655,Marketplace
UK-2026-100149,"Jan 24, 2026",South,Bengaluru,Sunscreen SPF50,Beauty,1,550,550,CUST-58916,App
UK-2026-100823,2026-02-24,South,Kochi,Face Wash Combo,Beauty,1,454,454,CUST-88361,App
UK-2026-104679,2026-06-21,Central,Raipur,Ultrabook Air 14,Electronics,1,30986,30986,CUST-42159,App
UK-2026-103734,2026-05-02,,Bhubaneswar,Mixer Grinder 750W,Home & Kitchen,1,3292,3292,CUST-69024,Website
UK-2026-101065,2026-02-14,North,Chandigarh,Sunscreen SPF50,Beauty,1,559,559,CUST-32982,App
UK-2026-103827,2026-05-05,West,Pune,Mixer Grinder 750W,Home & Kitchen,1,3277,3277,CUST-40326,App
UK-2026-102348,2026-04-07,South,Kochi,Vitamin C Serum,Beauty,1,673,673,CUST-60761,App
UK-2026-100689,2026-01-08,West,Pune,Non-Stick Cookware Set,Home & Kitchen,1,3015,3015,CUST-12237,Website
UK-2026-103399,2026-05-27,Central,Indore,Football Size 5,Sports,1,902,902,CUST-24465,Marketplace
UK-2026-104934,2026-06-09,East,Patna,Denim Jacket,Fashion,1,2190,2190,CUST-41522,Website
UK-2026-104025,2026-06-10,West,Mumbai,Makeup Brush Set,Beauty,1,1328,1328,CUST-41723,App
UK-2026-103494,2026-05-29,South,Chennai,Wireless Earbuds Pro,Electronics,1,2862,2862,CUST-92996,Marketplace
UK-2026-102197,2026-03-06,East,Guwahati,Ultrabook Air 14,Electronics,1,30453,30453,CUST-70064,App
UK-2026-102704,2026-04-03,South,Chennai,Denim Jacket,Fashion,1,2120,2120,CUST-64303,Website
UK-2026-102630,2026-04-18,West,Surat,Noise-Cancelling Headphones,Electronics,1,8679,8679,CUST-10838,Marketplace
UK-2026-100390,2026-01-04,East,Bhubaneswar,Football Size 5,Sports,,918,918,CUST-14491,Website
UK-2026-100712,2026-01-15,South,Hyderabad,Robot Vacuum R7,Home & Kitchen,1,19309,19309,CUST-46277,Website
UK-2026-100442,2026-01-07,East,Kolkata,Eau de Parfum 100ml,Beauty,1,1933,1933,CUST-86521,App
UK-2026-101918,2026-03-19,South,Kochi,Matte Lipstick Set,Beauty,1,871,871,CUST-17468,App
UK-2026-103596,2026-05-20,North,Gurugram,Cotton Bedsheet Set,Home & Kitchen,1,1435,1435,CUST-46037,App
UK-2026-101285,2026-02-10,South,Chennai,Running Sneakers,Fashion,1,2722,2722,CUST-26768,App
UK-2026-100781,2026-02-03,West,Mumbai,Makeup Brush Set,Beauty,2,1322,2644,CUST-98472,App
UK-2026-103616,2026-05-25,West,Surat,Slim Fit Jeans,Fashion,4,1663,6652,CUST-87872,Website
UK-2026-103683,2026-05-15,West,Surat,Ethnic Dupatta,Fashion,2,508,1016,CUST-83013,Website
UK-2026-104048,2026-06-15,Central,Nagpur,Wireless Earbuds Pro,Electronics,1,3111,3111,CUST-10816,App
UK-2026-102139,2026-03-01,West,Mumbai,Mixer Grinder 750W,Home & Kitchen,1,3450,3450,CUST-82862,App
UK-2026-103352,2026-05-11,South,Kochi,Cotton Kurta Set,Fashion,1,1299,1299 INR,CUST-19217,App
UK-2026-101729,2026-03-26,South,Cochin,Football Size 5,Sports,4,944,3776,CUST-30503,App
UK-2026-103350,2026-05-25,South,Bangalore,Bluetooth Speaker Mini,Electronics,1,1542,1542,CUST-81920,Website
UK-2026-104189,2026-06-19,South,Cochin,Cycling Helmet,Sports,2,1646,3292,CUST-52558,Website
UK-2026-101356,2026-02-18,Central,Nagpur,Modern Wall Clock,Home & Kitchen,3,827,2481,CUST-87235,Website
UK-2026-104739,2026-06-20,West,Ahmedabad,Running Sneakers,Fashion,1,2881,2881,CUST-87438,App
UK-2026-101890,2026-03-13,South,Hyderabad,Adjustable Dumbbells 15kg,Sports,1,4960,4960,CUST-62907,Website
UK-2026-101908,2026-03-03,East,Bhubaneswar,43-inch Smart TV,Electronics,1,25803,25803,CUST-75780,App
UK-2026-104848,2026-06-22,West,Surat,Leather Wallet,Fashion,1,880,₹880,CUST-80782,Website
UK-2026-101327,2026-02-24,South,Bengaluru,Matte Lipstick Set,Beauty,1,935,935,CUST-99611,App
UK-2026-103937,2026-05-10,South,Chennai,Wireless Earbuds Pro,Electronics,1,3073,"₹3,073",CUST-93317,App
UK-2026-104024,2026-06-27,North,Noida,Matte Lipstick Set,Beauty,1,884,884,CUST-18100,App
UK-2026-101741,2026-03-26,South,Chennai,Slim Fit Jeans,Fashion,1,1613,1613,CUST-84896,Website
UK-2026-101923,2026-03-01,South,Bengaluru,Denim Jacket,Fashion,2,2296,4592,CUST-51770,App
UK-2026-104728,2026-06-20,North,Chandigarh,Bluetooth Speaker Mini,Electronics,1,1430,1430,CUST-29077,Marketplace
UK-2026-103722,2026-05-08,South,Hyderabad,Power Bank 20000mAh,Electronics,2,1848,3696,CUST-94583,App
UK-2026-100307,2026-01-13,West,Pune,Smart Watch X2,Electronics,1,4585,4585,CUST-79076,App
UK-2026-103717,2026-05-08,,Raipur,Denim Jacket,Fashion,3,2242,6726,CUST-91551,App
UK-2026-103501,2026-05-10,West,Pune,Power Bank 20000mAh,Electronics,1,1811,1811,CUST-21081,Marketplace
UK-2026-101694,2026-03-20,East,Kolkata,Cotton Kurta Set,Fashion,2,1350,2700,CUST-54087,App
UK-2026-101594,2026-03-08,South,Chennai,Wireless Earbuds Pro,Electronics,1,3100,3100,CUST-41826,Marketplace
UK-2026-100658,2026-01-09,Central,Bhopal,Cycling Helmet,Sports,2,1555,3110,CUST-76313,App
UK-2026-104297,2026-06-25,South,Cochin,Badminton Racket Set,Sports,2,2410,4820,CUST-28817,Marketplace
UK-2026-100806,2026-02-22,West,Ahmedabad,Mixer Grinder 750W,Home & Kitchen,2,3404,,CUST-76898,Marketplace
UK-2026-100225,2026-01-02,North,Gurugram,43-inch Smart TV,Electronics,1,25702,25702,CUST-34812,App
UK-2026-101786,2026-03-19,North,Chandigarh,Mirrorless Camera Lite,Electronics,2,30408,60816,CUST-64432,App
UK-2026-102050,2026-03-20,North,Delhi,Slim Fit Jeans,Fashion,2,1596,3192,CUST-33303,Marketplace
UK-2026-103828,2026-05-01,Central,Nagpur,Eau de Parfum 100ml,Beauty,1,1954,1954,CUST-37472,App
UK-2026-100843,2026-02-25,West,Pune,Noise-Cancelling Headphones,Electronics,1,9257,9257,CUST-22110,Marketplace
UK-2026-102039,2026-03-09,East,Bhubaneswar,Bluetooth Speaker Mini,Electronics,1,1454,1454,CUST-78733,Website
UK-2026-101205,2026-02-18,South,Chennai,Eau de Parfum 100ml,Beauty,1,2001,2001,CUST-17837,Website
UK-2026-101154,2026-02-16,West,Mumbai,Denim Jacket,Fashion,1,2257,2257,CUST-26702,App
UK-2026-101610,2026-03-17,East,Guwahati,Cotton Bedsheet Set,Home & Kitchen,2,1386,2772,CUST-61734,App
UK-2026-102248,2026-04-30,West,Ahmedabad,Mirrorless Camera Lite,Electronics,1,28821,28821,CUST-53546,App
UK-2026-100941,2026-02-05,East,Guwahati,Running Sneakers,Fashion,1,2926,2926,CUST-95071,App
UK-2026-100961,2026-02-15,North,Chandigarh,Robot Vacuum R7,Home & Kitchen,2,19282,38564,CUST-14494,Website
UK-2026-100914,2026-02-14,South,Kochi,Dinner Set 24pc,Home & Kitchen,3,2550,7650,CUST-29692,App
UK-2026-102852,2026-04-26,South,Kochi,Bluetooth Speaker Mini,Electronics,1,1549,1549,CUST-59168,Marketplace
UK-2026-104476,2026-06-30,South,Hyderabad,Formal Shirt,Fashion,1,1074,1074,CUST-10439,Marketplace
UK-2026-104777,2026-06-14,West,Ahmedabad,Power Bank 20000mAh,Electronics,1,1802,1802,CUST-95909,App
UK-2026-100430,30/01/2026,West,Surat,Face Wash Combo,Beauty,1,470,470,CUST-69043,Website
UK-2026-104054,02-06-26,East,Guwahati,Eau de Parfum 100ml,Beauty,1,1967,1967,CUST-20725,Marketplace
UK-2026-100611,2026-01-14,North,Gurugram,Beard Grooming Kit   ,Beauty,4,956,3824,CUST-61060,App
UK-2026-101731,2026-03-20,North,Noida,Ethnic Dupatta,Fashion,1,509,509,CUST-60190,Website
UK-2026-100693,2026-01-29,West,Surat,Bluetooth Speaker Mini,Electronics,1,1490,1490,CUST-38193,App
UK-2026-104445,2026-06-23,North,Noida,Gym Gloves,Sports,1,475,475,CUST-95765,App
UK-2026-103638,2026-05-03,South,Chennai,Robot Vacuum R7,Home & Kitchen,1,18118,18118,CUST-45081,Website
UK-2026-100357,2026-01-26,South,Kochi,Ethnic Dupatta,Fashion,1,501,501,CUST-29939,Website
UK-2026-101720,2026-03-21,East,Bhubaneswar,Formal Shirt,Fashion,2,1146,2292,CUST-82742,App
UK-2026-101746,2026-03-22,West,Mumbai,Beard Grooming Kit,Beauty,3,1029,3087,CUST-48967,Website
UK-2026-103914,2026-05-17,Central,bhopal,Bluetooth Speaker Mini,Electronics,3,1503,4509,CUST-29029,App
UK-2026-100699,"Jan 1, 2026",South,Kochi,Makeup Brush Set,Beauty,1,1354,1354,CUST-37411,Marketplace
UK-2026-102697,2026-04-27,West,Mumbai,Cricket Bat English Willow,Sports,2,9324,18648,CUST-45303,Marketplace
UK-2026-102087,2026-03-26,North,Noida,Beard Grooming Kit,Beauty,1,1012,1012,CUST-21625,App
UK-2026-100417,2026-01-26,South,Bengaluru,Matte Lipstick Set,Beauty,1,907,907,CUST-68172,App
UK-2026-103474,2026-05-14,Central,Nagpur,Electric Kettle 1.5L,Home & Kitchen,1,1150,1150,CUST-52747,Website
UK-2026-104190,2026-06-29,South,Madras,Ultrabook Air 14,Electronics,1,29060,29060,CUST-67505,Website
UK-2026-101227,2026-02-03,East,Bhubaneswar,Formal Shirt,Fashion,2,1071,2142,CUST-18059,App
UK-2026-100080,2026-01-29,West,Mumbai,Vitamin C Serum,Beauty,1,684,684,CUST-82862,App
UK-2026-102374,2026-04-01,South,Kochi,Silk Saree,Fashion,1,3614,3614,CUST-54273,App
UK-2026-100468,2026-01-29,North,Delhi,Beard Grooming Kit,Beauty,1,959,959,CUST-34812,Marketplace
UK-2026-101895,2026-03-26,,Mumbai,Power Bank 20000mAh,Electronics,1,1841,1841,CUST-13537,Website
UK-2026-104417,2026-06-13,North,Delhi,Mixer Grinder 750W,Home & Kitchen,1,3256,3256,CUST-21107,App
UK-2026-100634,2026-01-23,East,Guwahati,Sunscreen SPF50,Beauty,2,550,1100,CUST-53622,App
UK-2026-103819,2026-05-05,East,Kolkata,Slim Fit Jeans,Fashion,1,1657,1657,CUST-99363,App
UK-2026-101597,2026-03-09,South,Chennai,Ethnic Dupatta,Fashion,1,517,517,CUST-31889,App
UK-2026-102370,2026-04-29,East,Kolkata,Sunscreen SPF50,Beauty,1,547,547,CUST-63750,Website
UK-2026-100078,2026-01-04,North,Noida,43-inch Smart TV,Electronics,2,24856,49712,CUST-38975,App
UK-2026-102361,2026-04-25,North,Noida,Ultrabook Air 14,Electronics,2,29141,58282,CUST-79076,Website
UK-2026-100472,2026-01-02,South,Bengaluru,43-inch Smart TV,Electronics,1,26626,26626,CUST-52048,App
UK-2026-100589,2026-01-29,North,Noida,Silk Saree,Fashion,2,3608,7216,CUST-41093,Website
UK-2026-103782,2026-05-20,North,Chandigarh,Mirrorless Camera Lite,Electronics,2,29348,58696,CUST-40131,Website
UK-2026-103699,2026-05-21,North,Delhi,Formal Shirt,Fashion,2,1074,2148,CUST-64866,Marketplace
UK-2026-103160,2026-05-28,Central,Bhopal,Smart Watch X2,Electronics,2,4601,9202,CUST-22705,App
UK-2026-104759,2026-06-30,Central,Bhopal,Ultrabook Air 14,Electronics,1,29942,29942,CUST-61086,Website
UK-2026-103076,2026-04-01,West,Ahmedabad,Noise-Cancelling Headphones,Electronics,2,9099,18198,CUST-20378,App
UK-2026-104868,2026-06-20,West,Surat,Bluetooth Speaker Mini,Electronics,1,1524,1524,CUST-24646,App
UK-2026-100655,2026-01-13,South,Hyderabad,Silk Saree,Fashion,1,3502,3502,CUST-39819,Website
UK-2026-100473,2026-01-17,North,Delhi,Non-Stick Cookware Set,Home & Kitchen,1,2891,2891,CUST-34402,App
UK-2026-104459,2026-06-12,South,Hyderabad,Mixer Grinder 750W,Home & Kitchen,1,3443,3443,CUST-53462,App
UK-2026-100200,2026-01-21,North,Delhi,Football Size 5,Sports,2,935,1870,CUST-23595,Marketplace
UK-2026-103614,2026-05-01,South,Kochi,Air Fryer 5L,Home & Kitchen,1,5440,5440,CUST-21101,App
UK-2026-102550,2026-04-28,East,Kolkata,Formal Shirt,Fashion,1,1076,1076 INR,CUST-73212,App
UK-2026-100648,2026-01-04,North,Gurugram,Leather Wallet,Fashion,1,900,900,CUST-63835,Website
UK-2026-101891,2026-03-11,East,Patna,Running Sneakers,Fashion,1,2789,2789,CUST-69284,Website
UK-2026-102192,2026-03-03,South,Madras,Ultrabook Air 14,Electronics,3,28712,86136,CUST-65051,App
UK-2026-104367,2026-06-02,South,Hyderabad,Bluetooth Speaker Mini,Electronics,1,1545,1545,CUST-91934,App
UK-2026-104956,2026-06-11,South,Kochi,43-inch Smart TV,Electronics,1,27233,27233,CUST-74947,Marketplace
UK-2026-101566,2026-03-07,West,Surat,Mixer Grinder 750W,Home & Kitchen,-1,3457,3457,CUST-30939,Website
UK-2026-103127,2026-05-05,Central,Indore,Makeup Brush Set,Beauty,1,1353,1353,CUST-30305,Website
UK-2026-103697,2026-05-20,North,Noida,Ethnic Dupatta,Fashion,1,491,491,CUST-96289,App
UK-2026-101648,18-03-26,East,Patna,Slim Fit Jeans,Fashion,1,1641,1641,CUST-86597,Marketplace
UK-2026-101178,2026-02-15,South,Bangalore,Ethnic Dupatta,Fashion,1,504,504,CUST-21592,Website
UK-2026-102279,2026-04-26,North,Chandigarh,Mirrorless Camera Lite,Electronics,1,30203,30203,CUST-91240,Website
UK-2026-100312,2026-01-03,North,Chandigarh,Wireless Earbuds Pro,Electronics,2,3094,6188,CUST-78281,Marketplace
UK-2026-100291,2026-01-31,South,Bengaluru,Ethnic Dupatta,Fashion,1,499,499,CUST-28059,App
UK-2026-100621,2026-01-15,South,Kochi,Leather Wallet,Fashion,2,854,1708,CUST-95751,App
UK-2026-103232,2026-05-13,South,Madras,Eau de Parfum 100ml,Beauty,1,1947,1947,CUST-87570,Website
UK-2026-103665,2026-05-06,West,Ahmedabad,Mirrorless Camera Lite,Electronics,1,30070,30070,CUST-96209,App
UK-2026-100287,2026-01-20,South,Hyderabad,Ionic Hair Dryer,Beauty,1,1981,1981,CUST-74562,App
UK-2026-102432,2026-04-06,West,Mumbai,Sunscreen SPF50,Beauty,1,527,527,CUST-32346,App
UK-2026-102203,2026-03-19,South,Hyderabad,Cricket Bat English Willow,Sports,2,9369,18738,CUST-38319,Website
UK-2026-102708,2026-04-07,East,Guwahati,Bluetooth Speaker Mini,Electronics,1,1458,1458,CUST-21717,App
UK-2026-103509,2026-05-09,East,Guwahati,Slim Fit Jeans,Fashion,1,1679,1679,CUST-51865,Marketplace
UK-2026-101774,2026-03-04,Central,Indore,Gym Gloves,Sports,1,480,480,CUST-93558,Website
UK-2026-104018,2026-05-01,North,Gurugram,Slim Fit Jeans,Fashion,1,1578,1578,CUST-47267,Marketplace
UK-2026-104344,2026-06-10,East,Guwahati,Running Sneakers,Fashion,2,2660,5320,CUST-29939,App
UK-2026-104143,2026-06-04,South,Hyderabad,Air Fryer 5L,Home & Kitchen,1,5292,5292,CUST-43226,Website
UK-2026-103936,2026-05-09,North,Chandigarh,Dinner Set 24pc,Home & Kitchen,1,2593,2593,CUST-13868,Website
UK-2026-100481,2026-01-14,South,Kochi,Dinner Set 24pc,Home & Kitchen,1,2483,2483,CUST-91200,App
UK-2026-101734,22-03-26,East,Bhubaneswar,Mirrorless Camera Lite,Electronics,1,29071,29071,CUST-14194,App
UK-2026-103022,2026-04-30,East,Bhubaneswar,Eau de Parfum 100ml,Beauty,2,1958,3916,CUST-10134,App
UK-2026-102683,2026-04-04,Central,Raipur,Smart Watch X2,Electronics,1,4454,4454,CUST-99143,Website
UK-2026-104846,2026-06-20,North,Gurugram,Electric Kettle 1.5L,Home & Kitchen,1,1153,1153,CUST-74306,Website
UK-2026-100434,2026-01-25,East,Patna,Adjustable Dumbbells 15kg,Sports,1,4977,4977,CUST-68005,Website
UK-2026-104891,2026-06-20,North,Delhi,Noise-Cancelling Headphones,Electronics,1,9179,9179,CUST-80036,Marketplace
UK-2026-104040,2026-06-13,South,Madras,Formal Shirt,Fashion,1,1084,1084,CUST-36049,App
UK-2026-103821,2026-05-18,Central,Nagpur,Eau de Parfum 100ml,Beauty,1,1920,1920,CUST-60115,App
UK-2026-103764,2026-05-16,West,Pune,Cotton Bedsheet Set,Home & Kitchen,1,1356,1356,CUST-79025,Website
UK-2026-101256,2026-02-02,South,Chennai,Cricket Bat English Willow,Sports,1,8702,8702,CUST-29064,App
UK-2026-104899,2026-06-04,South,Kochi,Modern Wall Clock,Home & Kitchen,1,831,831,CUST-47917,Marketplace
UK-2026-100098,2026-01-20,South,Hyderabad,Electric Kettle 1.5L,Home & Kitchen,1,1072,1072,CUST-73872,Marketplace
UK-2026-102929,2026-04-20,South,Chennai,Ethnic Dupatta,Fashion,1,499,499,CUST-16899,App
UK-2026-102174,2026-03-23,South,Bengaluru,Running Sneakers,Fashion,1,2685,2685,CUST-91644,Website
UK-2026-103171,2026-05-29,West,Ahmedabad,Mirrorless Camera Lite,Electronics,1,29962,29962,CUST-32039,Website
UK-2026-100625,2026-01-23,West,Ahmedabad,Adjustable Dumbbells 15kg,Sports,1,4933,4933,CUST-13101,App
UK-2026-102272,2026-04-03,South,Hyderabad,Running Sneakers,Fashion,2,2693,5386,CUST-79541,Marketplace
UK-2026-103093,2026-05-10,East,Guwahati,Noise-Cancelling Headphones,Electronics,1,9114,9114,CUST-78448,Website
UK-2026-104172,2026-06-25,South,Kochi,Wireless Earbuds Pro,Electronics,1,2996,2996,CUST-55568,Marketplace
UK-2026-103755,2026-05-13,South,Bengaluru,Cotton Kurta Set,Fashion,1,1262,1262,CUST-16590,Website
UK-2026-103624,2026-05-11,West,Pune,Electric Kettle 1.5L,Home & Kitchen,1,1148,1148,CUST-29964,App
UK-2026-104156,2026-06-06,South,Hyderabad,43-inch Smart TV,Electronics,1,26992,26992,CUST-22276,Website
UK-2026-103850,2026-05-10,South,Kochi,Power Bank 20000mAh,Electronics,2,1839,3678,CUST-73085,App
UK-2026-101036,2026-02-26,West,Ahmedabad,Smart Watch X2,Electronics,1,4557,4557,CUST-14491,Marketplace
UK-2026-100562,2026-01-31,West,Mumbai,Mirrorless Camera Lite,Electronics,1,28487,28487,CUST-49298,Website
UK-2026-101886,2026-03-23,East,Kolkata,Cycling Helmet,Sports,1,1648,1648,CUST-76388,Marketplace
UK-2026-102400,2026-04-20,West,Ahmedabad,Cotton Kurta Set,Fashion,1,1267,1267,CUST-69955,Marketplace
UK-2026-103037,2026-04-03,North,Noida,Makeup Brush Set,Beauty,1,1300,1300,CUST-12188,App
UK-2026-101348,2026-02-17,North,Gurugram,Matte Lipstick Set,Beauty,1,920,920,CUST-19127,Website
UK-2026-104267,2026-06-29,North,Gurugram,Football Size 5,Sports,1,876,876,CUST-51853,Website
UK-2026-103370,2026-05-30,South,Hyderabad,Badminton Racket Set,Sports,2,2429,4858,CUST-29448,App
UK-2026-104887,2026-06-04,South,Bengaluru,Cricket Bat English Willow,Sports,1,8807,8807,CUST-94284,Website
UK-2026-101114,2026-02-21,Central,Bhopal,Dinner Set 24pc,Home & Kitchen,3,2499,7497,CUST-45260,Website
UK-2026-102673,2026-04-28,South,Hyderabad,Ethnic Dupatta,Fashion,1,476,476,CUST-80184,Website
UK-2026-103356,2026-05-07,West,Ahmedabad,Badminton Racket Set,Sports,1,2603,2603,CUST-51853,App
UK-2026-101433,2026-02-21,South,Hyderabad,Yoga Mat Pro,Sports,2,1254,2508,CUST-25104,Marketplace
UK-2026-100290,2026-01-05,East,Patna,Leather Wallet,Fashion,,856,856,CUST-60209,App
UK-2026-102628,2026-04-17,Central,Indore,Running Sneakers,Fashion,2,2804,5608,CUST-70827,Marketplace
UK-2026-101591,2026-03-25,East,Bhubaneswar,Ethnic Dupatta,Fashion,0,523,523,CUST-49017,App
UK-2026-101048,2026-02-09,Central,Nagpur,Bluetooth Speaker Mini,Electronics,1,1524,1524,CUST-61086,App
UK-2026-100550,2026-01-12,South,Hyderabad,Denim Jacket,Fashion,1,2154,2154,CUST-64726,App
UK-2026-101874,2026-03-30,East,Kolkata,Makeup Brush Set,Beauty,3,1327,3981,CUST-54460,App
UK-2026-104568,2026-06-30,South,Chennai,Smart Watch X2,Electronics,1,4506,4506,CUST-93858,Marketplace
UK-2026-104341,2026-06-27,East,Bhubaneswar,Modern Wall Clock,Home & Kitchen,1,761,761,CUST-30305,App
UK-2026-103353,2026-05-22,Central,Bhopal,Badminton Racket Set,Sports,-1,2574,2574,CUST-25080,Marketplace
UK-2026-100378,2026-01-24,South,Hyderabad,Football Size 5,Sports,1,901,901,CUST-21107,Website
UK-2026-102232,2026-03-11,Central,Indore,Mixer Grinder 750W,Home & Kitchen,0,3462,6924,CUST-77235,Website
UK-2026-102451,2026-04-06,South,Hyderabad,Wireless Earbuds Pro,Electronics,2,2990,5980,CUST-56747,Marketplace
UK-2026-104669,2026-06-02,South,Chennai,Non-Stick Cookware Set,Home & Kitchen,1,2932,2932,CUST-15268,Website
UK-2026-101310,2026-02-20,South,Chennai,Mixer Grinder 750W,Home & Kitchen,1,3148,3148,CUST-95765,App
UK-2026-100953,26/02/2026,East,Patna,Sunscreen SPF50,Beauty,1,550,550,CUST-33303,App
UK-2026-102664,2026-04-11,East,Kolkata,Wireless Earbuds Pro,Electronics,1,2855,"₹2,855",CUST-15990,App
UK-2026-103042,2026-04-06,South,Bengaluru,Mirrorless Camera Lite,Electronics,1,29767,29767,CUST-73217,Marketplace
UK-2026-100396,2026-01-20,North,Noida,Matte Lipstick Set,Beauty,1,920,920,CUST-26702,Website
UK-2026-100081,30/01/2026,Central,Raipur,Dinner Set 24pc,Home & Kitchen,1,2375,2375,CUST-44789,Marketplace
UK-2026-102485,2026-04-24,Central,Bhopal,Cycling Helmet,Sports,2,1560,3120,CUST-85735,App
UK-2026-103838,2026-05-02,North,Delhi,Matte Lipstick Set,Beauty,1,898,898,CUST-94298,Website
UK-2026-101738,2026-03-29,South,Bengaluru,Eau de Parfum 100ml,Beauty,1,1981,1981,CUST-22043,App
UK-2026-100535,2026-01-24,West,Mumbai,Air Fryer 5L,Home & Kitchen,1,5529,5529,CUST-29862,App
UK-2026-104618,2026-06-20,West,Ahmedabad,Makeup Brush Set,Beauty,3,1298,3894,CUST-55899,Website
UK-2026-102786,2026-04-21,North,Delhi,Ultrabook Air 14,Electronics,1,29543,29543,CUST-95624,Marketplace
UK-2026-103284,2026-05-06,South,Bengaluru,Foldable Treadmill T2,Sports,1,25297,25297,CUST-40220,App
UK-2026-104155,2026-06-23,South,Chennai,Wireless Earbuds Pro,Electronics,2,3134,6268,CUST-31467,Marketplace
UK-2026-102808,2026-04-23,Central,Indore,Running Sneakers,Fashion,1,2787,2787,CUST-70409,Website
UK-2026-100742,2026-02-16,South,Bengaluru,Formal Shirt,Fashion,1,1122,1122,CUST-89625,App
UK-2026-100680,2026-01-01,West,Bombay,Denim Jacket,Fashion,1,2148,2148,CUST-85333,Website
UK-2026-101292,2026-02-28,East,Guwahati,Wireless Earbuds Pro,Electronics,2,3016,6032,CUST-77660,Website
UK-2026-100404,2026-01-15,East,Patna,Smart Watch X2,Electronics,1,4606,4606,CUST-69024,Marketplace
UK-2026-101843,2026-03-15,North,Chandigarh,Non-Stick Cookware Set,Home & Kitchen,1,3013,3013,CUST-22802,Marketplace
UK-2026-101172,2026-02-24,South,Bengaluru,Cotton Bedsheet Set,Home & Kitchen,1,1377,1377,CUST-35613,App
UK-2026-103587,2026-05-28,South,Kochi,Cricket Bat English Willow,Sports,1,8875,8875,CUST-23363,Website
UK-2026-100447,2026-01-09,West,Mumbai,Cotton Kurta Set,Fashion,1,1318,1318,CUST-20278,App
UK-2026-100135,2026-01-25,West,Ahmedabad,Slim Fit Jeans,Fashion,2,1639,3278,CUST-34592,App
UK-2026-103796,2026-05-05,South,Chennai,Smart Watch X2,Electronics,2,4701,9402,CUST-64440,App
UK-2026-102269,2026-04-03,North,Noida,Mixer Grinder 750W,Home & Kitchen,1,3330,3330,CUST-98791,Website
UK-2026-101225,2026-02-06,South,Hyderabad,Denim Jacket,Fashion,1,2289,2289,CUST-32039,Website
UK-2026-103553,2026-05-04,South,Hyderabad,Smart Watch X2,Electronics,1,4596,4596,CUST-44789,Marketplace
UK-2026-101043,2026-02-17,South,Hyderabad,Mixer Grinder 750W,Home & Kitchen,3,3181,9543,CUST-23533,Website
UK-2026-103585,2026-05-19,South,Kochi,43-inch Smart TV,Electronics,1,25201,"₹25,201",CUST-48633,Website
UK-2026-102004,2026-03-01,East,Kolkata,Sunscreen SPF50,Beauty,1,532,532,CUST-31675,App
UK-2026-101174,2026-02-01,Central,Bhopal,Badminton Racket Set,Sports,1,2463,2463,CUST-13804,App
UK-2026-104824,2026-06-30,West,Pune,Modern Wall Clock,Home & Kitchen,1,768,768,CUST-33491,Marketplace
UK-2026-100397,2026-01-12,South,Chennai,Cotton Kurta Set,Fashion,2,1339,2678,CUST-96926,Website
UK-2026-104268,2026-06-08,South,Kochi,Beard Grooming Kit,Beauty,1,1006,1006,CUST-23787,Website
UK-2026-103912,2026-05-22,North,Noida,Air Fryer 5L,Home & Kitchen,2,5513,11026,CUST-23259,App
UK-2026-103409,2026-05-18,Central,Nagpur,Ethnic Dupatta,Fashion,2,478,956,CUST-10627,App
UK-2026-101017,2026-02-01,West,Pune,Gym Gloves,Sports,1,521,521,CUST-19703,App
UK-2026-104808,2026-06-25,South,Hyderabad,Bluetooth Speaker Mini,Electronics,1,1572,1572,CUST-80648,App
UK-2026-103953,2026-05-28,North,Noida,Power Bank 20000mAh,Electronics,1,1781,1781,CUST-93516,Marketplace
UK-2026-103446,2026-05-10,North,Chandigarh,Matte Lipstick Set,Beauty,1,891,891,CUST-40131,App
UK-2026-102785,2026-04-15,Central,Bhopal,Cotton Kurta Set,Fashion,1,1349,1349,CUST-73405,App
UK-2026-104784,2026-06-06,South,Bengaluru,Noise-Cancelling Headphones,Electronics,1,8823,8823,CUST-67345,App
UK-2026-103533,2026-05-13,East,Kolkata,Silk Saree,Fashion,1,3390,3390,CUST-86942,Marketplace
UK-2026-104251,2026-06-16,South,Hyderabad,Modern Wall Clock,Home & Kitchen,1,783,783,CUST-41060,App
UK-2026-104850,2026-06-18,North,Delhi,Modern Wall Clock,Home & Kitchen,1,799,799,CUST-21583,App
UK-2026-104392,2026-06-16,North,Gurugram,Cotton Kurta Set,Fashion,1,1310,1310,CUST-53136,App
UK-2026-101974,2026-03-19,West,Pune,Mixer Grinder 750W,Home & Kitchen,4,3137,12548,CUST-83936,App
UK-2026-104279,2026-06-07,Central,Nagpur,Air Fryer 5L,Home & Kitchen,1,5753,5753,CUST-63056,Website
UK-2026-101941,2026-03-15,West,Bombay,Cotton Kurta Set,Fashion,1,1352,1352,CUST-12937,Website
UK-2026-101596,2026-03-14,North,Delhi,Mixer Grinder 750W,Home & Kitchen,1,3147,3147,CUST-77941,Website
UK-2026-103715,2026-05-22,East,Bhubaneswar,Modern Wall Clock,Home & Kitchen,1,803,803,CUST-77483,App
UK-2026-101037,2026-02-11,South,Kochi,Wireless Earbuds Pro,Electronics,1,2905,"2,905.00",CUST-69932,Marketplace
UK-2026-101437,2026-02-19,North,Noida,Vitamin C Serum,Beauty,2,722,1444,CUST-96209,Website
UK-2026-102179,2026-03-18,West,Pune,Wireless Earbuds Pro,Electronics,-1,2874,5748,CUST-81662,App
UK-2026-104499,2026-06-24,East,Bhubaneswar,Robot Vacuum R7,Home & Kitchen,1,18136,18136,CUST-46396,App
UK-2026-103443,2026-05-09,South,Chennai,Sunscreen SPF50,Beauty,2,539,1078,CUST-74278,Marketplace
UK-2026-103570,2026-05-23,North,Gurugram,Power Bank 20000mAh,Electronics,1,1832,1832,CUST-36088,App
UK-2026-104011,2026-05-05,West,Ahmedabad,Robot Vacuum R7,Home & Kitchen,1,18809,18809,CUST-65160,App
UK-2026-101536,2026-03-12,West,Surat,Makeup Brush Set,Beauty,2,1330,2660,CUST-39550,Website
UK-2026-104236,2026-06-27,South,Hyderabad,Gym Gloves,Sports,2,500,1000,CUST-63024,Marketplace
UK-2026-101544,2026-03-16,Central,Nagpur,Football Size 5,Sports,1,936,936,CUST-31548,Website
UK-2026-103001,2026-04-29,South,Hyderabad,Dinner Set 24pc,Home & Kitchen,1,2395,2395,CUST-42339,Marketplace
UK-2026-100248,2026-01-27,East,Bhubaneswar,Smart Watch X2,Electronics,3,4369,13107,CUST-33992,Marketplace
UK-2026-101864,2026-03-19,North,Gurugram,Sunscreen SPF50,Beauty,4,541,2164,CUST-84459,App
UK-2026-104139,2026-06-23,East,Guwahati,Formal Shirt,Fashion,4,1081,4324,CUST-44124,App
UK-2026-103680,2026-05-09,West,Surat,Air Fryer 5L,Home & Kitchen,1,5460,5460,CUST-86986,Marketplace
UK-2026-101406,2026-02-06,West,Ahmedabad,Formal Shirt,Fashion,1,1124,1124,CUST-52048,Marketplace
UK-2026-103711,2026-05-26,South,Bengaluru,Mirrorless Camera Lite,Electronics,3,28481,85443,CUST-91240,App
UK-2026-101705,2026-03-20,North,Gurugram,Football Size 5,Sports,1,937,937,CUST-94098,App
UK-2026-103851,2026-05-05,South,Bengaluru,Slim Fit Jeans,Fashion,2,1563,3126,CUST-91157,App
UK-2026-104373,2026-06-30,North,Chandigarh,Mirrorless Camera Lite   ,Electronics,3,29779,89337,CUST-93516,Website
UK-2026-101153,2026-02-16,West,Surat,Leather Wallet,Fashion,3,862,2586,CUST-63056,App
UK-2026-104623,2026-06-16,South,Chennai,Cotton Bedsheet Set,Home & Kitchen,1,1455,1455,CUST-52672,App
UK-2026-103809,2026-05-10,West,Mumbai,Robot Vacuum R7,Home & Kitchen,1,19317,19317,CUST-12459,Marketplace
UK-2026-103846,2026-05-08,East,Patna,Cricket Bat English Willow,Sports,1,9155,9155,CUST-73620,Marketplace
UK-2026-102047,2026-03-06,North,Noida,Wireless Earbuds Pro,Electronics,1,3133,3133,CUST-89819,Website
UK-2026-101825,2026-03-02,West,Surat,Noise-Cancelling Headphones,Electronics,1,8832,8832,CUST-60388,Website
UK-2026-100258,2026-01-09,South,Kochi,Robot Vacuum R7,Home & Kitchen,1,18209,18209,CUST-66199,App
UK-2026-101727,2026-03-29,South,Chennai,Smart Watch X2,Electronics,1,4304,4304,CUST-69413,Marketplace
UK-2026-104276,2026-06-30,South,Hyderabad,Beard Grooming Kit,Beauty,1,1004,1004,CUST-83013,Marketplace
UK-2026-100499,2026-01-21,North,Noida,Dinner Set 24pc,Home & Kitchen,1,2548,2548,CUST-58145,Marketplace
UK-2026-103877,2026-05-12,West,Ahmedabad,Mixer Grinder 750W,Home & Kitchen,1,3284,3284,CUST-32714,App
UK-2026-100150,2026-01-07,South,Hyderabad,Ultrabook Air 14,Electronics,1,30631,30631,CUST-69366,Marketplace
UK-2026-103305,2026-05-01,West,Pune,Dinner Set 24pc,Home & Kitchen,1,2405,2405,CUST-91733,App
UK-2026-104216,2026-06-02,West,Ahmedabad,Makeup Brush Set,Beauty,1,1360,1360,CUST-17576,Marketplace
UK-2026-102719,2026-04-27,South,Hyderabad,Air Fryer 5L,Home & Kitchen,4,5744,22976,CUST-59078,App
UK-2026-101385,2026-02-12,North,Delhi,Ethnic Dupatta,Fashion,2,520,1040,CUST-29862,Website
UK-2026-104130,2026-06-28,East,Guwahati,Ethnic Dupatta,Fashion,1,478,478,CUST-53513,Website
UK-2026-101106,2026-02-24,South,Kochi,Air Fryer 5L,Home & Kitchen,3,5460,16380,CUST-12438,Website
UK-2026-100092,2026-01-08,,Nagpur,Foldable Treadmill T2,Sports,1,26110,26110,CUST-24443,App
UK-2026-104493,2026-06-05,South,Kochi,Power Bank 20000mAh,Electronics,1,1854,1854,CUST-96319,Website
UK-2026-103958,2026-05-24,Central,Indore,Gym Gloves,Sports,1,513,,CUST-51847,Marketplace
UK-2026-102190,2026-03-13,Central,Raipur,Leather Wallet,Fashion,1,919,919,CUST-82880,App
UK-2026-100882,"Feb 8, 2026",South,Chennai,Formal Shirt,Fashion,2,1150,2300,CUST-23052,App
UK-2026-100016,2026-01-16,Central,Raipur,Electric Kettle 1.5L,Home & Kitchen,1,1083,1083,CUST-39825,App
UK-2026-101034,2026-02-16,West,Surat,Modern Wall Clock,Home & Kitchen,1,815,815,CUST-13632,App
UK-2026-103712,2026-05-15,South,Chennai,Matte Lipstick Set,Beauty,1,896,896,CUST-78379,Website
UK-2026-104672,2026-06-07,North,Noida,Slim Fit Jeans,Fashion,1,1557,1557,CUST-37756,Website
UK-2026-102055,2026-03-31,East,Kolkata,Formal Shirt,Fashion,1,1141,1141,CUST-70212,App
UK-2026-100541,2026-01-18,South,Chennai,Wireless Earbuds Pro,Electronics,2,2918,5836,CUST-45303,Marketplace
UK-2026-100674,2026-01-07,West,Mumbai,Electric Kettle 1.5L,Home & Kitchen,1,1105,1105,CUST-23271,Website
UK-2026-100213,2026-01-25,North,New Delhi,Running Sneakers,Fashion,1,2930,2930,CUST-33128,Website
UK-2026-102323,2026-04-23,Central,Raipur,Mixer Grinder 750W,Home & Kitchen,1,3348,3348,CUST-99144,App
UK-2026-102309,2026-04-13,West,Ahmedabad,Electric Kettle 1.5L,Home & Kitchen,1,1116,1116,CUST-34390,App
UK-2026-103773,2026-05-15,West,Mumbai,Robot Vacuum R7,Home & Kitchen,1,18981,18981,CUST-72558,App
UK-2026-101388,2026-02-24,West,Ahmedabad,Ultrabook Air 14,Electronics,1,30608,30608,CUST-69451,App
UK-2026-100014,2026-01-12,West,Pune,Slim Fit Jeans,Fashion,1,1628,1628,CUST-39825,Website
UK-2026-100049,2026-01-04,North,Chandigarh,Noise-Cancelling Headphones,Electronics,1,9443,9443,CUST-25870,Website
UK-2026-103218,2026-05-03,Central,Bhopal,Ultrabook Air 14,Electronics,1,28506,28506,CUST-90122,App
UK-2026-101338,2026-02-17,South,Hyderabad,Vitamin C Serum,Beauty,4,674,2696,CUST-14694,Website
UK-2026-104946,2026-06-03,South,Kochi,Noise-Cancelling Headphones,Electronics,1,8807,8807,CUST-13154,Website
UK-2026-102888,2026-04-10,South,Bengaluru,Ethnic Dupatta,Fashion,1,497,497,CUST-46749,App
UK-2026-101788,2026-03-29,South,Bengaluru,Denim Jacket,Fashion,1,2190,2190,CUST-49437,App
UK-2026-102414,2026-04-28,West,Mumbai,Robot Vacuum R7,Home & Kitchen,1,18256,18256,CUST-95627,Website
UK-2026-102410,13/04/2026,West,Mumbai,Bluetooth Speaker Mini,Electronics,1,1466,1466,CUST-37789,Marketplace
UK-2026-102144,2026-03-09,North,Noida,Eau de Parfum 100ml,Beauty,1,1934,1934,CUST-65035,Website
UK-2026-104684,19-06-26,South,Hyderabad,Mirrorless Camera Lite,Electronics,2,29841,59682,CUST-24302,Marketplace
UK-2026-102368,2026-04-02,Central,Bhopal,Power Bank 20000mAh,Electronics,1,1822,1822,CUST-37957,App
UK-2026-101604,2026-03-04,West,Mumbai,Adjustable Dumbbells 15kg,Sports,1,5190,5190,CUST-65516,App
UK-2026-101372,2026-02-08,West,Ahmedabad,Bluetooth Speaker Mini,Electronics,1,1449,1449,CUST-76157,Marketplace
UK-2026-101500,2026-03-24,South,Kochi,Ionic Hair Dryer,Beauty,1,1955,1955,CUST-30754,Website
UK-2026-104845,2026-06-13,North,Chandigarh,Wireless Earbuds Pro,Electronics,1,3067,3067,CUST-11112,Website
UK-2026-104006,2026-05-17,South,Chennai,Slim Fit Jeans,Fashion,1,1647,1647,CUST-68533,App
UK-2026-103628,2026-05-24,North,Delhi,  Dinner Set 24pc,Home & Kitchen,1,2552,2552,CUST-18170,Marketplace
UK-2026-103767,2026-05-27,Central,Raipur,Power Bank 20000mAh,Electronics,1,1868,1868,CUST-47368,Marketplace
UK-2026-103836,2026-05-02,North,Gurugram,Cotton Kurta Set,Fashion,1,1361,1361,CUST-88486,App
UK-2026-100691,2026-01-10,North,Noida,Noise-Cancelling Headphones,Electronics,1,9336,9336,CUST-98308,App
UK-2026-101929,2026-03-10,West,Pune,Formal Shirt,Fashion,1,1071,1071,CUST-27737,Marketplace
UK-2026-102181,2026-03-28,North,Noida,Cotton Kurta Set,Fashion,1,1320,1320,CUST-85039,App
UK-2026-104021,2026-06-12,Central,Bhopal,Cotton Bedsheet Set,Home & Kitchen,2,1384,2768,CUST-42271,Website
UK-2026-103448,2026-05-18,North,Gurugram,Bluetooth Speaker Mini,Electronics,1,1442,1442,CUST-31749,Website
UK-2026-101951,2026-03-05,South,Hyderabad,Slim Fit Jeans,Fashion,1,1578,"1,578.00",CUST-79391,Website
UK-2026-100935,2026-02-14,North,Gurugram,Electric Kettle 1.5L,Home & Kitchen,1,1120,1120,CUST-92461,App
UK-2026-103931,2026-05-02,North,Gurugram,Formal Shirt,Fashion,1,1153,1153,CUST-54148,Website
UK-2026-102329,2026-04-08,South,Madras,Eau de Parfum 100ml,Beauty,1,2027,2027,CUST-75367,Website
UK-2026-101051,"Feb 18, 2026",West,Pune,Running Sneakers,Fashion,3,2827,8481,CUST-99879,App
UK-2026-102626,2026-04-26,South,Bengaluru,Cricket Bat English Willow,Sports,1,9215,9215,CUST-27609,Marketplace
UK-2026-104681,2026-06-16,South,Hyderabad,Ultrabook Air 14,Electronics,,31335,31335,CUST-96774,App
UK-2026-104549,2026-06-28,East,Kolkata,Air Fryer 5L,Home & Kitchen,1,5347,5347,CUST-95592,Website
UK-2026-102282,2026-04-11,Central,Indore,Beard Grooming Kit,Beauty,2,1007,2014,CUST-65337,App
UK-2026-104996,2026-06-04,South,Kochi,Mixer Grinder 750W,Home & Kitchen,2,3308,6616,CUST-11435,Marketplace
UK-2026-102570,2026-04-18,Central,Raipur,Dinner Set 24pc,Home & Kitchen,1,2615,2615,CUST-61836,Marketplace
UK-2026-104800,2026-06-13,North,Noida,Denim Jacket,Fashion,1,2246,2246,CUST-36001,Website
UK-2026-100879,2026-02-04,North,Noida,Foldable Treadmill T2,Sports,4,24916,99664,CUST-55940,Website
UK-2026-104351,2026-06-20,East,Patna,Smart Watch X2,Electronics,1,4312,4312,CUST-56342,Website
UK-2026-102724,2026-04-16,West,Surat,Mirrorless Camera Lite,Electronics,3,29912,89736,CUST-10537,Website
UK-2026-103018,2026-04-17,South,Madras,Ethnic Dupatta,Fashion,1,484,484,CUST-11853,Website
UK-2026-104787,2026-06-15,West,Ahmedabad,Bluetooth Speaker Mini,Electronics,1,1504,1504,CUST-76441,App
UK-2026-103576,2026-05-27,West,Ahmedabad,Ethnic Dupatta,Fashion,1,487,487,CUST-65063,Marketplace
UK-2026-101222,"Feb 4, 2026",West,Pune,Noise-Cancelling Headphones,Electronics,3,8930,26790,CUST-10381,App
UK-2026-101291,2026-02-21,East,Kolkata,Power Bank 20000mAh,Electronics,3,1870,5610,CUST-93354,App
UK-2026-104147,2026-06-10,North,Gurugram,Cotton Bedsheet Set,Home & Kitchen,1,1400,1400,CUST-29876,App
UK-2026-104082,13/06/2026,West,Ahmedabad,Adjustable Dumbbells 15kg,Sports,2,4950,9900,CUST-58304,App
UK-2026-103465,2026-05-27,South,Hyderabad,Slim Fit Jeans,Fashion,1,1602,1602,CUST-80301,App
UK-2026-103002,2026-04-23,South,Chennai,Foldable Treadmill T2,Sports,3,25760,77280,CUST-19500,App
UK-2026-102698,2026-04-02,South,Hyderabad,Adjustable Dumbbells 15kg,Sports,1,5050,5050,CUST-86452,Website
UK-2026-104239,2026-06-05,Central,Nagpur,Leather Wallet,Fashion,1,881,881,CUST-12876,Marketplace
UK-2026-100822,2026-02-21,North,Chandigarh,Ultrabook Air 14,Electronics,1,29532,29532,CUST-21101,Marketplace
UK-2026-100403,2026-01-03,North,Chandigarh,Power Bank 20000mAh,Electronics,1,1762,1762,CUST-98888,Marketplace
UK-2026-102046,2026-03-24,South,Kochi,Noise-Cancelling Headphones,Electronics,1,8593,8593,CUST-47353,App
UK-2026-104029,2026-06-30,West,Mumbai,Denim Jacket,Fashion,3,2133,6399,CUST-56290,Website
UK-2026-100309,2026-01-05,Central,Nagpur,Mirrorless Camera Lite,Electronics,1,29440,29440,CUST-56342,Website
UK-2026-103420,"May 26, 2026",West,Ahmedabad,Robot Vacuum R7,Home & Kitchen,1,19339,19339,CUST-64211,Marketplace
UK-2026-101652,2026-03-05,Central,Bhopal,Bluetooth Speaker Mini,Electronics,2,1471,2942,CUST-95626,Marketplace
UK-2026-102393,2026-04-04,West,Ahmedabad,Bluetooth Speaker Mini,Electronics,4,1427,"5,708.00",CUST-86623,Marketplace
UK-2026-104308,2026-06-23,West,Pune,Eau de Parfum 100ml,Beauty,1,1996,1996,CUST-11461,Website
UK-2026-104548,2026-06-30,North,Delhi,Noise-Cancelling Headphones,Electronics,1,8609,8609,CUST-80962,Marketplace
UK-2026-101582,2026-03-14,North,Gurugram,Slim Fit Jeans,Fashion,1,1637,1637,CUST-94362,App
UK-2026-104532,2026-06-01,North,Noida,Electric Kettle 1.5L,Home & Kitchen,2,1129,2258,CUST-48431,Marketplace
UK-2026-103562,2026-05-10,Central,Raipur,Air Fryer 5L,Home & Kitchen,2,5322,10644,CUST-95071,App
UK-2026-103341,2026-05-31,South,Hyderabad,Running Sneakers,Fashion,1,2857,2857,CUST-35740,Website
UK-2026-103379,2026-05-11,South,Bengaluru,Yoga Mat Pro,Sports,1,1179,1179,CUST-33383,Website
UK-2026-100100,2026-01-05,North,Chandigarh,Non-Stick Cookware Set,Home & Kitchen,2,2834,5668,CUST-50099,Marketplace
UK-2026-101779,2026-03-05,North,Gurugram,Cotton Kurta Set,Fashion,4,1307,5228,CUST-11422,Marketplace
UK-2026-102914,2026-04-26,North,Chandigarh,Yoga Mat Pro,Sports,2,1256,2512,CUST-23363,Marketplace
UK-2026-103498,2026-05-25,West,Surat,Bluetooth Speaker Mini,Electronics,2,1553,3106,CUST-45393,Marketplace
UK-2026-100282,2026-01-21,South,Hyderabad,Running Sneakers,Fashion,1,2721,2721,CUST-10218,Marketplace
UK-2026-101143,2026-02-11,East,Kolkata,Silk Saree,Fashion,1,3511,3511,CUST-63493,App
UK-2026-101176,2026-02-21,West,Pune,Ultrabook Air 14,Electronics,3,28940,86820,CUST-86942,Website
UK-2026-103947,2026-05-19,Central,Indore,Gym Gloves,Sports,1,504,504,CUST-47917,Marketplace
UK-2026-100315,2026-01-02,West,Surat,Air Fryer 5L,Home & Kitchen,1,5640,5640,CUST-51211,Marketplace
UK-2026-103680,2026-05-09,West,Surat,Air Fryer 5L,Home & Kitchen,1,5460,5460,CUST-86986,Marketplace
UK-2026-100169,2026-01-29,South,Chennai,Running Sneakers,Fashion,2,2886,5772,CUST-44254,Website
UK-2026-102121,2026-03-14,Central,Raipur,Dinner Set 24pc,Home & Kitchen,1,2540,2540,CUST-10838,App
UK-2026-104621,2026-06-07,East,Bhubaneswar,Electric Kettle 1.5L,Home & Kitchen,3,1070,3210,CUST-23787,App
UK-2026-101600,2026-03-21,North,Gurgaon,Noise-Cancelling Headphones,Electronics,1,8557,8557,CUST-28909,Marketplace
UK-2026-103464,2026-05-14,South,Bengaluru,Mirrorless Camera Lite,Electronics,1,30101,30101,CUST-95240,Marketplace
UK-2026-104076,2026-06-15,Central,Indore,Electric Kettle 1.5L,Home & Kitchen,1,1051,1051,CUST-62522,Marketplace
UK-2026-104838,2026-06-14,South,Bengaluru,Noise-Cancelling Headphones,Electronics,1,8875,8875,CUST-60035,App
UK-2026-100506,2026-01-25,East,Patna,Cotton Kurta Set,Fashion,1,1256,1256,CUST-38354,Website
UK-2026-101168,2026-02-20,West,Mumbai,Bluetooth Speaker Mini,Electronics,2,1503,3006,CUST-42418,App
UK-2026-102559,2026-04-29,North,New Delhi,Wireless Earbuds Pro,Electronics,1,2960,2960,CUST-20001,App
UK-2026-104294,2026-06-24,Central,Indore,Smart Watch X2,Electronics,1,4528,4528,CUST-92161,App
UK-2026-100892,2026-02-07,South,Kochi,Football Size 5,Sports,1,876,876,CUST-64770,Website
UK-2026-100697,2026-01-21,North,Delhi,Beard Grooming Kit,Beauty,1,1017,1017,CUST-68261,App
UK-2026-104763,2026-06-01,North,Delhi,Eau de Parfum 100ml,Beauty,1,2040,2040,CUST-35532,App
UK-2026-104671,2026-06-22,West,Surat,Mixer Grinder 750W,Home & Kitchen,1,3354,3354,CUST-60977,Marketplace
UK-2026-100327,2026-01-08,South,Bengaluru,Bluetooth Speaker Mini,Electronics,1,1469,1469,CUST-77496,Marketplace
UK-2026-101590,2026-03-29,West,Mumbai,Slim Fit Jeans,Fashion,2,1546,3092,CUST-92917,App
UK-2026-104020,2026-05-18,South,Kochi,Face Wash Combo,Beauty,2,453,906,CUST-30453,App
UK-2026-102725,2026-04-17,East,Kolkata,Dinner Set 24pc,Home & Kitchen,1,2604,2604,CUST-32601,App
UK-2026-102751,2026-04-13,Central,Bhopal,Ultrabook Air 14,Electronics,1,29483,29483,CUST-84562,App
UK-2026-104539,2026-06-24,East,Guwahati,Denim Jacket,Fashion,2,2138,4276,CUST-73960,Marketplace
UK-2026-101826,2026-03-18,West,Ahmedabad,Foldable Treadmill T2,Sports,1,25022,25022,CUST-30453,Marketplace
UK-2026-103698,2026-05-05,West,Surat,Ethnic Dupatta,Fashion,2,509,1018,CUST-60115,App
UK-2026-100533,2026-01-07,West,Pune,Football Size 5,Sports,1,902,902,CUST-50915,Website
UK-2026-104429,2026-06-21,South,Bangalore,Mixer Grinder 750W,Home & Kitchen,1,3290,3290,CUST-65160,Website
UK-2026-104716,2026-06-09,South,Chennai,Denim Jacket,Fashion,1,2294,2294,CUST-84647,App
UK-2026-100710,2026-01-20,West,Ahmedabad,Noise-Cancelling Headphones,Electronics,1,9065,9065,CUST-65875,App
UK-2026-102515,2026-04-18,South,Bengaluru,Power Bank 20000mAh,Electronics,1,1712,1712,CUST-63613,Marketplace
UK-2026-100332,2026-01-02,West,Pune,43-inch Smart TV,Electronics,,27136,27136,CUST-32536,App
UK-2026-102233,2026-03-09,East,Guwahati,Sunscreen SPF50,Beauty,1,528,528,CUST-80834,Website
UK-2026-101833,2026-03-24,Central,Indore,Mixer Grinder 750W,Home & Kitchen,1,3417,3417,CUST-92617,Marketplace
UK-2026-100694,2026-01-22,South,Hyderabad,Beard Grooming Kit,Beauty,1,965,965,CUST-69711,App
UK-2026-100304,2026-01-07,South,Chennai,Dinner Set 24pc,Home & Kitchen,1,2550,2550,CUST-31535,App
UK-2026-103718,2026-05-28,East,Bhubaneswar,Noise-Cancelling Headphones,Electronics,1,9417,9417,CUST-18679,Website
UK-2026-104134,2026-06-30,North,Gurugram,Smart Watch X2,Electronics,1,4597,4597,CUST-53546,Website
UK-2026-103136,2026-05-19,North,Gurugram,Wireless Earbuds Pro,Electronics,1,3109,3109,CUST-70642,App
UK-2026-102164,2026-03-12,West,Mumbai,Mirrorless Camera Lite,Electronics,1,30358,30358,CUST-50867,App
UK-2026-100966,2026-02-11,West,Pune,Adjustable Dumbbells 15kg,Sports,1,4846,4846,CUST-87575,App
UK-2026-104587,2026-06-25,North,Chandigarh,Dinner Set 24pc,Home & Kitchen,1,2601,2601,CUST-74306,Website
UK-2026-101210,2026-02-04,South,Kochi,Mixer Grinder 750W,Home & Kitchen,1,3156,3156,CUST-93858,Website
UK-2026-103316,2026-05-03,West,Pune,Face Wash Combo,Beauty,1,467,467,CUST-68436,Marketplace
UK-2026-100035,2026-01-01,North,Noida,Ethnic Dupatta,Fashion,1,491,491,CUST-58714,App
UK-2026-104075,2026-06-07,North,Gurugram,Electric Kettle 1.5L,Home & Kitchen,2,1055,2110,CUST-77862,Website
UK-2026-101513,2026-03-02,West,Mumbai,Non-Stick Cookware Set,Home & Kitchen,2,2800,5600,CUST-77307,App
UK-2026-104300,2026-06-20,North,Chandigarh,Ultrabook Air 14,Electronics,2,30507,61014 INR,CUST-13570,Marketplace
UK-2026-103594,2026-05-22,South,Kochi,Face Wash Combo,Beauty,1,433,433,CUST-95624,Marketplace
UK-2026-103180,2026-05-19,South,Chennai,Cotton Kurta Set,Fashion,3,1364,4092,CUST-29917,App
UK-2026-102686,2026-04-09,South,Hyderabad,Sunscreen SPF50,Beauty,4,567,2268,CUST-79260,App
UK-2026-103425,2026-05-18,South,Bengaluru,Wireless Earbuds Pro,Electronics,2,2939,5878,CUST-20378,Marketplace
UK-2026-102804,2026-04-03,North,Delhi,Robot Vacuum R7,Home & Kitchen,1,19755,19755,CUST-68774,Marketplace
UK-2026-102961,2026-04-01,North,Chandigarh,Vitamin C Serum,Beauty,2,676,1352,CUST-89823,Website
UK-2026-100234,2026-01-08,North,Delhi,Cycling Helmet,Sports,1,1678,1678,CUST-71677,App
UK-2026-102422,2026-04-07,South,Chennai,Smart Watch X2,Electronics,1,4610,4610,CUST-91421,Website
UK-2026-104055,2026-06-03,North,Chandigarh,Smart Watch X2,Electronics,3,4547,13641,CUST-95053,Marketplace
UK-2026-101558,2026-03-06,West,Pune,Robot Vacuum R7,Home & Kitchen,1,19456,19456,CUST-36744,App
UK-2026-100756,2026-02-09,South,Hyderabad,Foldable Treadmill T2,Sports,1,24408,24408,CUST-80522,App
UK-2026-100391,2026-01-03,West,Ahmedabad,Silk Saree,Fashion,2,3440,6880,CUST-57537,App
UK-2026-104167,2026-06-13,West,Pune,Formal Shirt,Fashion,1,1076,1076,CUST-47897,Marketplace
UK-2026-104660,2026-06-14,South,Chennai,Face Wash Combo,Beauty,2,469,938,CUST-88186,Website
UK-2026-100394,2026-01-29,North,Chandigarh,Cricket Bat English Willow,Sports,1,9285,9285,CUST-61086,App
UK-2026-100090,2026-01-05,East,Bhubaneswar,Ethnic Dupatta,Fashion,1,500,500,CUST-49950,App
UK-2026-100165,2026-01-11,Central,Raipur,Wireless Earbuds Pro,Electronics,,3144,9432,CUST-40721,Website
UK-2026-104299,2026-06-17,North,Gurugram,Formal Shirt,Fashion,1,1153,1153,CUST-13039,Website
UK-2026-100890,2026-02-04,North,Chandigarh,Dinner Set 24pc,Home & Kitchen,1,2618,2618,CUST-78977,Website
UK-2026-104793,2026-06-30,West,Mumbai,Eau de Parfum 100ml,Beauty,1,1919,1919,CUST-95627,App
UK-2026-103922,2026-05-17,South,Kochi,Bluetooth Speaker Mini,Electronics,-2,1554,3108,CUST-67486,App
UK-2026-103277,2026-05-10,North,GGN,Sunscreen SPF50,Beauty,2,523,1046,CUST-70827,App
UK-2026-100653,2026-01-28,East,Kolkata,Slim Fit Jeans,Fashion,1,1601,1601,CUST-51770,Website
UK-2026-104746,2026-06-20,Central,Indore,Slim Fit Jeans,Fashion,1,1572,1572,CUST-95240,Marketplace
UK-2026-103289,2026-05-26,South,Bengaluru,43-inch Smart TV,Electronics,1,25303,25303,CUST-91884,Marketplace
UK-2026-100186,2026-01-25,Central,Indore,Air Fryer 5L,Home & Kitchen,1,5368,5368,CUST-26933,App
UK-2026-100455,2026-01-19,South,Chennai,Denim Jacket,Fashion,1,2156,2156,CUST-32049,Marketplace
UK-2026-103754,2026-05-22,Central,Bhopal,Ethnic Dupatta,Fashion,1,494,494,CUST-58304,Website
UK-2026-103243,2026-05-05,West,Mumbai,Cricket Bat English Willow,Sports,3,9010,27030,CUST-99730,Website
UK-2026-101576,2026-03-14,South,Bengaluru,Running Sneakers,Fashion,1,2896,2896,CUST-60690,Marketplace
UK-2026-104892,"Jun 14, 2026",North,Noida,Matte Lipstick Set,Beauty,1,865,865,CUST-41826,Website
UK-2026-103346,2026-05-29,West,Bombay,Cycling Helmet,Sports,1,1554,1554,CUST-91421,App
UK-2026-101507,2026-03-22,North,Gurugram,Ethnic Dupatta,Fashion,1,475,475,CUST-39576,Website
UK-2026-100017,2026-01-29,,Chandigarh,Mirrorless Camera Lite,Electronics,2,29963,59926,CUST-18332,Marketplace
UK-2026-101162,2026-02-12,West,Mumbai,Cotton Kurta Set,Fashion,1,1264,1264,CUST-97461,Marketplace
UK-2026-102659,2026-04-06,South,Hyderabad,Foldable Treadmill T2,Sports,1,25546,25546,CUST-28055,App
UK-2026-101187,2026-02-12,West,Ahmedabad,Non-Stick Cookware Set,Home & Kitchen,1,2819,2819,CUST-36144,App
UK-2026-101515,2026-03-25,West,Pune,Cotton Bedsheet Set,Home & Kitchen,2,1450,2900,CUST-97127,App
UK-2026-100667,2026-01-13,West,Ahmedabad,Ultrabook Air 14,Electronics,1,31245,,CUST-17468,Website
UK-2026-100280,2026-01-24,East,Bhubaneswar,Makeup Brush Set,Beauty,4,1279,5116,CUST-84503,Website
UK-2026-104385,2026-06-15,Central,Indore,Electric Kettle 1.5L,Home & Kitchen,1,1074,1074,CUST-92498,App
UK-2026-100250,2026-01-08,West,Ahmedabad,Denim Jacket,Fashion,1,2245,2245,CUST-33896,App
UK-2026-102824,2026-04-21,South,Bengaluru,Non-Stick Cookware Set,Home & Kitchen,1,2954,2954,CUST-70104,Website
UK-2026-103908,2026-05-22,Central,Nagpur,Denim Jacket,Fashion,1,2095,2095,CUST-80648,Marketplace
UK-2026-101328,2026-02-06,Central,Indore,Leather Wallet,Fashion,1,940,940,CUST-14282,Marketplace
UK-2026-100515,2026-01-05,South,Kochi,Electric Kettle 1.5L,Home & Kitchen,1,1148,1148,CUST-84647,App
UK-2026-100139,2026-01-29,East,Kolkata,Ultrabook Air 14,Electronics,2,29783,59566,CUST-95071,Website
UK-2026-101527,2026-03-31,North,Chandigarh,Denim Jacket,Fashion,1,2248,2248,CUST-65051,App
UK-2026-103514,2026-05-19,East,Kolkata,Wireless Earbuds Pro,Electronics,1,2876,2876,CUST-37813,App
UK-2026-104108,2026-06-15,North,Noida,Cotton Kurta Set,Fashion,1,1287,1287,CUST-96953,App
UK-2026-100911,2026-02-13,Central,Bhopal,Ethnic Dupatta,Fashion,-2,518,518,CUST-13537,Website
UK-2026-102343,2026-04-27,West,Mumbai,Bluetooth Speaker Mini,Electronics,1,1520,1520,CUST-64824,Marketplace
UK-2026-100467,2026-01-18,South,Kochi,Cotton Bedsheet Set,Home & Kitchen,1,1460,1460,CUST-92119,Website
UK-2026-100523,2026-01-16,South,Kochi,Bluetooth Speaker Mini,Electronics,1,1438,1438,CUST-38250,Marketplace
UK-2026-104150,2026-06-18,South,Hyderabad,Formal Shirt,Fashion,1,1108,1108,CUST-86452,App
UK-2026-104307,2026-06-15,East,Bhubaneswar,Ultrabook Air 14,Electronics,1,30688,30688,CUST-90288,App
UK-2026-100153,13-01-26,North,Noida,Electric Kettle 1.5L,Home & Kitchen,1,1081,1081,CUST-56250,App
UK-2026-104950,2026-06-28,East,GUWAHATI,Power Bank 20000mAh,Electronics,2,1804,3608,CUST-75013,App
UK-2026-102276,2026-04-27,North,gurugram,Cotton Kurta Set,Fashion,1,1315,1315,CUST-97209,Website
UK-2026-100977,2026-02-19,Central,Indore,Face Wash Combo,Beauty,2,467,934,CUST-97821,App
UK-2026-104600,2026-06-01,West,Bombay,Sunscreen SPF50,Beauty,1,551,551,CUST-10476,App
UK-2026-103274,2026-05-22,North,Noida,Electric Kettle 1.5L,Home & Kitchen,2,1069,2138,CUST-96953,Marketplace
UK-2026-101712,2026-03-18,West,Ahmedabad,Ethnic Dupatta,Fashion,1,520,520,CUST-23963,App
UK-2026-103524,2026-05-12,East,Kolkata,Cotton Bedsheet Set,Home & Kitchen,1,1441,1441,CUST-62222,Website
UK-2026-103326,2026-05-18,South,Chennai,Power Bank 20000mAh,Electronics,1,1823,1823,CUST-93858,App
UK-2026-100321,2026-01-07,West,Mumbai,formal shirt,Fashion,3,1088,3264,CUST-30503,App
UK-2026-100665,2026-01-26,Central,Indore,Ultrabook Air 14,Electronics,-2,30656,61312,CUST-46094,Marketplace
UK-2026-100055,2026-01-07,South,Chennai,Beard Grooming Kit,Beauty,1,1046,1046,CUST-93115,App
UK-2026-102700,2026-04-21,South,Chennai,Vitamin C Serum,Beauty,1,696,696,CUST-99223,App
UK-2026-103137,2026-05-05,South,Kochi,Electric Kettle 1.5L,Home & Kitchen,1,1130,1130,CUST-18843,App
UK-2026-104352,2026-06-12,South,BLR,Ultrabook Air 14,Electronics,2,30352,60704,CUST-83936,App
UK-2026-103918,2026-05-17,North,Gurugram,Non-Stick Cookware Set,Home & Kitchen,1,2854,2854,CUST-92045,Marketplace
UK-2026-100726,2026-02-01,North,Noida,Cotton Kurta Set,Fashion,1,1295,1295,CUST-46749,App
UK-2026-101752,2026-03-30,South,Kochi,Wireless Earbuds Pro,Electronics,3,2970,8910,CUST-25969,App
UK-2026-102735,2026-04-21,South,Hyderabad,Robot Vacuum R7,Home & Kitchen,,19259,19259,CUST-94284,App
UK-2026-103840,2026-05-15,West,Ahmedabad,Robot Vacuum R7,Home & Kitchen,1,19213,19213,CUST-34534,Website
UK-2026-100702,2026-01-04,Central,Indore,Eau de Parfum 100ml,Beauty,1,1980,1980,CUST-65306,Website
UK-2026-101672,2026-03-13,North,Gurugram,43-inch Smart TV,Electronics,1,25143,25143,CUST-50304,App
UK-2026-100524,2026-01-06,West,Mumbai,Running Sneakers,Fashion,1,2819,2819,CUST-23959,App
UK-2026-104296,2026-06-04,South,Kochi,Beard Grooming Kit,Beauty,1,974,974,CUST-50938,Website
UK-2026-101960,2026-03-17,West,Pune,Foldable Treadmill T2,Sports,1,23791,23791,CUST-23235,Website
UK-2026-104576,2026-06-30,North,Delhi,Denim Jacket,Fashion,1,2210,2210,CUST-77170,App
UK-2026-100844,2026-02-25,East,Patna,Electric Kettle 1.5L,Home & Kitchen,1,1079,1079,CUST-58304,Website
UK-2026-102412,2026-04-16,East,Guwahati,Cotton Kurta Set,Fashion,1,1362,1362,CUST-66753,Marketplace
UK-2026-100210,2026-01-29,South,Bengaluru,Electric Kettle 1.5L,Home & Kitchen,1,1069,1069,CUST-29638,App
UK-2026-103954,2026-05-22,North,Gurugram,Cricket Bat English Willow,Sports,1,8606,8606,CUST-94258,App
UK-2026-104755,2026-06-23,West,Ahmedabad,Eau de Parfum 100ml,Beauty,1,2037,2037,CUST-23259,Website
UK-2026-104354,2026-06-20,West,Surat,Dinner Set 24pc,Home & Kitchen,1,2560,2560,CUST-17576,App
UK-2026-103912,2026-05-22,North,Noida,Air Fryer 5L,Home & Kitchen,2,5513,11026,CUST-23259,App
UK-2026-101573,2026-03-01,North,Gurugram,Matte Lipstick Set,Beauty,1,938,938,CUST-41471,Website
UK-2026-101685,2026-03-26,Central,Nagpur,Cricket Bat English Willow,Sports,1,8613,8613,CUST-38919,App
UK-2026-104436,2026-06-10,South,Chennai,Eau de Parfum 100ml,Beauty,1,2081,2081,CUST-51209,Website
UK-2026-101422,2026-02-26,East,Guwahati,Robot Vacuum R7,Home & Kitchen,2,19343,38686,CUST-95751,App
UK-2026-103067,2026-04-17,West,Ahmedabad,Eau de Parfum 100ml,Beauty,1,1965,1965,CUST-57623,App
UK-2026-102240,2026-03-13,West,Surat,Mixer Grinder 750W,Home & Kitchen,2,3387,6774,CUST-32477,App
UK-2026-102382,2026-04-29,South,Bengaluru,Cotton Bedsheet Set,Home & Kitchen,1,1375,1375,CUST-54519,App
UK-2026-101512,2026-03-06,Central,Indore,Badminton Racket Set,Sports,1,2404,2404,CUST-76525,App
UK-2026-104773,2026-06-14,South,Bengaluru,Eau de Parfum 100ml,Beauty,1,1930,1930,CUST-64770,App
UK-2026-103460,2026-05-31,East,Kolkata,Matte Lipstick Set,Beauty,2,895,1790,CUST-60187,App
UK-2026-101350,2026-02-23,South,Bengaluru,Football Size 5,Sports,1,888,888,CUST-70520,App
UK-2026-101997,2026-03-03,North,Noida,Sunscreen SPF50,Beauty,,565,1695,CUST-98679,App
UK-2026-100842,10-02-26,North,Delhi,Makeup Brush Set,Beauty,1,1274,1274,CUST-74947,App
UK-2026-100868,2026-02-18,North,Delhi,Smart Watch X2,Electronics,2,4664,9328,CUST-80962,Website
UK-2026-104460,2026-06-07,West,Ahmedabad,Makeup Brush Set,Beauty,1,1290,1290,CUST-27164,Marketplace
UK-2026-101339,2026-02-03,Central,Bhopal,Power Bank 20000mAh,Electronics,1,1882,1882,CUST-76137,App
UK-2026-100603,27-01-26,South,Bengaluru,Air Fryer 5L,Home & Kitchen,4,5302,21208,CUST-64933,App
UK-2026-103199,2026-05-21,West,Mumbai,Ultrabook Air 14,Electronics,1,30275,30275,CUST-23052,App
UK-2026-100493,2026-01-22,Central,Nagpur,Noise-Cancelling Headphones,Electronics,1,8940,8940,CUST-98267,App
UK-2026-101340,2026-02-01,West,Pune,Slim Fit Jeans,Fashion,3,1622,4866,CUST-54618,Website
UK-2026-104191,2026-06-09,North,Chandigarh,Silk Saree,Fashion,1,3387,3387,CUST-95179,App
UK-2026-103261,2026-05-01,North,Delhi,Noise-Cancelling Headphones,Electronics,1,9331,9331,CUST-41471,Marketplace
UK-2026-100436,2026-01-26,North,Chandigarh,Modern Wall Clock,Home & Kitchen,1,814,814,CUST-88952,App
UK-2026-101721,2026-03-12,South,Kochi,Running Sneakers,Fashion,1,2907,2907,CUST-86521,App
UK-2026-104561,2026-06-15,North,Delhi,Football Size 5,Sports,0,876,876,CUST-59078,Website
UK-2026-101188,2026-02-22,West,Ahmedabad,Sunscreen SPF50,Beauty,1,525,525,CUST-86657,App
UK-2026-104033,2026-06-29,South,Hyderabad,Slim Fit Jeans,Fashion,1,1625,1625,CUST-95983,App
UK-2026-100399,2026-01-11,East,Patna,Bluetooth Speaker Mini,Electronics,1,1451,1451,CUST-21160,App
UK-2026-104937,2026-06-20,West,Pune,Noise-Cancelling Headphones,Electronics,2,8712,17424,CUST-78705,Marketplace
UK-2026-104472,2026-06-06,South,Kochi,Dinner Set 24pc,Home & Kitchen,1,2475,2475,CUST-69326,App
UK-2026-100947,2026-02-24,South,Kochi,Smart Watch X2,Electronics,3,4678,14034,CUST-40211,Website
UK-2026-101277,15/02/2026,North,Gurugram,Dinner Set 24pc,Home & Kitchen,2,2502,5004,CUST-96319,Website
UK-2026-102202,2026-03-10,West,Surat,Smart Watch X2,Electronics,1,4578,4578,CUST-16496,Marketplace
UK-2026-100695,2026-01-20,South,Kochi,Badminton Racket Set,Sports,1,2458,2458,CUST-34111,App
UK-2026-101508,2026-03-16,South,Kochi,Cotton Kurta Set,Fashion,1,1326,1326,CUST-77830,Website
UK-2026-102643,2026-04-24,East,Guwahati,Ethnic Dupatta,Fashion,1,478,478,CUST-18945,App
UK-2026-104041,2026-06-29,East,Kolkata,Cotton Kurta Set,Fashion,1,1313,1313,CUST-61086,Website
UK-2026-104393,2026-06-09,Central,Raipur,Mirrorless Camera Lite,Electronics,2,27631,55262,CUST-71396,Website
UK-2026-100115,2026-01-05,East,Patna,Foldable Treadmill T2,Sports,1,24859,24859,CUST-12493,App
UK-2026-104508,02-06-26,South,Bengaluru,Leather Wallet,Fashion,1,875,875,CUST-13107,App
UK-2026-100923,2026-02-18,North,Delhi,Noise-Cancelling Headphones,Electronics,2,8680,17360,CUST-68385,Website
UK-2026-103873,2026-05-30,East,Bhubaneswar,Matte Lipstick Set,Beauty,1,897,897,CUST-79002,Website
UK-2026-100081,30/01/2026,Central,Raipur,Dinner Set 24pc,Home & Kitchen,1,2375,2375,CUST-44789,Marketplace
UK-2026-104151,2026-06-13,Central,Indore,Dinner Set 24pc,Home & Kitchen,3,2550,7650,CUST-66944,App
UK-2026-100023,2026-01-26,West,Ahmedabad,  Denim Jacket,Fashion,2,2276,4552,CUST-82246,Marketplace
UK-2026-100891,2026-02-22,North,Delhi,Silk Saree,Fashion,1,3343,3343,CUST-73212,App
UK-2026-100579,2026-01-18,North,Gurugram,Matte Lipstick Set,Beauty,1,927,927,CUST-89823,Website
UK-2026-103921,2026-05-03,Central,Nagpur,Face Wash Combo,Beauty,1,439,439,CUST-10349,Website
UK-2026-103789,2026-05-23,Central,Nagpur,Cotton Kurta Set,Fashion,1,1328,1328,CUST-19614,Website
UK-2026-101946,2026-03-01,North,Chandigarh,43-inch Smart TV,Electronics,1,24913,24913,CUST-45092,App
UK-2026-104913,2026-06-15,South,Hyderabad,Slim Fit Jeans,Fashion,1,1643,1643,CUST-75367,App
UK-2026-103081,2026-04-23,East,Bhubaneswar,Vitamin C Serum,Beauty,1,732,732,CUST-43226,Website
UK-2026-101661,2026-03-05,West,Pune,Robot Vacuum R7,Home & Kitchen,1,18759,18759,CUST-32932,Website
UK-2026-102602,2026-04-10,South,Hyderabad,Wireless Earbuds Pro,Electronics,1,2908,2908,CUST-78529,Website
UK-2026-100958,2026-02-23,East,Bhubaneswar,Smart Watch X2,Electronics,1,4545,"4,545.00",CUST-42190,Website
UK-2026-101869,2026-03-27,North,Chandigarh,Smart Watch X2,Electronics,4,4370,17480,CUST-51572,Website
UK-2026-100804,2026-02-26,North,Delhi,Noise-Cancelling Headphones,Electronics,2,8579,17158,CUST-94098,App
UK-2026-104825,2026-06-11,North,Noida,Beard Grooming Kit,Beauty,1,1031,1031,CUST-75045,App
UK-2026-104164,2026-06-20,East,Patna,Smart Watch X2,Electronics,2,4569,9138,CUST-84149,Marketplace
UK-2026-103542,2026-05-30,South,Bengaluru,43-inch Smart TV,Electronics,1,25271,25271,CUST-38591,App
UK-2026-100405,2026-01-01,South,Kochi,Slim Fit Jeans,Fashion,2,1543,3086,CUST-24956,Marketplace
UK-2026-103622,2026-05-23,North,Gurugram,Slim Fit Jeans,Fashion,1,1669,1669,CUST-54273,App
UK-2026-103463,2026-05-18,South,Chennai,Football Size 5,Sports,1,871,871,CUST-25065,Website
UK-2026-100826,2026-02-21,East,Kolkata,Eau de Parfum 100ml,Beauty,2,1935,3870,CUST-78777,App
UK-2026-101407,2026-02-19,South,Hyderabad,Ethnic Dupatta,Fashion,2,514,1028,CUST-15561,Website
UK-2026-104542,2026-06-19,West,Ahmedabad,Air Fryer 5L,Home & Kitchen,2,5718,11436,CUST-92542,App
UK-2026-100783,2026-02-05,South,Bangalore,Matte Lipstick Set,Beauty,1,926,926,CUST-78977,App
UK-2026-102942,2026-04-24,South,Bengaluru,Cotton Kurta Set,Fashion,1,1246,1246,CUST-93016,App
UK-2026-101460,2026-03-07,West,Surat,Eau de Parfum 100ml,Beauty,1,1965,1965,CUST-59021,Marketplace
UK-2026-103725,09/05/2026,South,Kochi,Smart Watch X2,Electronics,1,4375,4375,CUST-40536,App
UK-2026-102867,2026-04-08,South,Bengaluru,Noise-Cancelling Headphones,Electronics,1,8901,8901,CUST-57256,App
UK-2026-104084,2026-06-12,Central,Indore,Silk Saree,Fashion,1,3400,3400,CUST-60141,App
UK-2026-100872,2026-02-11,North,Chandigarh,Cotton Bedsheet Set,Home & Kitchen,4,1398,5592,CUST-94298,App
UK-2026-102078,2026-03-26,South,Hyderabad,air fryer 5l,Home & Kitchen,1,5708,5708,CUST-10838,Marketplace
UK-2026-104646,2026-06-01,South,Hyderabad,Non-Stick Cookware Set,Home & Kitchen,1,3015,3015,CUST-19863,App
UK-2026-104829,2026-06-02,South,Kochi,Makeup Brush Set,Beauty,4,1252,5008,CUST-89404,App
UK-2026-103495,2026-05-06,South,Hyderabad,Silk Saree,Fashion,1,3332,3332,CUST-30382,Marketplace
UK-2026-102695,2026-04-16,,Noida,Vitamin C Serum,Beauty,1,682,682,CUST-37789,Website
UK-2026-101401,2026-02-01,North,Gurugram,Air Fryer 5L,Home & Kitchen,1,5606,5606,CUST-70760,Marketplace
UK-2026-102385,2026-04-24,South,Chennai,Vitamin C Serum,Beauty,1,716,716,CUST-16899,App
UK-2026-103708,2026-05-02,North,Delhi,Denim Jacket,Fashion,1,2188,2188,CUST-27471,Website
UK-2026-102667,2026-04-25,South,Bengaluru,Non-Stick Cookware Set,Home & Kitchen,1,2762,2762,CUST-13829,App
UK-2026-104247,2026-06-03,North,Delhi,Leather Wallet,Fashion,1,867,867,CUST-17703,App
UK-2026-104301,2026-06-08,South,Kochi,Mixer Grinder 750W,Home & Kitchen,2,3301,6602,CUST-61756,App
UK-2026-101381,2026-02-22,West,Mumbai,Dinner Set 24pc,Home & Kitchen,1,2389,2389,CUST-98472,Website
UK-2026-103648,24/05/2026,North,Delhi,Face Wash Combo,Beauty,1,445,445,CUST-51847,App
UK-2026-102499,2026-04-04,East,Bhubaneswar,Electric Kettle 1.5L,Home & Kitchen,1,1075,1075,CUST-15990,App
UK-2026-101262,2026-02-01,East,Guwahati,Cricket Bat English Willow,Sports,1,9091,9091,CUST-26603,Marketplace
UK-2026-100214,2026-01-14,North,Chandigarh,Denim Jacket,Fashion,1,2242,2242,CUST-33303,App
UK-2026-104714,2026-06-28,East,Kolkata,Wireless Earbuds Pro,Electronics,1,3098,3098,CUST-60141,App
UK-2026-102524,2026-04-25,West,Surat,Cricket Bat English Willow,Sports,1,9251,9251,CUST-54232,App
UK-2026-104964,10/06/2026,South,Bengaluru,Cotton Kurta Set,Fashion,1,1241,1241,CUST-23873,Marketplace
UK-2026-103739,2026-05-04,North,Chandigarh,Air Fryer 5L,Home & Kitchen,1,5706,5706,CUST-84985,Website
UK-2026-102006,2026-03-12,South,Bengaluru,Slim Fit Jeans,Fashion,1,1558,1558,CUST-18332,App
UK-2026-103477,2026-05-06,West,Surat,Bluetooth Speaker Mini,Electronics,2,1467,2934,CUST-92966,App
UK-2026-100294,2026-01-18,South,Kochi,43-inch Smart TV,Electronics,1,25481,25481,CUST-73913,Marketplace
UK-2026-104765,2026-06-03,West,Surat,Mixer Grinder 750W,Home & Kitchen,2,3250,6500,CUST-63346,App
UK-2026-103869,2026-05-07,South,Kochi,Cotton Kurta Set,Fashion,2,1361,2722,CUST-42542,App
UK-2026-102775,2026-04-05,South,Kochi,Non-Stick Cookware Set,Home & Kitchen,1,2823,2823,CUST-56046,Website
UK-2026-101607,2026-03-05,Central,Indore,Smart Watch X2,Electronics,1,4497,4497,CUST-95909,App
UK-2026-104219,2026-06-04,West,Surat,Slim Fit Jeans,Fashion,2,1657,3314,CUST-76222,Website
UK-2026-103440,2026-05-18,South,Bengaluru,Badminton Racket Set,Sports,1,2556,2556,CUST-90811,App
UK-2026-100289,2026-01-22,South,Bengaluru,Sunscreen SPF50,Beauty,1,550,550,CUST-67505,App
UK-2026-103487,2026-05-24,North,Gurugram,Ethnic Dupatta,Fashion,1,478,478,CUST-77082,Website
UK-2026-101787,2026-03-21,West,Surat,Denim Jacket,Fashion,1,2250,2250,CUST-72875,Website
UK-2026-104465,2026-06-25,Central,Indore,Mirrorless Camera Lite,Electronics,1,30045,30045,CUST-24929,Website
UK-2026-103597,2026-05-14,South,Kochi,Cricket Bat English Willow,Sports,2,9093,18186,CUST-46277,Website
UK-2026-100478,2026-01-23,South,Chennai,Leather Wallet,Fashion,1,880,880,CUST-39373,Website
UK-2026-101200,2026-02-27,West,Mumbai,Football Size 5,Sports,2,917,1834,CUST-33208,App
UK-2026-104884,2026-06-22,South,Chennai,Power Bank 20000mAh,Electronics,1,1763,1763,CUST-97525,Website
UK-2026-104380,2026-06-24,West,Pune,Gym Gloves,Sports,3,485,1455,CUST-39576,Website
UK-2026-101161,2026-02-02,North,  Chandigarh,43-inch Smart TV,Electronics,2,25653,51306,CUST-33262,Marketplace
UK-2026-101932,2026-03-31,North,Delhi,43-inch Smart TV,Electronics,1,25955,25955,CUST-87995,Website
UK-2026-100507,2026-01-11,East,Bhubaneswar,Air Fryer 5L,Home & Kitchen,1,5418,5418,CUST-18059,App
UK-2026-104971,2026-06-17,South,Chennai,Sunscreen SPF50,Beauty,1,534,534,CUST-40259,Website
UK-2026-102028,2026-03-18,North,Delhi,Eau de Parfum 100ml,Beauty,1,1952,1952,CUST-41446,App
UK-2026-104703,2026-06-10,West,Mumbai,Eau de Parfum 100ml,Beauty,1,1961,1961,CUST-30141,App
UK-2026-102794,2026-04-08,South,Chennai,Power Bank 20000mAh,Electronics,1,1837,1837,CUST-37673,App
UK-2026-102001,2026-03-09,South,Kochi,Dinner Set 24pc,Home & Kitchen,1,2515,2515,CUST-89432,App
UK-2026-100863,2026-02-14,North,Gurugram,Ionic Hair Dryer,Beauty,1,1944,1944,CUST-53650,Marketplace
UK-2026-104289,2026-06-28,North,Gurugram,Ultrabook Air 14,Electronics,1,31195,31195,CUST-91115,App
UK-2026-101923,2026-03-01,South,Bengaluru,Denim Jacket,Fashion,2,2296,4592,CUST-51770,App
UK-2026-104499,2026-06-24,East,Bhubaneswar,Robot Vacuum R7,Home & Kitchen,1,18136,18136,CUST-46396,App
UK-2026-101506,2026-03-11,South,Kochi,Matte Lipstick Set,Beauty,1,899,899,CUST-85167,App
UK-2026-100964,2026-02-06,South,Kochi,Cricket Bat English Willow,Sports,1,9274,9274,CUST-54232,Website
UK-2026-103371,2026-05-17,Central,Indore,Dinner Set 24pc,Home & Kitchen,1,2475,2475,CUST-39166,Website
UK-2026-102130,2026-03-16,South,Chennai,Bluetooth Speaker Mini,Electronics,1,1456,1456,CUST-73260,Marketplace
UK-2026-101524,2026-03-02,South,Chennai,Smart Watch X2,Electronics,1,4292,4292,CUST-47353,Website
UK-2026-102113,2026-03-07,South,Kochi,Smart Watch X2,Electronics,1,4588,4588,CUST-91925,Website
UK-2026-102180,2026-03-12,South,Hyderabad,Silk Saree,Fashion,2,3573,7146,CUST-67345,Website
UK-2026-101194,2026-02-28,North,Noida,Mirrorless Camera Lite,Electronics,1,30051,30051,CUST-82908,App
UK-2026-100191,2026-01-01,East,Patna,Cotton Bedsheet Set,Home & Kitchen,1,1454,1454,CUST-61143,App
UK-2026-103752,2026-05-28,South,Kochi,Wireless Earbuds Pro,Electronics,2,2910,5820,CUST-56219,App
UK-2026-100188,2026-01-05,West,Pune,Running Sneakers,Fashion,1,2845,2845,CUST-28055,Marketplace
UK-2026-100670,2026-01-18,South,Bengaluru,Leather Wallet,Fashion,1,905,905,CUST-66753,Website
UK-2026-102442,2026-04-18,East,Kolkata,Slim Fit Jeans,Fashion,1,1636,1636,CUST-41965,Website
UK-2026-104461,2026-06-05,South,Hyderabad,Modern Wall Clock,Home & Kitchen,1,760,760,CUST-69654,Marketplace
UK-2026-102446,2026-04-15,East,Patna,Cotton Bedsheet Set,Home & Kitchen,2,1395,2790,CUST-24630,Website
UK-2026-104386,2026-06-30,West,Mumbai,Slim Fit Jeans,Fashion,2,1555,3110,CUST-39154,Marketplace
UK-2026-102457,2026-04-11,,Chandigarh,43-inch Smart TV,Electronics,1,25922,25922,CUST-64289,Website
UK-2026-104923,2026-06-03,North,Noida,Ultrabook Air 14,Electronics,2,30643,61286,CUST-63613,Marketplace
UK-2026-104609,2026-06-14,North,Chandigarh,Denim Jacket,Fashion,1,2130,2130,CUST-66944,Website
UK-2026-104457,2026-06-30,West,Mumbai,Sunscreen SPF50,Beauty,3,572,1716,CUST-79637,App
UK-2026-104580,2026-06-04,North,Gurugram,Mixer Grinder 750W,Home & Kitchen,1,3145,3145,CUST-58650,Website
UK-2026-101411,2026-02-04,West,Surat,Denim Jacket,Fashion,2,2155,,CUST-43428,App
UK-2026-100884,2026-02-19,Central,Raipur,Foldable Treadmill T2,Sports,2,24428,48856,CUST-61086,App
UK-2026-104602,2026-06-11,West,Mumbai,Face Wash Combo,Beauty,2,437,874,CUST-10385,App
UK-2026-103643,2026-05-08,North,New Delhi,Sunscreen SPF50,Beauty,1,564,564,CUST-68369,App
UK-2026-100487,2026-01-10,North,Chandigarh,Ethnic Dupatta,Fashion,1,507,,CUST-55093,App
UK-2026-101683,2026-03-27,North,CHANDIGARH,Noise-Cancelling Headphones,Electronics,1,8607,8607,CUST-41570,Marketplace
UK-2026-101362,2026-02-09,West,Mumbai   ,Silk Saree,Fashion,1,3509,3509,CUST-17111,Website
UK-2026-103735,2026-05-08,West,Ahmedabad,Mirrorless Camera Lite,Electronics,1,30185,30185,CUST-91421,Marketplace
UK-2026-102574,2026-04-27,Central,Nagpur,43-inch Smart TV,Electronics,3,25623,76869,CUST-21152,Marketplace
UK-2026-100102,2026-01-25,South,Hyderabad,Yoga Mat Pro,Sports,3,1140,3420,CUST-95592,App
UK-2026-103855,2026-05-21,East,Guwahati,Cricket Bat English Willow,Sports,1,8595,8595,CUST-86942,App
UK-2026-100679,2026-01-29,East,Guwahati,Cricket Bat English Willow,Sports,1,8607,,CUST-43217,App
UK-2026-101724,2026-03-14,South,Chennai,Adjustable Dumbbells 15kg,Sports,4,4813,19252,CUST-92122,App
UK-2026-101943,2026-03-06,North,Delhi,43-inch Smart TV,Electronics,1,26794,26794,CUST-69366,Website
UK-2026-104085,2026-06-18,North,Noida,Formal Shirt,Fashion,1,1100,1100,CUST-32179,Website
UK-2026-102790,2026-04-06,Central,Nagpur,Formal Shirt,Fashion,1,1055,,CUST-11025,App
UK-2026-101415,2026-02-24,North,Noida,Silk Saree,Fashion,1,3648,3648,CUST-16609,App
UK-2026-104180,2026-06-11,West,Surat,Smart Watch X2,Electronics,1,4431,4431,CUST-92627,App
UK-2026-102663,2026-04-05,South,Bengaluru,Face Wash Combo,Beauty,3,451,1353,CUST-96108,App
UK-2026-103766,"May 10, 2026",Central,Bhopal,Makeup Brush Set,Beauty,3,1293,3879,CUST-51580,App
UK-2026-100642,2026-01-04,North,Gurugram,Cricket Bat English Willow,Sports,1,8588,8588,CUST-50225,App
UK-2026-102760,2026-04-03,West,Surat,Smart Watch X2,Electronics,4,4475,17900,CUST-14576,App
UK-2026-101487,2026-03-24,West,Ahmedabad,Mixer Grinder 750W,Home & Kitchen,1,3151,3151,CUST-22434,Marketplace
UK-2026-100620,2026-01-11,South,Chennai,Electric Kettle 1.5L,Home & Kitchen,1,1078,1078,CUST-87575,Website
UK-2026-100259,2026-01-01,West,Ahmedabad,Ethnic Dupatta,Fashion,1,479,479,CUST-82862,App
UK-2026-100624,2026-01-28,South,Kochi,Modern Wall Clock,Home & Kitchen,1,769,769,CUST-40942,App
UK-2026-103458,2026-05-03,North,Delhi,Formal Shirt,Fashion,1,1117,1117,CUST-88536,App
UK-2026-101204,2026-02-08,West,Surat,Formal Shirt,Fashion,1,1050,1050,CUST-96289,Website
UK-2026-101126,2026-02-20,North,Noida,43-inch Smart TV,Electronics,1,26832,,CUST-81985,Website
UK-2026-102592,2026-04-26,West,Ahmedabad,Modern Wall Clock,Home & Kitchen,1,773,773,CUST-78018,App
UK-2026-101002,2026-02-20,South,Hyderabad,Cotton Bedsheet Set,Home & Kitchen,3,1383,4149,CUST-69451,Marketplace
UK-2026-103297,14/05/2026,West,Ahmedabad,Formal Shirt,Fashion,1,1065,1065,CUST-26493,App
UK-2026-104112,2026-06-26,East,Kolkata,Sunscreen SPF50,Beauty,1,528,528,CUST-75253,Website
UK-2026-100051,2026-01-29,Central,Nagpur,Electric Kettle 1.5L,Home & Kitchen,1,1091,1091,CUST-50244,Website
UK-2026-100957,2026-02-07,West,Pune,Non-Stick Cookware Set,Home & Kitchen,2,2857,5714,CUST-73133,App
UK-2026-100993,2026-02-13,South,Chennai,Power Bank 20000mAh,Electronics,1,1751,1751,CUST-69603,Marketplace
UK-2026-102863,2026-04-09,South,Kochi,Mirrorless Camera Lite,Electronics,1,28290,28290,CUST-85056,Marketplace
UK-2026-101209,2026-02-03,South,Hyderabad,Wireless Earbuds Pro,Electronics,1,3124,3124,CUST-13632,Website
UK-2026-104605,2026-06-18,Central,Indore,Denim Jacket,Fashion,1,2134,2134,CUST-77660,App
UK-2026-100011,2026-01-02,East,Guwahati,Makeup Brush Set,Beauty,1,1344,1344,CUST-73133,App
UK-2026-104804,2026-06-21,Central,Raipur,Dinner Set 24pc,Home & Kitchen,1,2404,2404,CUST-98679,App
UK-2026-100577,2026-01-25,North,Chandigarh,Adjustable Dumbbells 15kg,Sports,3,4931,14793,CUST-54519,Website
UK-2026-101748,2026-03-14,South,Hyderabad,Running Sneakers,Fashion,1,2800,2800,CUST-38642,App
UK-2026-100384,2026-01-08,North,Noida,Leather Wallet,Fashion,1,879,879,CUST-57344,Website
UK-2026-100483,2026-01-23,West,Mumbai,Ultrabook Air 14,Electronics,4,31481,125924,CUST-58906,Marketplace
UK-2026-101139,2026-02-08,South,Bengaluru,Cotton Bedsheet Set,Home & Kitchen,1,1350,1350,CUST-53969,App
UK-2026-101184,2026-02-28,Central,Nagpur,Ultrabook Air 14,Electronics,1,31007,31007,CUST-97209,App
UK-2026-104586,2026-06-30,South,Hyderabad,Robot Vacuum R7,Home & Kitchen,1,19243,19243,CUST-97994,App
UK-2026-102710,2026-04-22,North,Delhi,Noise-Cancelling Headphones,Electronics,1,8930,8930,CUST-62630,Marketplace
UK-2026-102102,2026-03-20,East,Patna,Badminton Racket Set,Sports,1,2473,2473,CUST-80964,App
UK-2026-104037,2026-06-08,East,Guwahati,Ultrabook Air 14,Electronics,1,28872,28872,CUST-33757,Marketplace
UK-2026-103600,2026-05-30,Central,Nagpur,Dinner Set 24pc,Home & Kitchen,2,2508,5016,CUST-58721,Website
UK-2026-101909,2026-03-11,West,Ahmedabad,Denim Jacket,Fashion,2,2268,4536,CUST-47267,App
UK-2026-100771,2026-02-18,South,Kochi,Bluetooth Speaker Mini,Electronics,1,1434,1434,CUST-94942,App
UK-2026-104958,2026-06-22,East,Guwahati,Adjustable Dumbbells 15kg,Sports,1,4756,4756,CUST-57242,Website
UK-2026-101280,2026-02-07,East,Patna,Modern Wall Clock,Home & Kitchen,2,813,1626,CUST-79490,Website
UK-2026-102689,2026-04-13,North,Delhi,Vitamin C Serum,Beauty,2,679,1358,CUST-37866,App
UK-2026-104154,2026-06-25,West,Ahmedabad,Formal Shirt,Fashion,1,1141,1141,CUST-33523,App
UK-2026-103511,2026-05-18,East,Guwahati,Power Bank 20000mAh,Electronics,1,1879,1879,CUST-62173,Marketplace
UK-2026-101228,2026-02-10,East,Bhubaneswar,Power Bank 20000mAh,Electronics,1,1876,1876,CUST-25065,App
UK-2026-102496,2026-04-09,Central,Nagpur,Electric Kettle 1.5L,Home & Kitchen,2,1124,2248,CUST-42159,Website
UK-2026-101617,2026-03-01,South,Kochi,Ethnic Dupatta,Fashion,1,491,491,CUST-16602,Website
UK-2026-101687,2026-03-11,South,Chennai,Wireless Earbuds Pro,Electronics,1,2971,2971,CUST-84497,Marketplace
UK-2026-104772,2026-06-22,West,Pune,Football Size 5,Sports,1,931,931,CUST-31533,Website
UK-2026-101335,2026-02-06,East,Guwahati,Non-Stick Cookware Set,Home & Kitchen,1,2930,2930,CUST-24123,App
UK-2026-104806,2026-06-16,South,BLR,Yoga Mat Pro,Sports,1,1219,1219,CUST-42047,Website
UK-2026-103230,2026-05-29,West,Pune,Air Fryer 5L,Home & Kitchen,1,5405,5405,CUST-25204,Marketplace
UK-2026-100969,2026-02-15,East,Bhubaneswar,Air Fryer 5L,Home & Kitchen,1,5377,5377,CUST-43427,Website
UK-2026-102098,2026-03-10,South,Chennai,Vitamin C Serum,Beauty,1,722,722,CUST-88486,App
UK-2026-102691,2026-04-18,Central,Raipur,Bluetooth Speaker Mini,Electronics,1,1479,1479,CUST-58179,Marketplace
UK-2026-104907,2026-06-23,East,Guwahati,43-inch Smart TV,Electronics,3,25937,"77,811.00",CUST-89533,App
UK-2026-104201,2026-06-01,East,Kolkata,Modern Wall Clock,Home & Kitchen,1,816,816,CUST-71543,Marketplace
UK-2026-102522,2026-04-30,North,Gurugram,Non-Stick Cookware Set,Home & Kitchen,1,2998,2998,CUST-79525,Marketplace
UK-2026-102311,2026-04-16,South,Chennai,Badminton Racket Set,Sports,1,2530,2530,CUST-86657,App
UK-2026-102847,2026-04-26,North,Delhi,Mixer Grinder 750W,Home & Kitchen,1,3208,3208,CUST-22747,App
UK-2026-103104,2026-05-20,South,Hyderabad,Adjustable Dumbbells 15kg,Sports,1,5096,5096,CUST-97506,Website
UK-2026-100143,2026-01-24,West,Ahmedabad,Matte Lipstick Set,Beauty,3,862,2586,CUST-28164,App
UK-2026-100502,2026-01-26,West,Pune,Cotton Kurta Set,Fashion,1,1314,1314,CUST-70613,App
UK-2026-101491,2026-03-22,North,Delhi,Electric Kettle 1.5L,Home & Kitchen,1,1120,1120,CUST-59078,App
UK-2026-104177,2026-06-26,South,Hyderabad,Makeup Brush Set,Beauty,4,1338,5352,CUST-79429,Website
UK-2026-104813,2026-06-28,East,Bhubaneswar,Adjustable Dumbbells 15kg,Sports,1,4840,4840,CUST-93597,App
UK-2026-102101,2026-03-11,East,Bhubaneswar,Denim Jacket,Fashion,3,2115,6345,CUST-37494,App
UK-2026-104997,2026-06-11,South,Hyderabad,Non-Stick Cookware Set,Home & Kitchen,1,2902,2902,CUST-75532,Marketplace
UK-2026-103235,2026-05-16,East,Kolkata,43-inch Smart TV,Electronics,1,26219,26219,CUST-18815,Marketplace
UK-2026-101275,2026-02-16,South,Hyderabad,Bluetooth Speaker Mini,Electronics,1,1537,1537,CUST-81821,Marketplace
UK-2026-103935,2026-05-11,North,Chandigarh,Formal Shirt,Fashion,2,1127,2254,CUST-99223,App
UK-2026-102355,2026-04-30,South,Kochi,Cotton Bedsheet Set,Home & Kitchen,4,1372,5488,CUST-73800,Website
UK-2026-103747,2026-05-17,West,Ahmedabad,Slim Fit Jeans,Fashion,1,1637,1637,CUST-80020,App
UK-2026-100047,2026-01-29,East,kolkata,Bluetooth Speaker Mini,Electronics,1,1524,1524,CUST-93115,Marketplace
UK-2026-101827,"Mar 17, 2026",North,Gurugram,Non-Stick Cookware Set,Home & Kitchen,1,3015,3015,CUST-68374,Website
UK-2026-102390,2026-04-30,West,Pune,Cycling Helmet,Sports,1,1629,1629,CUST-22882,App
UK-2026-104135,2026-06-28,North,Noida,Eau de Parfum 100ml,Beauty,4,2094,8376,CUST-33076,App
UK-2026-101695,2026-03-24,Central,Raipur,Robot Vacuum R7,Home & Kitchen,4,19133,76532,CUST-18180,Website
UK-2026-101925,2026-03-12,East,Guwahati,Non-Stick Cookware Set,Home & Kitchen,1,2866,2866,CUST-84680,Marketplace
UK-2026-104599,2026-06-16,South,Kochi,Face Wash Combo,Beauty,1,466,466,CUST-99057,Website
UK-2026-102364,2026-04-05,West,Ahmedabad,Bluetooth Speaker Mini,Electronics,4,1563,6252 INR,CUST-24140,Website
UK-2026-103762,2026-05-11,East,Patna,Power Bank 20000mAh,Electronics,1,1713,1713,CUST-39685,Marketplace
UK-2026-103668,2026-05-31,,Pune,Electric Kettle 1.5L,Home & Kitchen,1,1070,1070,CUST-47368,App
UK-2026-100496,2026-01-03,West,Mumbai,Face Wash Combo,Beauty,1,464,464,CUST-12157,App
UK-2026-104363,"Jun 14, 2026",East,Patna,Eau de Parfum 100ml,Beauty,1,2042,2042,CUST-62740,Website
UK-2026-101867,2026-03-06,East,Patna,Cotton Kurta Set,Fashion,1,1326,1326,CUST-34492,Website
UK-2026-102828,2026-04-18,North,New Delhi,Cycling Helmet,Sports,1,1611,1611,CUST-63391,App
UK-2026-100172,2026-01-30,West,Ahmedabad,Cotton Bedsheet Set,Home & Kitchen,1,1351,1351,CUST-89533,Website
UK-2026-103639,2026-05-21,East,Kolkata,Slim Fit Jeans,Fashion,2,1572,3144,CUST-84381,Marketplace
UK-2026-101662,2026-03-02,South,Hyderabad,Dinner Set 24pc,Home & Kitchen,3,2497,7491,CUST-39692,Website
UK-2026-103686,2026-05-13,East,Kolkata,Mirrorless Camera Lite,Electronics,2,27784,55568,CUST-19916,App
UK-2026-104211,2026-06-08,Central,Raipur,Makeup Brush Set,Beauty,2,1354,2708,CUST-85795,App
UK-2026-103075,"Apr 28, 2026",South,Chennai,Mirrorless Camera Lite,Electronics,1,28264,28264,CUST-30508,Marketplace
UK-2026-100569,2026-01-07,West,Pune,Formal Shirt,Fashion,1,1099,1099,CUST-76424,App
UK-2026-103012,2026-04-01,Central,Nagpur,Cricket Bat English Willow,Sports,1,9093,9093,CUST-64933,App
UK-2026-101462,2026-03-19,West,Ahmedabad,Electric Kettle 1.5L,Home & Kitchen,1,1135,1135,CUST-52618,App
UK-2026-101333,2026-02-15,East,Kolkata,Denim Jacket,Fashion,1,2238,2238,CUST-95339,App
UK-2026-100791,2026-02-10,North,Noida,Dinner Set 24pc,Home & Kitchen,1,2573,2573,CUST-24443,Website
UK-2026-103932,2026-05-29,East,Patna,Vitamin C Serum,Beauty,1,732,732,CUST-11461,App
UK-2026-102191,2026-03-03,North,Noida,Makeup Brush Set,Beauty,1,1293,1293,CUST-23787,App
UK-2026-100084,2026-01-19,South,Kochi,Gym Gloves,Sports,2,493,986,CUST-70553,App
UK-2026-103682,2026-05-05,Central,Raipur,Ethnic Dupatta,Fashion,3,498,1494,CUST-88349,Website
UK-2026-101618,2026-03-07,West,Pune,Formal Shirt,Fashion,2,1127,2254,CUST-37320,App
UK-2026-102378,2026-04-07,,Chandigarh,Cotton Kurta Set,Fashion,1,1305,1305,CUST-11024,Website
UK-2026-102263,2026-04-24,South,Kochi,Ethnic Dupatta,Fashion,2,479,958,CUST-38975,Website
UK-2026-100449,2026-01-01,South,Cochin,Ethnic Dupatta,Fashion,1,512,512,CUST-54687,App
UK-2026-104356,2026-06-09,Central,Raipur,Slim Fit Jeans,Fashion,1,1649,1649,CUST-73331,Website
UK-2026-100526,2026-01-30,West,Pune,Mirrorless Camera Lite,Electronics,2,27588,55176,CUST-81787,Website
UK-2026-104611,2026-06-03,East,Kolkata,Leather Wallet,Fashion,1,917,917,CUST-33835,App
UK-2026-104090,2026-06-14,South,Kochi,Adjustable Dumbbells 15kg,Sports,1,4934,4934,CUST-33072,Website
UK-2026-102148,2026-03-31,North,Chandigarh,Non-Stick Cookware Set,Home & Kitchen,2,2964,5928,CUST-27321,App
UK-2026-101086,2026-02-10,East,Patna,Formal Shirt,Fashion,1,1095,1095,CUST-46228,App
UK-2026-103804,2026-05-20,North,Chandigarh,Slim Fit Jeans,Fashion,1,1659,1659,CUST-92917,Marketplace
UK-2026-100042,2026-01-03,Central,Nagpur,Robot Vacuum R7,Home & Kitchen,2,18259,36518,CUST-31416,Website
UK-2026-100728,2026-02-06,Central,Bhopal,Sunscreen SPF50,Beauty,1,528,528,CUST-50320,App
UK-2026-101303,2026-02-27,Central,Bhopal,Badminton Racket Set,Sports,1,2407,2407,CUST-19496,Website
UK-2026-103592,2026-05-29,West,Ahmedabad,Noise-Cancelling Headphones,Electronics,1,9401,9401,CUST-29813,App
UK-2026-100752,2026-02-01,West,Pune,Beard Grooming Kit,Beauty,1,1000,1000,CUST-81787,App
UK-2026-101972,2026-03-28,South,Hyderabad,Football Size 5,Sports,1,916,916,CUST-57623,App
UK-2026-102805,2026-04-28,Central,Indore,Formal Shirt,Fashion,2,1061,2122,CUST-33491,App
UK-2026-100189,2026-01-20,East,Guwahati,Modern Wall Clock,Home & Kitchen,1,801,801,CUST-11147,App
UK-2026-102898,2026-04-17,North,Noida,Mixer Grinder 750W,Home & Kitchen,2,3135,6270,CUST-98536,App
UK-2026-100408,2026-01-31,North,Delhi,Ultrabook Air 14,Electronics,1,30145,30145,CUST-53247,Marketplace
UK-2026-103977,03/05/2026,North,Gurugram,43-inch Smart TV,Electronics,1,26199,26199,CUST-47971,Website
UK-2026-103870,2026-05-09,North,Noida,Slim Fit Jeans,Fashion,1,1584,1584,CUST-98679,App
UK-2026-104132,2026-06-22,Central,Nagpur,Slim Fit Jeans,Fashion,1,1557,1557,CUST-40326,Marketplace
UK-2026-102709,2026-04-03,North,Gurugram,Ultrabook Air 14,Electronics,1,30879,30879,CUST-79798,App
UK-2026-104666,30/06/2026,West,Surat,Noise-Cancelling Headphones,Electronics,1,8824,8824,CUST-32049,Website
UK-2026-101628,2026-03-14,West,Mumbai,Air Fryer 5L,Home & Kitchen,1,5497,5497,CUST-34466,Website
UK-2026-101907,2026-03-04,North,Chandigarh,Sunscreen SPF50,Beauty,1,535,535,CUST-36198,Website
UK-2026-102188,2026-03-28,Central,Indore,Yoga Mat Pro,Sports,1,1221,1221,CUST-47833,App
UK-2026-100333,2026-01-16,South,Kochi,Modern Wall Clock,Home & Kitchen,1,835,835,CUST-71882,Website
UK-2026-101824,2026-03-09,East,Bhubaneswar,Foldable Treadmill T2,Sports,1,24711,24711,CUST-70214,Website
UK-2026-100433,2026-01-22,West,Surat,Modern Wall Clock,Home & Kitchen,1,760,760,CUST-50244,App
UK-2026-102568,2026-04-02,North,  Chandigarh,Slim Fit Jeans,Fashion,1,1620,1620,CUST-46482,App
UK-2026-102048,2026-03-12,North,Delhi,Sunscreen SPF50,Beauty,2,531,1062,CUST-52672,App
UK-2026-101378,2026-02-13,East,Patna,Modern Wall Clock,Home & Kitchen,2,786,1572,CUST-20001,Website
UK-2026-103411,2026-05-19,West,Surat,Formal Shirt,Fashion,4,1096,4384,CUST-36308,App
UK-2026-101383,2026-02-01,East,Guwahati,Football Size 5,Sports,1,868,868,CUST-95339,Website
UK-2026-102437,2026-04-15,Central,Indore,Bluetooth Speaker Mini,Electronics,2,1531,"3,062.00",CUST-20844,Marketplace
UK-2026-103049,2026-04-06,East,Kolkata,Cycling Helmet,Sports,1,1586,1586,CUST-69284,App
UK-2026-103557,2026-05-17,South,Chennai,Sunscreen SPF50,Beauty,1,539,539,CUST-18170,Website
UK-2026-102421,2026-04-11,South,Hyderabad,Dinner Set 24pc,Home & Kitchen,1,2437,,CUST-75724,App
UK-2026-103583,2026-05-17,South,Chennai,Leather Wallet,Fashion,1,918,918,CUST-60190,App
UK-2026-102715,2026-04-21,East,Bhubaneswar,Silk Saree,Fashion,1,3502,3502,CUST-18536,Website
UK-2026-103559,2026-05-12,North,Delhi,43-inch Smart TV   ,Electronics,1,26299,26299,CUST-96565,App
UK-2026-104173,2026-06-20,East,Bhubaneswar,Yoga Mat Pro,Sports,2,1222,2444,CUST-51120,Marketplace
UK-2026-101704,2026-03-14,North,Noida,Cricket Bat English Willow,Sports,1,9424,9424,CUST-13632,App
UK-2026-104676,2026-06-06,South,Bangalore,Vitamin C Serum,Beauty,1,701,701,CUST-40536,Website
UK-2026-103156,2026-05-30,North,Chandigarh,Wireless Earbuds Pro,Electronics,1,2963,2963,CUST-80036,App
UK-2026-104313,2026-06-25,West,Ahmedabad,Mixer Grinder 750W,Home & Kitchen,1,3315,3315,CUST-72369,Marketplace
